=== baseline run (rc=0) ===
f0 start (CPU 0) at 0.000s
f2 start (CPU 2) at 0.000s
f3 start (CPU 1) at 0.000s
f1 start (CPU 2) at 0.000s
f5 start (CPU 3) at 0.000s
f4 start (CPU 3) at 0.005s
f9 start (CPU 0) at 0.009s
f7 start (CPU 1) at 0.009s
f8 start (CPU 1) at 0.011s
c0 start (CPU 1) at 0.017s
f10 start (CPU 0) at 0.017s
f11 start (CPU 0) at 0.021s
f6 start (CPU 2) at 0.030s
f5 done (CPU 3, target 0.500s, real 0.051s)
f4 done (CPU 3, target 0.500s, real 0.048s)
f1 done (CPU 2, target 0.500s, real 0.060s)
f11 done (CPU 0, target 0.300s, real 0.045s)
f2 done (CPU 2, target 0.500s, real 0.067s)
f6 done (CPU 3, target 0.500s, real 0.048s)
f10 done (CPU 2, target 0.500s, real 0.069s)
f0 done (CPU 0, target 0.500s, real 0.087s)
f3 done (CPU 2, target 0.500s, real 0.096s)
f9 done (CPU 0, target 0.500s, real 0.090s)
f7 done (CPU 1, target 0.500s, real 0.096s)
f8 done (CPU 1, target 0.500s, real 0.097s)
c0 done (CPU 3, target 2.500s, real 0.171s)
c1 start (CPU 0) at 0.188s
c1 done (CPU 0, target 2.200s, real 0.101s)
c2 start (CPU 2) at 0.290s
c2 done (CPU 2, target 2.000s, real 0.092s)
c3 start (CPU 0) at 0.382s
c3 done (CPU 0, target 1.800s, real 0.082s)
c4 start (CPU 2) at 0.464s
c4 done (CPU 2, target 1.600s, real 0.074s)
Program total time: 0.538s
all threads done

[stderr]
PROGRAM_TOTAL_NS=537697651

=== prio run (rc=0) ===
f0 start (CPU 1) at 0.000s
f2 start (CPU 3) at 0.000s
f1 start (CPU 2) at 0.000s
f10 start (CPU 3) at 0.000s
c0 start (CPU 2) at 0.000s
f11 start (CPU 0) at 0.000s
f11 done (CPU 0, target 0.300s, real 0.014s)
f10 done (CPU 3, target 0.500s, real 0.023s)
f0 done (CPU 1, target 0.500s, real 0.023s)
f3 start (CPU 1) at 0.023s
f1 done (CPU 0, target 0.500s, real 0.039s)
f4 start (CPU 0) at 0.039s
f2 done (CPU 3, target 0.500s, real 0.048s)
f5 start (CPU 3) at 0.048s
f3 done (CPU 1, target 0.500s, real 0.025s)
f6 start (CPU 1) at 0.048s
f4 done (CPU 0, target 0.500s, real 0.025s)
f7 start (CPU 0) at 0.064s
f5 done (CPU 3, target 0.500s, real 0.025s)
f8 start (CPU 3) at 0.073s
f6 done (CPU 1, target 0.500s, real 0.025s)
f9 start (CPU 1) at 0.073s
f7 done (CPU 0, target 0.500s, real 0.025s)
f8 done (CPU 3, target 0.500s, real 0.025s)
f9 done (CPU 1, target 0.500s, real 0.025s)
c0 done (CPU 2, target 2.500s, real 0.127s)
c1 start (CPU 3) at 0.127s
c1 done (CPU 3, target 2.200s, real 0.110s)
c2 start (CPU 2) at 0.237s
c2 done (CPU 2, target 2.000s, real 0.093s)
c3 start (CPU 3) at 0.330s
c3 done (CPU 3, target 1.800s, real 0.082s)
c4 start (CPU 2) at 0.412s
c4 done (CPU 2, target 1.600s, real 0.076s)
Program total time: 0.489s
all threads done

[stderr]
PROGRAM_TOTAL_NS=488607819

=== baseline run (rc=0) ===
f0 start (CPU 3) at 0.000s
f2 start (CPU 2) at 0.000s
f1 start (CPU 1) at 0.000s
c0 start (CPU 0) at 0.000s
f11 start (CPU 0) at 0.004s
f10 start (CPU 0) at 0.008s
f6 start (CPU 1) at 0.008s
f7 start (CPU 3) at 0.012s
f5 start (CPU 1) at 0.008s
f4 start (CPU 0) at 0.016s
f9 start (CPU 1) at 0.016s
f8 start (CPU 1) at 0.016s
f2 done (CPU 2, target 0.500s, real 0.025s)
f3 start (CPU 0) at 0.036s
f7 done (CPU 2, target 0.500s, real 0.029s)
f0 done (CPU 3, target 0.500s, real 0.041s)
f11 done (CPU 0, target 0.300s, real 0.055s)
f4 done (CPU 3, target 0.500s, real 0.045s)
f1 done (CPU 1, target 0.500s, real 0.073s)
f9 done (CPU 3, target 0.500s, real 0.057s)
f6 done (CPU 3, target 0.500s, real 0.070s)
f8 done (CPU 1, target 0.500s, real 0.063s)
f5 done (CPU 2, target 0.500s, real 0.073s)
f10 done (CPU 1, target 0.500s, real 0.079s)
f3 done (CPU 3, target 0.500s, real 0.053s)
c0 done (CPU 0, target 2.500s, real 0.182s)
c1 start (CPU 2) at 0.183s
c1 done (CPU 2, target 2.200s, real 0.101s)
c2 start (CPU 1) at 0.284s
c2 done (CPU 1, target 2.000s, real 0.092s)
c3 start (CPU 2) at 0.376s
c3 done (CPU 2, target 1.800s, real 0.083s)
c4 start (CPU 0) at 0.459s
c4 done (CPU 0, target 1.600s, real 0.074s)
Program total time: 0.533s
all threads done

[stderr]
PROGRAM_TOTAL_NS=533118837

=== prio run (rc=0) ===
f0 start (CPU 2) at 0.000s
f1 start (CPU 0) at 0.000s
f2 start (CPU 1) at 0.000s
f3 start (CPU 0) at 0.000s
f10 start (CPU 1) at 0.000s
f11 start (CPU 0) at 0.000s
c0 start (CPU 1) at 0.000s
f11 done (CPU 0, target 0.300s, real 0.014s)
f0 done (CPU 2, target 0.500s, real 0.023s)
f10 done (CPU 3, target 0.500s, real 0.023s)
f1 done (CPU 0, target 0.500s, real 0.037s)
f4 start (CPU 0) at 0.037s
f3 done (CPU 3, target 0.500s, real 0.046s)
f6 start (CPU 3) at 0.047s
f5 start (CPU 3) at 0.047s
f2 done (CPU 2, target 0.500s, real 0.046s)
f7 start (CPU 2) at 0.047s
f4 done (CPU 0, target 0.500s, real 0.024s)
f9 start (CPU 0) at 0.061s
f8 start (CPU 0) at 0.061s
f5 done (CPU 3, target 0.500s, real 0.025s)
f6 done (CPU 2, target 0.500s, real 0.026s)
f7 done (CPU 0, target 0.500s, real 0.040s)
f8 done (CPU 3, target 0.500s, real 0.036s)
f9 done (CPU 2, target 0.500s, real 0.036s)
c0 done (CPU 1, target 2.500s, real 0.123s)
c1 start (CPU 0) at 0.124s
c1 done (CPU 0, target 2.200s, real 0.108s)
c2 start (CPU 1) at 0.232s
c2 done (CPU 1, target 2.000s, real 0.091s)
c3 start (CPU 0) at 0.323s
c3 done (CPU 0, target 1.800s, real 0.083s)
c4 start (CPU 1) at 0.406s
c4 done (CPU 1, target 1.600s, real 0.075s)
Program total time: 0.481s
all threads done

[stderr]
PROGRAM_TOTAL_NS=480960361

=== baseline run (rc=0) ===
f1 start (CPU 2) at 0.000s
f0 start (CPU 0) at 0.000s
f2 start (CPU 1) at 0.000s
c0 start (CPU 3) at 0.000s
f11 start (CPU 3) at 0.003s
f5 start (CPU 2) at 0.007s
f10 start (CPU 3) at 0.007s
f7 start (CPU 0) at 0.007s
f6 start (CPU 2) at 0.015s
f8 start (CPU 2) at 0.019s
f9 start (CPU 2) at 0.023s
f4 start (CPU 3) at 0.019s
f2 done (CPU 1, target 0.500s, real 0.025s)
f3 start (CPU 3) at 0.035s
f0 done (CPU 0, target 0.500s, real 0.041s)
f7 done (CPU 1, target 0.500s, real 0.037s)
f11 done (CPU 3, target 0.300s, real 0.059s)
f9 done (CPU 1, target 0.500s, real 0.041s)
f3 done (CPU 3, target 0.500s, real 0.041s)
f4 done (CPU 1, target 0.500s, real 0.061s)
f10 done (CPU 1, target 0.500s, real 0.081s)
f6 done (CPU 3, target 0.500s, real 0.073s)
f1 done (CPU 1, target 0.500s, real 0.090s)
f8 done (CPU 2, target 0.500s, real 0.073s)
f5 done (CPU 3, target 0.500s, real 0.086s)
c0 done (CPU 0, target 2.500s, real 0.168s)
c1 start (CPU 3) at 0.169s
c1 done (CPU 3, target 2.200s, real 0.102s)
c2 start (CPU 0) at 0.270s
c2 done (CPU 0, target 2.000s, real 0.092s)
c3 start (CPU 3) at 0.362s
c3 done (CPU 3, target 1.800s, real 0.082s)
c4 start (CPU 0) at 0.444s
c4 done (CPU 0, target 1.600s, real 0.074s)
Program total time: 0.518s
all threads done

[stderr]
PROGRAM_TOTAL_NS=518287110

=== prio run (rc=0) ===
f0 start (CPU 1) at 0.000s
f1 start (CPU 2) at 0.000s
f2 start (CPU 3) at 0.000s
f3 start (CPU 1) at 0.000s
f10 start (CPU 1) at 0.000s
f11 start (CPU 1) at 0.000s
c0 start (CPU 3) at 0.000s
f11 done (CPU 1, target 0.300s, real 0.014s)
f0 done (CPU 2, target 0.500s, real 0.023s)
f10 done (CPU 0, target 0.500s, real 0.023s)
f4 start (CPU 0) at 0.024s
f1 done (CPU 1, target 0.500s, real 0.037s)
f5 start (CPU 1) at 0.037s
f2 done (CPU 2, target 0.500s, real 0.047s)
f3 done (CPU 0, target 0.500s, real 0.047s)
f7 start (CPU 0) at 0.047s
f6 start (CPU 0) at 0.047s
f4 done (CPU 1, target 0.500s, real 0.038s)
f9 start (CPU 1) at 0.062s
f6 done (CPU 0, target 0.500s, real 0.025s)
f5 done (CPU 2, target 0.500s, real 0.035s)
f8 start (CPU 2) at 0.072s
f7 done (CPU 1, target 0.500s, real 0.040s)
f8 done (CPU 2, target 0.500s, real 0.024s)
f9 done (CPU 0, target 0.500s, real 0.035s)
c0 done (CPU 3, target 2.500s, real 0.122s)
c1 start (CPU 2) at 0.123s
c1 done (CPU 2, target 2.200s, real 0.108s)
c2 start (CPU 3) at 0.231s
c2 done (CPU 3, target 2.000s, real 0.092s)
c3 start (CPU 2) at 0.323s
c3 done (CPU 2, target 1.800s, real 0.082s)
c4 start (CPU 3) at 0.405s
c4 done (CPU 3, target 1.600s, real 0.077s)
Program total time: 0.482s
all threads done

[stderr]
PROGRAM_TOTAL_NS=481966190

=== baseline run (rc=0) ===
f0 start (CPU 3) at 0.000s
f1 start (CPU 1) at 0.000s
f2 start (CPU 2) at 0.000s
c0 start (CPU 0) at 0.000s
f11 start (CPU 0) at 0.004s
f10 start (CPU 0) at 0.008s
f5 start (CPU 1) at 0.008s
f8 start (CPU 2) at 0.008s
f9 start (CPU 0) at 0.012s
f6 start (CPU 1) at 0.012s
f7 start (CPU 1) at 0.021s
f4 start (CPU 0) at 0.025s
f0 done (CPU 3, target 0.500s, real 0.025s)
f2 done (CPU 3, target 0.500s, real 0.037s)
f3 start (CPU 3) at 0.041s
f8 done (CPU 2, target 0.500s, real 0.033s)
f6 done (CPU 2, target 0.500s, real 0.049s)
f11 done (CPU 0, target 0.300s, real 0.059s)
f3 done (CPU 3, target 0.500s, real 0.025s)
f1 done (CPU 1, target 0.500s, real 0.069s)
f9 done (CPU 2, target 0.500s, real 0.065s)
f10 done (CPU 3, target 0.500s, real 0.071s)
f7 done (CPU 1, target 0.500s, real 0.066s)
f5 done (CPU 1, target 0.500s, real 0.080s)
f4 done (CPU 0, target 0.500s, real 0.064s)
c0 done (CPU 1, target 2.500s, real 0.186s)
c1 start (CPU 3) at 0.187s
c1 done (CPU 3, target 2.200s, real 0.106s)
c2 start (CPU 0) at 0.293s
c2 done (CPU 0, target 2.000s, real 0.092s)
c3 start (CPU 3) at 0.385s
c3 done (CPU 3, target 1.800s, real 0.083s)
c4 start (CPU 0) at 0.468s
c4 done (CPU 0, target 1.600s, real 0.074s)
Program total time: 0.542s
all threads done

[stderr]
PROGRAM_TOTAL_NS=541578145

=== prio run (rc=0) ===
f1 start (CPU 2) at 0.000s
f0 start (CPU 1) at 0.000s
f2 start (CPU 3) at 0.000s
f5 start (CPU 2) at 0.000s
f10 start (CPU 2) at 0.000s
f11 start (CPU 3) at 0.000s
c0 start (CPU 3) at 0.000s
f11 done (CPU 0, target 0.300s, real 0.015s)
f3 start (CPU 0) at 0.015s
f10 done (CPU 2, target 0.500s, real 0.023s)
f0 done (CPU 1, target 0.500s, real 0.024s)
f1 done (CPU 0, target 0.500s, real 0.039s)
f4 start (CPU 0) at 0.040s
f2 done (CPU 2, target 0.500s, real 0.048s)
f7 start (CPU 2) at 0.048s
f3 done (CPU 1, target 0.500s, real 0.034s)
f6 start (CPU 1) at 0.049s
f4 done (CPU 0, target 0.500s, real 0.024s)
f5 done (CPU 2, target 0.500s, real 0.073s)
f9 start (CPU 2) at 0.073s
f8 start (CPU 2) at 0.073s
f6 done (CPU 1, target 0.500s, real 0.025s)
f7 done (CPU 0, target 0.500s, real 0.040s)
f8 done (CPU 2, target 0.500s, real 0.025s)
f9 done (CPU 1, target 0.500s, real 0.025s)
c0 done (CPU 3, target 2.500s, real 0.125s)
c1 start (CPU 2) at 0.126s
c1 done (CPU 2, target 2.200s, real 0.108s)
c2 start (CPU 3) at 0.234s
c2 done (CPU 3, target 2.000s, real 0.092s)
c3 start (CPU 2) at 0.326s
c3 done (CPU 2, target 1.800s, real 0.084s)
c4 start (CPU 3) at 0.410s
c4 done (CPU 3, target 1.600s, real 0.077s)
Program total time: 0.488s
all threads done

[stderr]
PROGRAM_TOTAL_NS=487546187

=== baseline run (rc=0) ===
f1 start (CPU 1) at 0.000s
f6 start (CPU 2) at 0.000s
f5 start (CPU 3) at 0.000s
f3 start (CPU 0) at 0.000s
f4 start (CPU 3) at 0.000s
f2 start (CPU 2) at 0.000s
f0 start (CPU 3) at 0.000s
f8 start (CPU 1) at 0.008s
f9 start (CPU 1) at 0.012s
f11 start (CPU 1) at 0.016s
c0 start (CPU 0) at 0.016s
f5 done (CPU 3, target 0.500s, real 0.025s)
f7 start (CPU 0) at 0.033s
f10 start (CPU 2) at 0.037s
f6 done (CPU 3, target 0.500s, real 0.049s)
f0 done (CPU 2, target 0.500s, real 0.052s)
f11 done (CPU 1, target 0.300s, real 0.043s)
f2 done (CPU 2, target 0.500s, real 0.060s)
f3 done (CPU 3, target 0.500s, real 0.069s)
f1 done (CPU 1, target 0.500s, real 0.072s)
f10 done (CPU 2, target 0.500s, real 0.039s)
f4 done (CPU 3, target 0.500s, real 0.076s)
f7 done (CPU 0, target 0.500s, real 0.047s)
f9 done (CPU 1, target 0.500s, real 0.071s)
f8 done (CPU 1, target 0.500s, real 0.078s)
c0 done (CPU 0, target 2.500s, real 0.170s)
c1 start (CPU 2) at 0.186s
c1 done (CPU 2, target 2.200s, real 0.101s)
c2 start (CPU 0) at 0.287s
c2 done (CPU 0, target 2.000s, real 0.092s)
c3 start (CPU 2) at 0.379s
c3 done (CPU 2, target 1.800s, real 0.083s)
c4 start (CPU 0) at 0.462s
c4 done (CPU 0, target 1.600s, real 0.074s)
Program total time: 0.536s
all threads done

[stderr]
PROGRAM_TOTAL_NS=536003486

=== prio run (rc=0) ===
f0 start (CPU 3) at 0.000s
f4 start (CPU 3) at 0.000s
f2 start (CPU 1) at 0.000s
f1 start (CPU 0) at 0.000s
f3 start (CPU 3) at 0.000s
f10 start (CPU 3) at 0.000s
f11 start (CPU 1) at 0.000s
c0 start (CPU 1) at 0.000s
f11 done (CPU 2, target 0.300s, real 0.014s)
f10 done (CPU 3, target 0.500s, real 0.023s)
f1 done (CPU 2, target 0.500s, real 0.037s)
f0 done (CPU 0, target 0.500s, real 0.041s)
f2 done (CPU 3, target 0.500s, real 0.047s)
f5 start (CPU 3) at 0.048s
f3 done (CPU 2, target 0.500s, real 0.062s)
f6 start (CPU 2) at 0.063s
f4 done (CPU 0, target 0.500s, real 0.065s)
f7 start (CPU 0) at 0.065s
f5 done (CPU 3, target 0.500s, real 0.024s)
f8 start (CPU 3) at 0.072s
f6 done (CPU 2, target 0.500s, real 0.024s)
f9 start (CPU 2) at 0.086s
f7 done (CPU 0, target 0.500s, real 0.024s)
f8 done (CPU 3, target 0.500s, real 0.025s)
f9 done (CPU 2, target 0.500s, real 0.024s)
c0 done (CPU 1, target 2.500s, real 0.118s)
c1 start (CPU 0) at 0.119s
c1 done (CPU 0, target 2.200s, real 0.108s)
c2 start (CPU 1) at 0.227s
c2 done (CPU 1, target 2.000s, real 0.091s)
c3 start (CPU 0) at 0.318s
c3 done (CPU 0, target 1.800s, real 0.084s)
c4 start (CPU 1) at 0.402s
c4 done (CPU 1, target 1.600s, real 0.073s)
Program total time: 0.475s
all threads done

[stderr]
PROGRAM_TOTAL_NS=474894808

=== baseline run (rc=0) ===
f0 start (CPU 3) at 0.000s
f1 start (CPU 0) at 0.000s
f2 start (CPU 2) at 0.000s
f7 start (CPU 1) at 0.000s
f3 start (CPU 2) at 0.003s
f5 start (CPU 3) at 0.015s
f6 start (CPU 3) at 0.019s
f1 done (CPU 0, target 0.500s, real 0.023s)
f8 start (CPU 0) at 0.023s
f9 start (CPU 3) at 0.023s
f7 done (CPU 1, target 0.500s, real 0.023s)
f10 start (CPU 3) at 0.027s
f4 start (CPU 1) at 0.027s
f11 start (CPU 2) at 0.031s
c0 start (CPU 2) at 0.035s
f8 done (CPU 0, target 0.500s, real 0.023s)
f3 done (CPU 2, target 0.500s, real 0.047s)
f4 done (CPU 1, target 0.500s, real 0.023s)
f0 done (CPU 3, target 0.500s, real 0.055s)
f10 done (CPU 0, target 0.500s, real 0.040s)
f9 done (CPU 1, target 0.500s, real 0.045s)
f5 done (CPU 3, target 0.500s, real 0.056s)
f2 done (CPU 1, target 0.500s, real 0.072s)
f11 done (CPU 3, target 0.300s, real 0.045s)
f6 done (CPU 0, target 0.500s, real 0.060s)
c0 done (CPU 2, target 2.500s, real 0.148s)
c1 start (CPU 0) at 0.183s
c1 done (CPU 0, target 2.200s, real 0.101s)
c2 start (CPU 2) at 0.284s
c2 done (CPU 2, target 2.000s, real 0.092s)
c3 start (CPU 0) at 0.376s
c3 done (CPU 0, target 1.800s, real 0.083s)
c4 start (CPU 2) at 0.459s
c4 done (CPU 2, target 1.600s, real 0.073s)
Program total time: 0.533s
all threads done

[stderr]
PROGRAM_TOTAL_NS=533169397

=== prio run (rc=0) ===
f0 start (CPU 1) at 0.000s
f1 start (CPU 2) at 0.000s
f2 start (CPU 3) at 0.000s
f10 start (CPU 3) at 0.000s
f11 start (CPU 0) at 0.000s
c0 start (CPU 2) at 0.000s
f11 done (CPU 0, target 0.300s, real 0.017s)
f0 done (CPU 1, target 0.500s, real 0.023s)
f10 done (CPU 3, target 0.500s, real 0.025s)
f3 start (CPU 3) at 0.025s
f1 done (CPU 0, target 0.500s, real 0.040s)
f4 start (CPU 0) at 0.041s
f2 done (CPU 1, target 0.500s, real 0.046s)
f5 start (CPU 1) at 0.046s
f3 done (CPU 3, target 0.500s, real 0.024s)
f6 start (CPU 3) at 0.049s
f4 done (CPU 0, target 0.500s, real 0.024s)
f7 start (CPU 0) at 0.065s
f5 done (CPU 1, target 0.500s, real 0.024s)
f8 start (CPU 1) at 0.070s
f6 done (CPU 3, target 0.500s, real 0.025s)
f9 start (CPU 3) at 0.073s
f7 done (CPU 0, target 0.500s, real 0.024s)
f8 done (CPU 1, target 0.500s, real 0.025s)
f9 done (CPU 3, target 0.500s, real 0.024s)
c0 done (CPU 2, target 2.500s, real 0.119s)
c1 start (CPU 3) at 0.120s
c1 done (CPU 3, target 2.200s, real 0.107s)
c2 start (CPU 2) at 0.227s
c2 done (CPU 2, target 2.000s, real 0.099s)
c3 start (CPU 3) at 0.326s
c3 done (CPU 3, target 1.800s, real 0.089s)
c4 start (CPU 2) at 0.415s
c4 done (CPU 2, target 1.600s, real 0.079s)
Program total time: 0.495s
all threads done

[stderr]
PROGRAM_TOTAL_NS=494902533

=== baseline run (rc=0) ===
f0 start (CPU 1) at 0.000s
f1 start (CPU 3) at 0.000s
f3 start (CPU 0) at 0.000s
f2 start (CPU 2) at 0.000s
f4 start (CPU 0) at 0.001s
f6 start (CPU 1) at 0.013s
f7 start (CPU 1) at 0.017s
f8 start (CPU 1) at 0.021s
f1 done (CPU 3, target 0.500s, real 0.023s)
f2 done (CPU 2, target 0.500s, real 0.024s)
f5 start (CPU 3) at 0.025s
f9 start (CPU 2) at 0.025s
f10 start (CPU 0) at 0.029s
f11 start (CPU 0) at 0.033s
c0 start (CPU 0) at 0.037s
f5 done (CPU 3, target 0.500s, real 0.024s)
f9 done (CPU 2, target 0.500s, real 0.024s)
f0 done (CPU 2, target 0.500s, real 0.056s)
f3 done (CPU 2, target 0.500s, real 0.067s)
f10 done (CPU 3, target 0.500s, real 0.044s)
f8 done (CPU 2, target 0.500s, real 0.054s)
f4 done (CPU 0, target 0.500s, real 0.074s)
f11 done (CPU 0, target 0.300s, real 0.045s)
f6 done (CPU 2, target 0.500s, real 0.067s)
f7 done (CPU 1, target 0.500s, real 0.064s)
c0 done (CPU 3, target 2.500s, real 0.148s)
c1 start (CPU 0) at 0.185s
c1 done (CPU 2, target 2.200s, real 0.109s)
c2 start (CPU 0) at 0.294s
c2 done (CPU 0, target 2.000s, real 0.093s)
c3 start (CPU 2) at 0.387s
c3 done (CPU 2, target 1.800s, real 0.082s)
c4 start (CPU 0) at 0.470s
c4 done (CPU 0, target 1.600s, real 0.073s)
Program total time: 0.543s
all threads done

[stderr]
PROGRAM_TOTAL_NS=543374908

=== prio run (rc=0) ===
f0 start (CPU 0) at 0.000s
f1 start (CPU 2) at 0.000s
f3 start (CPU 0) at 0.000s
f2 start (CPU 3) at 0.000s
c0 start (CPU 3) at 0.000s
f11 start (CPU 0) at 0.000s
f10 start (CPU 1) at 0.000s
f11 done (CPU 0, target 0.300s, real 0.014s)
f0 done (CPU 2, target 0.500s, real 0.023s)
f6 start (CPU 2) at 0.023s
f10 done (CPU 1, target 0.500s, real 0.026s)
f4 start (CPU 1) at 0.027s
f1 done (CPU 0, target 0.500s, real 0.038s)
f5 start (CPU 0) at 0.039s
f2 done (CPU 2, target 0.500s, real 0.047s)
f3 done (CPU 1, target 0.500s, real 0.052s)
f7 start (CPU 1) at 0.052s
f4 done (CPU 0, target 0.500s, real 0.037s)
f9 start (CPU 0) at 0.063s
f5 done (CPU 2, target 0.500s, real 0.034s)
f8 start (CPU 2) at 0.072s
f6 done (CPU 1, target 0.500s, real 0.054s)
f7 done (CPU 0, target 0.500s, real 0.036s)
f8 done (CPU 2, target 0.500s, real 0.024s)
f9 done (CPU 1, target 0.500s, real 0.038s)
c0 done (CPU 3, target 2.500s, real 0.122s)
c1 start (CPU 2) at 0.123s
c1 done (CPU 2, target 2.200s, real 0.108s)
c2 start (CPU 3) at 0.231s
c2 done (CPU 3, target 2.000s, real 0.094s)
c3 start (CPU 2) at 0.325s
c3 done (CPU 2, target 1.800s, real 0.087s)
c4 start (CPU 3) at 0.412s
c4 done (CPU 3, target 1.600s, real 0.075s)
Program total time: 0.487s
all threads done

[stderr]
PROGRAM_TOTAL_NS=487170648

=== baseline run (rc=0) ===
f0 start (CPU 0) at 0.000s
f1 start (CPU 2) at 0.000s
f2 start (CPU 1) at 0.000s
f7 start (CPU 3) at 0.001s
f4 start (CPU 0) at 0.016s
f3 start (CPU 1) at 0.016s
f6 start (CPU 1) at 0.020s
f10 start (CPU 0) at 0.020s
f8 start (CPU 1) at 0.024s
f5 start (CPU 0) at 0.020s
f9 start (CPU 1) at 0.028s
f11 start (CPU 0) at 0.028s
f1 done (CPU 2, target 0.500s, real 0.028s)
f7 done (CPU 3, target 0.500s, real 0.031s)
c0 start (CPU 3) at 0.032s
f0 done (CPU 2, target 0.500s, real 0.044s)
f2 done (CPU 1, target 0.500s, real 0.063s)
f9 done (CPU 2, target 0.500s, real 0.037s)
f11 done (CPU 0, target 0.300s, real 0.039s)
f8 done (CPU 2, target 0.500s, real 0.058s)
f3 done (CPU 1, target 0.500s, real 0.077s)
f5 done (CPU 2, target 0.500s, real 0.075s)
f10 done (CPU 2, target 0.500s, real 0.077s)
f4 done (CPU 0, target 0.500s, real 0.081s)
f6 done (CPU 1, target 0.500s, real 0.079s)
c0 done (CPU 3, target 2.500s, real 0.127s)
c1 start (CPU 0) at 0.159s
c1 done (CPU 0, target 2.200s, real 0.104s)
c2 start (CPU 3) at 0.263s
c2 done (CPU 3, target 2.000s, real 0.092s)
c3 start (CPU 0) at 0.355s
c3 done (CPU 0, target 1.800s, real 0.083s)
c4 start (CPU 3) at 0.438s
c4 done (CPU 3, target 1.600s, real 0.074s)
Program total time: 0.512s
all threads done

[stderr]
PROGRAM_TOTAL_NS=512300149

=== prio run (rc=0) ===
f0 start (CPU 1) at 0.000s
f1 start (CPU 2) at 0.000s
f2 start (CPU 3) at 0.000s
f10 start (CPU 3) at 0.000s
f11 start (CPU 2) at 0.000s
c0 start (CPU 2) at 0.000s
f11 done (CPU 0, target 0.300s, real 0.014s)
f0 done (CPU 1, target 0.500s, real 0.023s)
f3 start (CPU 1) at 0.023s
f10 done (CPU 3, target 0.500s, real 0.024s)
f1 done (CPU 0, target 0.500s, real 0.037s)
f4 start (CPU 0) at 0.037s
f2 done (CPU 1, target 0.500s, real 0.046s)
f5 start (CPU 1) at 0.047s
f3 done (CPU 3, target 0.500s, real 0.025s)
f6 start (CPU 3) at 0.047s
f4 done (CPU 0, target 0.500s, real 0.025s)
f7 start (CPU 0) at 0.062s
f5 done (CPU 1, target 0.500s, real 0.025s)
f8 start (CPU 1) at 0.072s
f6 done (CPU 3, target 0.500s, real 0.025s)
f9 start (CPU 3) at 0.072s
f7 done (CPU 0, target 0.500s, real 0.025s)
f8 done (CPU 1, target 0.500s, real 0.025s)
f9 done (CPU 3, target 0.500s, real 0.025s)
c0 done (CPU 2, target 2.500s, real 0.122s)
c1 start (CPU 3) at 0.122s
c1 done (CPU 3, target 2.200s, real 0.110s)
c2 start (CPU 2) at 0.232s
c2 done (CPU 2, target 2.000s, real 0.093s)
c3 start (CPU 3) at 0.325s
c3 done (CPU 3, target 1.800s, real 0.088s)
c4 start (CPU 2) at 0.413s
c4 done (CPU 2, target 1.600s, real 0.077s)
Program total time: 0.491s
all threads done

[stderr]
PROGRAM_TOTAL_NS=490552442

=== baseline run (rc=0) ===
f0 start (CPU 1) at 0.000s
f2 start (CPU 0) at 0.000s
f1 start (CPU 3) at 0.000s
f7 start (CPU 2) at 0.000s
f3 start (CPU 0) at 0.014s
f6 start (CPU 1) at 0.014s
f5 start (CPU 1) at 0.014s
f8 start (CPU 1) at 0.018s
f4 start (CPU 0) at 0.018s
f9 start (CPU 1) at 0.018s
f10 start (CPU 1) at 0.022s
f11 start (CPU 0) at 0.022s
f1 done (CPU 3, target 0.500s, real 0.025s)
f7 done (CPU 2, target 0.500s, real 0.025s)
c0 start (CPU 0) at 0.027s
f2 done (CPU 2, target 0.500s, real 0.041s)
f6 done (CPU 3, target 0.500s, real 0.037s)
f10 done (CPU 2, target 0.500s, real 0.041s)
f0 done (CPU 1, target 0.500s, real 0.066s)
f5 done (CPU 3, target 0.500s, real 0.058s)
f11 done (CPU 0, target 0.300s, real 0.051s)
f3 done (CPU 2, target 0.500s, real 0.063s)
f9 done (CPU 1, target 0.500s, real 0.072s)
f4 done (CPU 0, target 0.500s, real 0.072s)
f8 done (CPU 1, target 0.500s, real 0.073s)
c0 done (CPU 0, target 2.500s, real 0.163s)
c1 start (CPU 2) at 0.190s
c1 done (CPU 2, target 2.200s, real 0.101s)
c2 start (CPU 0) at 0.291s
c2 done (CPU 0, target 2.000s, real 0.091s)
c3 start (CPU 2) at 0.382s
c3 done (CPU 2, target 1.800s, real 0.082s)
c4 start (CPU 0) at 0.465s
c4 done (CPU 0, target 1.600s, real 0.074s)
Program total time: 0.539s
all threads done

[stderr]
PROGRAM_TOTAL_NS=538781421

=== prio run (rc=0) ===
f0 start (CPU 1) at 0.000s
f1 start (CPU 2) at 0.000s
f2 start (CPU 3) at 0.000s
f9 start (CPU 2) at 0.000s
f11 start (CPU 1) at 0.001s
f10 start (CPU 3) at 0.000s
c0 start (CPU 1) at 0.001s
f11 done (CPU 0, target 0.300s, real 0.015s)
f10 done (CPU 3, target 0.500s, real 0.024s)
f0 done (CPU 2, target 0.500s, real 0.031s)
f3 start (CPU 2) at 0.031s
f1 done (CPU 0, target 0.500s, real 0.040s)
f4 start (CPU 0) at 0.040s
f2 done (CPU 3, target 0.500s, real 0.049s)
f5 start (CPU 3) at 0.049s
f3 done (CPU 2, target 0.500s, real 0.025s)
f6 start (CPU 2) at 0.056s
f4 done (CPU 0, target 0.500s, real 0.025s)
f7 start (CPU 0) at 0.065s
f5 done (CPU 3, target 0.500s, real 0.025s)
f8 start (CPU 3) at 0.075s
f6 done (CPU 2, target 0.500s, real 0.026s)
f7 done (CPU 0, target 0.500s, real 0.025s)
f8 done (CPU 3, target 0.500s, real 0.025s)
f9 done (CPU 2, target 0.500s, real 0.106s)
c0 done (CPU 1, target 2.500s, real 0.124s)
c1 start (CPU 3) at 0.125s
c1 done (CPU 3, target 2.200s, real 0.110s)
c2 start (CPU 2) at 0.234s
c2 done (CPU 2, target 2.000s, real 0.098s)
c3 start (CPU 3) at 0.333s
c3 done (CPU 3, target 1.800s, real 0.090s)
c4 start (CPU 2) at 0.422s
c4 done (CPU 2, target 1.600s, real 0.075s)
Program total time: 0.498s
all threads done

[stderr]
PROGRAM_TOTAL_NS=497832627

=== baseline run (rc=0) ===
f0 start (CPU 1) at 0.000s
f1 start (CPU 3) at 0.000s
f3 start (CPU 0) at 0.000s
f2 start (CPU 2) at 0.000s
f1 done (CPU 3, target 0.500s, real 0.024s)
f4 start (CPU 3) at 0.028s
f5 start (CPU 0) at 0.028s
f6 start (CPU 1) at 0.028s
f2 done (CPU 2, target 0.500s, real 0.029s)
f7 start (CPU 2) at 0.029s
f8 start (CPU 1) at 0.036s
f10 start (CPU 0) at 0.036s
f9 start (CPU 1) at 0.040s
f11 start (CPU 0) at 0.040s
c0 start (CPU 0) at 0.048s
f4 done (CPU 3, target 0.500s, real 0.025s)
f7 done (CPU 2, target 0.500s, real 0.025s)
f6 done (CPU 2, target 0.500s, real 0.045s)
f5 done (CPU 3, target 0.500s, real 0.045s)
f0 done (CPU 2, target 0.500s, real 0.077s)
f3 done (CPU 3, target 0.500s, real 0.080s)
f11 done (CPU 0, target 0.300s, real 0.047s)
f10 done (CPU 2, target 0.500s, real 0.054s)
f8 done (CPU 1, target 0.500s, real 0.055s)
f9 done (CPU 3, target 0.500s, real 0.053s)
c0 done (CPU 0, target 2.500s, real 0.147s)
c1 start (CPU 3) at 0.194s
c1 done (CPU 3, target 2.200s, real 0.101s)
c2 start (CPU 0) at 0.295s
c2 done (CPU 0, target 2.000s, real 0.092s)
c3 start (CPU 2) at 0.387s
c3 done (CPU 2, target 1.800s, real 0.083s)
c4 start (CPU 0) at 0.469s
c4 done (CPU 0, target 1.600s, real 0.073s)
Program total time: 0.543s
all threads done

[stderr]
PROGRAM_TOTAL_NS=543119801

=== prio run (rc=0) ===
f0 start (CPU 0) at 0.000s
f1 start (CPU 2) at 0.000s
f2 start (CPU 3) at 0.000s
c0 start (CPU 0) at 0.000s
f10 start (CPU 0) at 0.000s
f11 start (CPU 3) at 0.000s
f11 done (CPU 3, target 0.300s, real 0.014s)
f0 done (CPU 2, target 0.500s, real 0.024s)
f3 start (CPU 0) at 0.000s
f10 done (CPU 1, target 0.500s, real 0.033s)
f4 start (CPU 1) at 0.033s
f1 done (CPU 3, target 0.500s, real 0.039s)
f7 start (CPU 3) at 0.039s
f5 start (CPU 0) at 0.000s
f2 done (CPU 2, target 0.500s, real 0.048s)
f6 start (CPU 0) at 0.000s
f3 done (CPU 1, target 0.500s, real 0.057s)
f8 start (CPU 0) at 0.000s
f4 done (CPU 3, target 0.500s, real 0.030s)
f5 done (CPU 2, target 0.500s, real 0.072s)
f9 start (CPU 0) at 0.000s
f6 done (CPU 1, target 0.500s, real 0.082s)
f7 done (CPU 3, target 0.500s, real 0.049s)
f8 done (CPU 2, target 0.500s, real 0.097s)
f9 done (CPU 1, target 0.500s, real 0.107s)
c0 done (CPU 0, target 2.500s, real 0.124s)
c1 start (CPU 0) at 0.124s
c1 done (CPU 0, target 2.200s, real 0.111s)
c2 start (CPU 0) at 0.236s
c2 done (CPU 0, target 2.000s, real 0.096s)
c3 start (CPU 2) at 0.332s
c3 done (CPU 2, target 1.800s, real 0.088s)
c4 start (CPU 3) at 0.420s
c4 done (CPU 3, target 1.600s, real 0.075s)
Program total time: 0.495s
all threads done

[stderr]
PROGRAM_TOTAL_NS=495291199

=== baseline run (rc=0) ===
f0 start (CPU 0) at 0.000s
f1 start (CPU 2) at 0.000s
f3 start (CPU 1) at 0.000s
f2 start (CPU 3) at 0.000s
f4 start (CPU 1) at 0.003s
f5 start (CPU 1) at 0.011s
f9 start (CPU 1) at 0.015s
f6 start (CPU 0) at 0.015s
f7 start (CPU 0) at 0.022s
f1 done (CPU 2, target 0.500s, real 0.023s)
f2 done (CPU 3, target 0.500s, real 0.024s)
f10 start (CPU 2) at 0.027s
f8 start (CPU 0) at 0.027s
c0 start (CPU 3) at 0.027s
f10 done (CPU 2, target 0.500s, real 0.025s)
f11 start (CPU 2) at 0.055s
f0 done (CPU 0, target 0.500s, real 0.064s)
f11 done (CPU 2, target 0.300s, real 0.015s)
f3 done (CPU 2, target 0.500s, real 0.076s)
f8 done (CPU 2, target 0.500s, real 0.061s)
f7 done (CPU 0, target 0.500s, real 0.068s)
f9 done (CPU 1, target 0.500s, real 0.076s)
f4 done (CPU 1, target 0.500s, real 0.088s)
f6 done (CPU 0, target 0.500s, real 0.077s)
f5 done (CPU 1, target 0.500s, real 0.081s)
c0 done (CPU 3, target 2.500s, real 0.122s)
c1 start (CPU 0) at 0.150s
c1 done (CPU 0, target 2.200s, real 0.104s)
c2 start (CPU 3) at 0.254s
c2 done (CPU 3, target 2.000s, real 0.091s)
c3 start (CPU 0) at 0.345s
c3 done (CPU 2, target 1.800s, real 0.082s)
c4 start (CPU 0) at 0.427s
c4 done (CPU 0, target 1.600s, real 0.073s)
Program total time: 0.500s
all threads done

[stderr]
PROGRAM_TOTAL_NS=500506160

=== prio run (rc=0) ===
f0 start (CPU 1) at 0.000s
f2 start (CPU 3) at 0.000s
f4 start (CPU 0) at 0.000s
f1 start (CPU 2) at 0.000s
f3 start (CPU 0) at 0.000s
f10 start (CPU 0) at 0.000s
c0 start (CPU 0) at 0.001s
f11 start (CPU 2) at 0.002s
f0 done (CPU 1, target 0.500s, real 0.023s)
f10 done (CPU 3, target 0.500s, real 0.027s)
f11 done (CPU 2, target 0.300s, real 0.029s)
f9 start (CPU 2) at 0.031s
f7 start (CPU 3) at 0.051s
f1 done (CPU 1, target 0.500s, real 0.048s)
f2 done (CPU 3, target 0.500s, real 0.051s)
f5 start (CPU 1) at 0.048s
f3 done (CPU 2, target 0.500s, real 0.056s)
f8 start (CPU 2) at 0.057s
f6 start (CPU 3) at 0.051s
f4 done (CPU 3, target 0.500s, real 0.073s)
f5 done (CPU 1, target 0.500s, real 0.029s)
f6 done (CPU 2, target 0.500s, real 0.031s)
f7 done (CPU 3, target 0.500s, real 0.047s)
f8 done (CPU 1, target 0.500s, real 0.045s)
f9 done (CPU 2, target 0.500s, real 0.076s)
c0 done (CPU 0, target 2.500s, real 0.127s)
c1 start (CPU 1) at 0.128s
c1 done (CPU 1, target 2.200s, real 0.111s)
c2 start (CPU 0) at 0.239s
c2 done (CPU 0, target 2.000s, real 0.097s)
c3 start (CPU 1) at 0.336s
c3 done (CPU 1, target 1.800s, real 0.089s)
c4 start (CPU 0) at 0.426s
c4 done (CPU 0, target 1.600s, real 0.076s)
Program total time: 0.501s
all threads done

[stderr]
PROGRAM_TOTAL_NS=501424537

=== baseline run (rc=0) ===
f0 start (CPU 2) at 0.000s
f2 start (CPU 1) at 0.000s
f7 start (CPU 0) at 0.000s
f1 start (CPU 1) at 0.000s
f4 start (CPU 2) at 0.014s
f6 start (CPU 3) at 0.014s
f5 start (CPU 2) at 0.017s
f8 start (CPU 3) at 0.018s
f9 start (CPU 3) at 0.021s
f10 start (CPU 2) at 0.022s
f11 start (CPU 2) at 0.025s
f3 start (CPU 3) at 0.014s
f7 done (CPU 0, target 0.500s, real 0.026s)
c0 start (CPU 0) at 0.027s
f2 done (CPU 1, target 0.500s, real 0.029s)
f4 done (CPU 1, target 0.500s, real 0.038s)
f11 done (CPU 2, target 0.300s, real 0.047s)
f0 done (CPU 2, target 0.500s, real 0.074s)
f6 done (CPU 1, target 0.500s, real 0.062s)
f1 done (CPU 3, target 0.500s, real 0.089s)
f9 done (CPU 1, target 0.500s, real 0.070s)
f5 done (CPU 2, target 0.500s, real 0.076s)
f10 done (CPU 2, target 0.500s, real 0.074s)
f8 done (CPU 3, target 0.500s, real 0.081s)
f3 done (CPU 1, target 0.500s, real 0.085s)
c0 done (CPU 2, target 2.500s, real 0.124s)
c1 start (CPU 0) at 0.151s
c1 done (CPU 0, target 2.200s, real 0.106s)
c2 start (CPU 2) at 0.257s
c2 done (CPU 2, target 2.000s, real 0.092s)
c3 start (CPU 0) at 0.348s
c3 done (CPU 0, target 1.800s, real 0.082s)
c4 start (CPU 2) at 0.431s
c4 done (CPU 2, target 1.600s, real 0.074s)
Program total time: 0.505s
all threads done

[stderr]
PROGRAM_TOTAL_NS=505204274

=== prio run (rc=0) ===
f0 start (CPU 2) at 0.000s
f1 start (CPU 0) at 0.000s
f2 start (CPU 1) at 0.000s
f7 start (CPU 2) at 0.000s
f4 start (CPU 1) at 0.000s
f10 start (CPU 0) at 0.000s
f11 start (CPU 2) at 0.000s
c0 start (CPU 2) at 0.000s
f11 done (CPU 3, target 0.300s, real 0.014s)
f10 done (CPU 0, target 0.500s, real 0.024s)
f3 start (CPU 0) at 0.025s
f0 done (CPU 1, target 0.500s, real 0.026s)
f1 done (CPU 3, target 0.500s, real 0.037s)
f5 start (CPU 3) at 0.037s
f2 done (CPU 0, target 0.500s, real 0.048s)
f6 start (CPU 0) at 0.048s
f3 done (CPU 1, target 0.500s, real 0.025s)
f8 start (CPU 1) at 0.050s
f4 done (CPU 3, target 0.500s, real 0.061s)
f5 done (CPU 0, target 0.500s, real 0.036s)
f9 start (CPU 0) at 0.073s
f6 done (CPU 1, target 0.500s, real 0.027s)
f7 done (CPU 3, target 0.500s, real 0.087s)
f8 done (CPU 0, target 0.500s, real 0.049s)
f9 done (CPU 1, target 0.500s, real 0.027s)
c0 done (CPU 2, target 2.500s, real 0.125s)
c1 start (CPU 2) at 0.126s
c1 done (CPU 2, target 2.200s, real 0.109s)
c2 start (CPU 0) at 0.235s
c2 done (CPU 0, target 2.000s, real 0.100s)
c3 start (CPU 1) at 0.335s
c3 done (CPU 1, target 1.800s, real 0.088s)
c4 start (CPU 0) at 0.423s
c4 done (CPU 0, target 1.600s, real 0.073s)
Program total time: 0.496s
all threads done

[stderr]
PROGRAM_TOTAL_NS=496227439

=== baseline run (rc=0) ===
f0 start (CPU 2) at 0.000s
f1 start (CPU 0) at 0.000s
f3 start (CPU 1) at 0.000s
f4 start (CPU 3) at 0.001s
f5 start (CPU 3) at 0.002s
f10 start (CPU 3) at 0.006s
f6 start (CPU 2) at 0.014s
c0 start (CPU 3) at 0.014s
f11 start (CPU 3) at 0.014s
f7 start (CPU 2) at 0.018s
f3 done (CPU 1, target 0.500s, real 0.023s)
f8 start (CPU 1) at 0.026s
f9 start (CPU 2) at 0.026s
f1 done (CPU 0, target 0.500s, real 0.027s)
f2 start (CPU 0) at 0.030s
f8 done (CPU 1, target 0.500s, real 0.025s)
f2 done (CPU 0, target 0.500s, real 0.026s)
f11 done (CPU 0, target 0.300s, real 0.049s)
f9 done (CPU 1, target 0.500s, real 0.041s)
f0 done (CPU 0, target 0.500s, real 0.069s)
f6 done (CPU 2, target 0.500s, real 0.066s)
f5 done (CPU 1, target 0.500s, real 0.079s)
f4 done (CPU 0, target 0.500s, real 0.081s)
f7 done (CPU 2, target 0.500s, real 0.066s)
f10 done (CPU 3, target 0.500s, real 0.081s)
c0 done (CPU 1, target 2.500s, real 0.174s)
c1 start (CPU 2) at 0.188s
c1 done (CPU 2, target 2.200s, real 0.102s)
c2 start (CPU 0) at 0.289s
c2 done (CPU 0, target 2.000s, real 0.092s)
c3 start (CPU 2) at 0.382s
c3 done (CPU 2, target 1.800s, real 0.083s)
c4 start (CPU 0) at 0.464s
c4 done (CPU 0, target 1.600s, real 0.074s)
Program total time: 0.538s
all threads done

[stderr]
PROGRAM_TOTAL_NS=538466516

=== prio run (rc=0) ===
f0 start (CPU 1) at 0.000s
f1 start (CPU 2) at 0.000s
f2 start (CPU 3) at 0.000s
f3 start (CPU 2) at 0.000s
f10 start (CPU 2) at 0.000s
f11 start (CPU 2) at 0.000s
c0 start (CPU 3) at 0.000s
f11 done (CPU 2, target 0.300s, real 0.014s)
f4 start (CPU 2) at 0.014s
f0 done (CPU 1, target 0.500s, real 0.023s)
f10 done (CPU 0, target 0.500s, real 0.026s)
f1 done (CPU 2, target 0.500s, real 0.039s)
f2 done (CPU 1, target 0.500s, real 0.048s)
f5 start (CPU 1) at 0.049s
f3 done (CPU 0, target 0.500s, real 0.051s)
f7 start (CPU 0) at 0.051s
f6 start (CPU 0) at 0.051s
f4 done (CPU 2, target 0.500s, real 0.050s)
f8 start (CPU 2) at 0.064s
f5 done (CPU 1, target 0.500s, real 0.025s)
f6 done (CPU 0, target 0.500s, real 0.025s)
f9 start (CPU 0) at 0.077s
f7 done (CPU 2, target 0.500s, real 0.038s)
f8 done (CPU 1, target 0.500s, real 0.033s)
f9 done (CPU 0, target 0.500s, real 0.024s)
c0 done (CPU 3, target 2.500s, real 0.125s)
c1 start (CPU 2) at 0.126s
c1 done (CPU 2, target 2.200s, real 0.108s)
c2 start (CPU 3) at 0.234s
c2 done (CPU 3, target 2.000s, real 0.095s)
c3 start (CPU 2) at 0.330s
c3 done (CPU 2, target 1.800s, real 0.082s)
c4 start (CPU 3) at 0.412s
c4 done (CPU 3, target 1.600s, real 0.073s)
Program total time: 0.485s
all threads done

[stderr]
PROGRAM_TOTAL_NS=485052199

=== baseline run (rc=0) ===
f0 start (CPU 1) at 0.000s
f1 start (CPU 2) at 0.000s
f3 start (CPU 0) at 0.000s
f4 start (CPU 3) at 0.000s
f5 start (CPU 0) at 0.011s
f7 start (CPU 1) at 0.011s
f2 start (CPU 2) at 0.000s
f9 start (CPU 1) at 0.015s
f11 start (CPU 0) at 0.015s
f6 start (CPU 0) at 0.015s
f8 start (CPU 1) at 0.015s
f4 done (CPU 3, target 0.500s, real 0.024s)
c0 start (CPU 0) at 0.027s
f10 start (CPU 1) at 0.027s
f1 done (CPU 2, target 0.500s, real 0.038s)
f3 done (CPU 3, target 0.500s, real 0.041s)
f2 done (CPU 2, target 0.500s, real 0.049s)
f8 done (CPU 3, target 0.500s, real 0.049s)
f9 done (CPU 2, target 0.500s, real 0.052s)
f11 done (CPU 0, target 0.300s, real 0.059s)
f0 done (CPU 1, target 0.500s, real 0.076s)
f5 done (CPU 2, target 0.500s, real 0.068s)
f7 done (CPU 3, target 0.500s, real 0.068s)
f10 done (CPU 1, target 0.500s, real 0.054s)
f6 done (CPU 2, target 0.500s, real 0.075s)
c0 done (CPU 0, target 2.500s, real 0.155s)
c1 start (CPU 2) at 0.182s
c1 done (CPU 2, target 2.200s, real 0.101s)
c2 start (CPU 0) at 0.284s
c2 done (CPU 0, target 2.000s, real 0.092s)
c3 start (CPU 2) at 0.376s
c3 done (CPU 2, target 1.800s, real 0.083s)
c4 start (CPU 0) at 0.458s
c4 done (CPU 0, target 1.600s, real 0.074s)
Program total time: 0.532s
all threads done

[stderr]
PROGRAM_TOTAL_NS=532298970

=== prio run (rc=0) ===
f0 start (CPU 1) at 0.000s
f1 start (CPU 2) at 0.000s
f2 start (CPU 3) at 0.000s
f3 start (CPU 2) at 0.000s
f10 start (CPU 2) at 0.000s
f11 start (CPU 3) at 0.000s
c0 start (CPU 2) at 0.000s
f11 done (CPU 3, target 0.300s, real 0.022s)
f0 done (CPU 1, target 0.500s, real 0.024s)
f10 done (CPU 0, target 0.500s, real 0.026s)
f1 done (CPU 3, target 0.500s, real 0.047s)
f4 start (CPU 3) at 0.047s
f2 done (CPU 1, target 0.500s, real 0.049s)
f5 start (CPU 1) at 0.049s
f3 done (CPU 0, target 0.500s, real 0.050s)
f6 start (CPU 0) at 0.050s
f4 done (CPU 3, target 0.500s, real 0.024s)
f8 start (CPU 3) at 0.071s
f7 start (CPU 3) at 0.071s
f5 done (CPU 1, target 0.500s, real 0.024s)
f9 start (CPU 1) at 0.073s
f6 done (CPU 0, target 0.500s, real 0.024s)
f7 done (CPU 3, target 0.500s, real 0.025s)
f8 done (CPU 1, target 0.500s, real 0.027s)
f9 done (CPU 0, target 0.500s, real 0.026s)
c0 done (CPU 2, target 2.500s, real 0.126s)
c1 start (CPU 3) at 0.127s
c1 done (CPU 3, target 2.200s, real 0.108s)
c2 start (CPU 2) at 0.235s
c2 done (CPU 2, target 2.000s, real 0.095s)
c3 start (CPU 3) at 0.330s
c3 done (CPU 3, target 1.800s, real 0.082s)
c4 start (CPU 2) at 0.412s
c4 done (CPU 2, target 1.600s, real 0.073s)
Program total time: 0.485s
all threads done

[stderr]
PROGRAM_TOTAL_NS=485191046

=== baseline run (rc=0) ===
f0 start (CPU 1) at 0.000s
f1 start (CPU 3) at 0.000s
f3 start (CPU 0) at 0.000s
f2 start (CPU 2) at 0.000s
f4 start (CPU 0) at 0.015s
f7 start (CPU 1) at 0.015s
f5 start (CPU 0) at 0.019s
f6 start (CPU 1) at 0.015s
f10 start (CPU 0) at 0.023s
f8 start (CPU 1) at 0.023s
f1 done (CPU 3, target 0.500s, real 0.024s)
f2 done (CPU 2, target 0.500s, real 0.025s)
f11 start (CPU 0) at 0.027s
c0 start (CPU 3) at 0.027s
f9 start (CPU 1) at 0.031s
f3 done (CPU 2, target 0.500s, real 0.052s)
f11 done (CPU 0, target 0.300s, real 0.026s)
f10 done (CPU 0, target 0.500s, real 0.038s)
f4 done (CPU 2, target 0.500s, real 0.057s)
f5 done (CPU 2, target 0.500s, real 0.056s)
f0 done (CPU 1, target 0.500s, real 0.075s)
f6 done (CPU 0, target 0.500s, real 0.060s)
f7 done (CPU 0, target 0.500s, real 0.072s)
f8 done (CPU 1, target 0.500s, real 0.072s)
f9 done (CPU 1, target 0.500s, real 0.068s)
c0 done (CPU 3, target 2.500s, real 0.122s)
c1 start (CPU 0) at 0.149s
c1 done (CPU 0, target 2.200s, real 0.104s)
c2 start (CPU 3) at 0.253s
c2 done (CPU 3, target 2.000s, real 0.092s)
c3 start (CPU 0) at 0.345s
c3 done (CPU 2, target 1.800s, real 0.083s)
c4 start (CPU 0) at 0.428s
c4 done (CPU 2, target 1.600s, real 0.074s)
Program total time: 0.502s
all threads done

[stderr]
PROGRAM_TOTAL_NS=502267395

=== prio run (rc=0) ===
f0 start (CPU 1) at 0.000s
f2 start (CPU 3) at 0.000s
f1 start (CPU 2) at 0.000s
f10 start (CPU 3) at 0.000s
c0 start (CPU 2) at 0.000s
f11 start (CPU 0) at 0.000s
f11 done (CPU 0, target 0.300s, real 0.015s)
f0 done (CPU 1, target 0.500s, real 0.023s)
f10 done (CPU 3, target 0.500s, real 0.024s)
f3 start (CPU 3) at 0.024s
f1 done (CPU 0, target 0.500s, real 0.039s)
f4 start (CPU 0) at 0.039s
f2 done (CPU 1, target 0.500s, real 0.047s)
f5 start (CPU 1) at 0.047s
f3 done (CPU 3, target 0.500s, real 0.024s)
f6 start (CPU 3) at 0.048s
f4 done (CPU 0, target 0.500s, real 0.025s)
f7 start (CPU 0) at 0.064s
f5 done (CPU 1, target 0.500s, real 0.025s)
f8 start (CPU 1) at 0.072s
f6 done (CPU 3, target 0.500s, real 0.024s)
f9 start (CPU 3) at 0.073s
f7 done (CPU 0, target 0.500s, real 0.025s)
f8 done (CPU 1, target 0.500s, real 0.025s)
f9 done (CPU 3, target 0.500s, real 0.025s)
c0 done (CPU 2, target 2.500s, real 0.122s)
c1 start (CPU 3) at 0.123s
c1 done (CPU 3, target 2.200s, real 0.110s)
c2 start (CPU 2) at 0.233s
c2 done (CPU 2, target 2.000s, real 0.094s)
c3 start (CPU 3) at 0.328s
c3 done (CPU 3, target 1.800s, real 0.083s)
c4 start (CPU 2) at 0.410s
c4 done (CPU 2, target 1.600s, real 0.077s)
Program total time: 0.488s
all threads done

[stderr]
PROGRAM_TOTAL_NS=487694067

=== baseline run (rc=0) ===
f0 start (CPU 1) at 0.000s
f1 start (CPU 3) at 0.000s
f3 start (CPU 0) at 0.000s
f2 start (CPU 2) at 0.000s
f4 start (CPU 0) at 0.014s
f6 start (CPU 1) at 0.014s
f5 start (CPU 0) at 0.018s
f10 start (CPU 0) at 0.023s
f7 start (CPU 1) at 0.023s
f1 done (CPU 3, target 0.500s, real 0.024s)
f2 done (CPU 2, target 0.500s, real 0.024s)
f8 start (CPU 1) at 0.027s
f11 start (CPU 0) at 0.027s
c0 start (CPU 3) at 0.027s
f9 start (CPU 1) at 0.031s
f3 done (CPU 2, target 0.500s, real 0.036s)
f6 done (CPU 2, target 0.500s, real 0.038s)
f0 done (CPU 2, target 0.500s, real 0.066s)
f11 done (CPU 0, target 0.300s, real 0.042s)
f4 done (CPU 2, target 0.500s, real 0.061s)
f7 done (CPU 2, target 0.500s, real 0.065s)
f5 done (CPU 0, target 0.500s, real 0.072s)
f10 done (CPU 2, target 0.500s, real 0.068s)
f8 done (CPU 1, target 0.500s, real 0.068s)
f9 done (CPU 0, target 0.500s, real 0.064s)
c0 done (CPU 3, target 2.500s, real 0.125s)
c1 start (CPU 0) at 0.152s
c1 done (CPU 0, target 2.200s, real 0.103s)
c2 start (CPU 2) at 0.255s
c2 done (CPU 2, target 2.000s, real 0.090s)
c3 start (CPU 0) at 0.345s
c3 done (CPU 0, target 1.800s, real 0.082s)
c4 start (CPU 3) at 0.427s
c4 done (CPU 3, target 1.600s, real 0.073s)
Program total time: 0.500s
all threads done

[stderr]
PROGRAM_TOTAL_NS=500254954

=== prio run (rc=0) ===
f1 start (CPU 2) at 0.000s
f3 start (CPU 1) at 0.000s
f0 start (CPU 1) at 0.000s
f2 start (CPU 3) at 0.000s
f10 start (CPU 1) at 0.000s
f11 start (CPU 2) at 0.000s
c0 start (CPU 2) at 0.000s
f11 done (CPU 0, target 0.300s, real 0.014s)
f10 done (CPU 1, target 0.500s, real 0.023s)
f1 done (CPU 0, target 0.500s, real 0.038s)
f0 done (CPU 3, target 0.500s, real 0.041s)
f4 start (CPU 3) at 0.042s
f2 done (CPU 1, target 0.500s, real 0.050s)
f5 start (CPU 1) at 0.050s
f3 done (CPU 0, target 0.500s, real 0.062s)
f6 start (CPU 0) at 0.062s
f4 done (CPU 3, target 0.500s, real 0.024s)
f7 start (CPU 3) at 0.065s
f5 done (CPU 1, target 0.500s, real 0.024s)
f8 start (CPU 1) at 0.074s
f6 done (CPU 0, target 0.500s, real 0.025s)
f9 start (CPU 0) at 0.087s
f7 done (CPU 3, target 0.500s, real 0.025s)
f8 done (CPU 1, target 0.500s, real 0.025s)
f9 done (CPU 0, target 0.500s, real 0.024s)
c0 done (CPU 2, target 2.500s, real 0.120s)
c1 start (CPU 3) at 0.121s
c1 done (CPU 3, target 2.200s, real 0.108s)
c2 start (CPU 2) at 0.228s
c2 done (CPU 2, target 2.000s, real 0.100s)
c3 start (CPU 3) at 0.328s
c3 done (CPU 3, target 1.800s, real 0.087s)
c4 start (CPU 2) at 0.415s
c4 done (CPU 2, target 1.600s, real 0.074s)
Program total time: 0.489s
all threads done

[stderr]
PROGRAM_TOTAL_NS=489142864

=== baseline run (rc=0) ===
f0 start (CPU 2) at 0.000s
f1 start (CPU 3) at 0.000s
f2 start (CPU 0) at 0.000s
c0 start (CPU 1) at 0.000s
f11 start (CPU 1) at 0.002s
f7 start (CPU 3) at 0.006s
f10 start (CPU 1) at 0.006s
f3 start (CPU 0) at 0.000s
f9 start (CPU 1) at 0.018s
f5 start (CPU 1) at 0.022s
f0 done (CPU 2, target 0.500s, real 0.026s)
f8 start (CPU 0) at 0.026s
f6 start (CPU 0) at 0.030s
f7 done (CPU 2, target 0.500s, real 0.031s)
f1 done (CPU 3, target 0.500s, real 0.038s)
f4 start (CPU 3) at 0.038s
f2 done (CPU 0, target 0.500s, real 0.053s)
f5 done (CPU 2, target 0.500s, real 0.033s)
f4 done (CPU 3, target 0.500s, real 0.025s)
f11 done (CPU 2, target 0.300s, real 0.062s)
f9 done (CPU 3, target 0.500s, real 0.056s)
f3 done (CPU 0, target 0.500s, real 0.077s)
f8 done (CPU 2, target 0.500s, real 0.052s)
f10 done (CPU 1, target 0.500s, real 0.077s)
f6 done (CPU 0, target 0.500s, real 0.056s)
c0 done (CPU 2, target 2.500s, real 0.185s)
c1 start (CPU 0) at 0.185s
c1 done (CPU 0, target 2.200s, real 0.102s)
c2 start (CPU 2) at 0.287s
c2 done (CPU 2, target 2.000s, real 0.092s)
c3 start (CPU 0) at 0.379s
c3 done (CPU 0, target 1.800s, real 0.083s)
c4 start (CPU 2) at 0.462s
c4 done (CPU 2, target 1.600s, real 0.074s)
Program total time: 0.536s
all threads done

[stderr]
PROGRAM_TOTAL_NS=536008180

=== prio run (rc=0) ===
f0 start (CPU 1) at 0.000s
f1 start (CPU 2) at 0.000s
f2 start (CPU 3) at 0.000s
f3 start (CPU 2) at 0.000s
f10 start (CPU 2) at 0.000s
f11 start (CPU 3) at 0.000s
c0 start (CPU 3) at 0.000s
f11 done (CPU 0, target 0.300s, real 0.014s)
f0 done (CPU 1, target 0.500s, real 0.023s)
f10 done (CPU 2, target 0.500s, real 0.024s)
f1 done (CPU 0, target 0.500s, real 0.037s)
f4 start (CPU 0) at 0.037s
f2 done (CPU 1, target 0.500s, real 0.046s)
f5 start (CPU 1) at 0.046s
f3 done (CPU 2, target 0.500s, real 0.048s)
f7 start (CPU 2) at 0.048s
f6 start (CPU 2) at 0.048s
f4 done (CPU 0, target 0.500s, real 0.024s)
f5 done (CPU 1, target 0.500s, real 0.025s)
f9 start (CPU 1) at 0.071s
f8 start (CPU 1) at 0.071s
f6 done (CPU 2, target 0.500s, real 0.025s)
f7 done (CPU 0, target 0.500s, real 0.038s)
f8 done (CPU 1, target 0.500s, real 0.025s)
f9 done (CPU 2, target 0.500s, real 0.027s)
c0 done (CPU 3, target 2.500s, real 0.121s)
c1 start (CPU 2) at 0.121s
c1 done (CPU 2, target 2.200s, real 0.109s)
c2 start (CPU 3) at 0.230s
c2 done (CPU 3, target 2.000s, real 0.094s)
c3 start (CPU 2) at 0.324s
c3 done (CPU 2, target 1.800s, real 0.082s)
c4 start (CPU 3) at 0.406s
c4 done (CPU 3, target 1.600s, real 0.073s)
Program total time: 0.479s
all threads done

[stderr]
PROGRAM_TOTAL_NS=479167075

=== baseline run (rc=0) ===
f0 start (CPU 1) at 0.000s
f1 start (CPU 2) at 0.000s
f3 start (CPU 0) at 0.000s
f4 start (CPU 0) at 0.001s
f2 start (CPU 3) at 0.001s
f6 start (CPU 1) at 0.017s
f7 start (CPU 1) at 0.021s
f1 done (CPU 2, target 0.500s, real 0.023s)
f2 done (CPU 3, target 0.500s, real 0.023s)
f5 start (CPU 3) at 0.025s
f8 start (CPU 1) at 0.025s
f9 start (CPU 2) at 0.025s
f10 start (CPU 0) at 0.029s
f11 start (CPU 0) at 0.033s
c0 start (CPU 0) at 0.037s
f5 done (CPU 3, target 0.500s, real 0.024s)
f0 done (CPU 2, target 0.500s, real 0.053s)
f6 done (CPU 2, target 0.500s, real 0.048s)
f9 done (CPU 3, target 0.500s, real 0.041s)
f7 done (CPU 1, target 0.500s, real 0.048s)
f3 done (CPU 1, target 0.500s, real 0.073s)
f8 done (CPU 3, target 0.500s, real 0.049s)
f4 done (CPU 2, target 0.500s, real 0.075s)
f11 done (CPU 2, target 0.300s, real 0.046s)
f10 done (CPU 2, target 0.500s, real 0.061s)
c0 done (CPU 0, target 2.500s, real 0.140s)
c1 start (CPU 3) at 0.177s
c1 done (CPU 3, target 2.200s, real 0.101s)
c2 start (CPU 0) at 0.279s
c2 done (CPU 2, target 2.000s, real 0.092s)
c3 start (CPU 0) at 0.371s
c3 done (CPU 0, target 1.800s, real 0.082s)
c4 start (CPU 2) at 0.453s
c4 done (CPU 2, target 1.600s, real 0.073s)
Program total time: 0.526s
all threads done

[stderr]
PROGRAM_TOTAL_NS=526534310

=== prio run (rc=0) ===
f0 start (CPU 1) at 0.000s
f1 start (CPU 2) at 0.000s
f2 start (CPU 3) at 0.000s
f4 start (CPU 1) at 0.000s
f3 start (CPU 2) at 0.000s
f10 start (CPU 3) at 0.000s
f11 start (CPU 2) at 0.000s
c0 start (CPU 3) at 0.000s
f10 done (CPU 0, target 0.500s, real 0.023s)
f0 done (CPU 1, target 0.500s, real 0.025s)
f11 done (CPU 2, target 0.300s, real 0.028s)
f5 start (CPU 2) at 0.028s
f1 done (CPU 0, target 0.500s, real 0.047s)
f2 done (CPU 1, target 0.500s, real 0.050s)
f6 start (CPU 1) at 0.050s
f3 done (CPU 2, target 0.500s, real 0.054s)
f8 start (CPU 2) at 0.055s
f4 done (CPU 0, target 0.500s, real 0.072s)
f9 start (CPU 0) at 0.072s
f7 start (CPU 0) at 0.072s
f5 done (CPU 1, target 0.500s, real 0.047s)
f6 done (CPU 2, target 0.500s, real 0.030s)
f7 done (CPU 0, target 0.500s, real 0.025s)
f8 done (CPU 1, target 0.500s, real 0.045s)
f9 done (CPU 2, target 0.500s, real 0.033s)
c0 done (CPU 3, target 2.500s, real 0.125s)
c1 start (CPU 2) at 0.126s
c1 done (CPU 2, target 2.200s, real 0.110s)
c2 start (CPU 3) at 0.236s
c2 done (CPU 3, target 2.000s, real 0.097s)
c3 start (CPU 2) at 0.333s
c3 done (CPU 2, target 1.800s, real 0.083s)
c4 start (CPU 3) at 0.416s
c4 done (CPU 3, target 1.600s, real 0.073s)
Program total time: 0.489s
all threads done

[stderr]
PROGRAM_TOTAL_NS=488845009

=== baseline run (rc=0) ===
f0 start (CPU 1) at 0.000s
f1 start (CPU 2) at 0.000s
f2 start (CPU 0) at 0.000s
f7 start (CPU 3) at 0.000s
f3 start (CPU 0) at 0.015s
f8 start (CPU 1) at 0.015s
f4 start (CPU 0) at 0.023s
f5 start (CPU 1) at 0.015s
f1 done (CPU 2, target 0.500s, real 0.023s)
f7 done (CPU 3, target 0.500s, real 0.024s)
f11 start (CPU 0) at 0.027s
f6 start (CPU 1) at 0.015s
f9 start (CPU 3) at 0.027s
c0 start (CPU 2) at 0.027s
f10 start (CPU 1) at 0.031s
f9 done (CPU 3, target 0.500s, real 0.025s)
f2 done (CPU 0, target 0.500s, real 0.060s)
f11 done (CPU 0, target 0.300s, real 0.039s)
f0 done (CPU 1, target 0.500s, real 0.067s)
f8 done (CPU 3, target 0.500s, real 0.056s)
f3 done (CPU 0, target 0.500s, real 0.068s)
f5 done (CPU 3, target 0.500s, real 0.070s)
f4 done (CPU 0, target 0.500s, real 0.063s)
f6 done (CPU 3, target 0.500s, real 0.074s)
f10 done (CPU 1, target 0.500s, real 0.060s)
c0 done (CPU 2, target 2.500s, real 0.123s)
c1 start (CPU 1) at 0.150s
c1 done (CPU 1, target 2.200s, real 0.102s)
c2 start (CPU 2) at 0.252s
c2 done (CPU 2, target 2.000s, real 0.092s)
c3 start (CPU 0) at 0.344s
c3 done (CPU 0, target 1.800s, real 0.083s)
c4 start (CPU 2) at 0.426s
c4 done (CPU 2, target 1.600s, real 0.074s)
Program total time: 0.500s
all threads done

[stderr]
PROGRAM_TOTAL_NS=500312156

=== prio run (rc=0) ===
f0 start (CPU 1) at 0.000s
f1 start (CPU 2) at 0.000s
f3 start (CPU 1) at 0.000s
f2 start (CPU 3) at 0.000s
f10 start (CPU 3) at 0.000s
f11 start (CPU 1) at 0.000s
c0 start (CPU 3) at 0.000s
f11 done (CPU 1, target 0.300s, real 0.014s)
f10 done (CPU 0, target 0.500s, real 0.023s)
f0 done (CPU 2, target 0.500s, real 0.023s)
f4 start (CPU 2) at 0.023s
f1 done (CPU 1, target 0.500s, real 0.037s)
f5 start (CPU 1) at 0.038s
f3 done (CPU 0, target 0.500s, real 0.047s)
f2 done (CPU 2, target 0.500s, real 0.047s)
f6 start (CPU 2) at 0.048s
f4 done (CPU 1, target 0.500s, real 0.040s)
f7 start (CPU 1) at 0.063s
f5 done (CPU 0, target 0.500s, real 0.035s)
f9 start (CPU 0) at 0.072s
f8 start (CPU 0) at 0.072s
f6 done (CPU 2, target 0.500s, real 0.025s)
f7 done (CPU 1, target 0.500s, real 0.025s)
f9 done (CPU 2, target 0.500s, real 0.024s)
f8 done (CPU 0, target 0.500s, real 0.025s)
c0 done (CPU 3, target 2.500s, real 0.122s)
c1 start (CPU 2) at 0.122s
c1 done (CPU 2, target 2.200s, real 0.109s)
c2 start (CPU 3) at 0.231s
c2 done (CPU 3, target 2.000s, real 0.091s)
c3 start (CPU 2) at 0.322s
c3 done (CPU 2, target 1.800s, real 0.082s)
c4 start (CPU 3) at 0.404s
c4 done (CPU 3, target 1.600s, real 0.074s)
Program total time: 0.478s
all threads done

[stderr]
PROGRAM_TOTAL_NS=478247507

=== baseline run (rc=0) ===
f0 start (CPU 1) at 0.000s
f1 start (CPU 2) at 0.000s
f3 start (CPU 0) at 0.000s
f2 start (CPU 3) at 0.000s
f4 start (CPU 0) at 0.013s
f6 start (CPU 1) at 0.013s
f7 start (CPU 1) at 0.017s
f10 start (CPU 0) at 0.017s
f8 start (CPU 1) at 0.021s
f5 start (CPU 0) at 0.017s
f9 start (CPU 1) at 0.029s
f11 start (CPU 0) at 0.029s
f2 done (CPU 3, target 0.500s, real 0.031s)
c0 start (CPU 0) at 0.033s
f1 done (CPU 2, target 0.500s, real 0.037s)
f4 done (CPU 3, target 0.500s, real 0.049s)
f7 done (CPU 2, target 0.500s, real 0.046s)
f0 done (CPU 1, target 0.500s, real 0.066s)
f3 done (CPU 2, target 0.500s, real 0.075s)
f11 done (CPU 0, target 0.300s, real 0.047s)
f6 done (CPU 3, target 0.500s, real 0.066s)
f8 done (CPU 1, target 0.500s, real 0.071s)
f10 done (CPU 2, target 0.500s, real 0.075s)
f9 done (CPU 1, target 0.500s, real 0.064s)
f5 done (CPU 3, target 0.500s, real 0.077s)
c0 done (CPU 0, target 2.500s, real 0.157s)
c1 start (CPU 3) at 0.190s
c1 done (CPU 3, target 2.200s, real 0.101s)
c2 start (CPU 0) at 0.291s
c2 done (CPU 0, target 2.000s, real 0.092s)
c3 start (CPU 3) at 0.383s
c3 done (CPU 3, target 1.800s, real 0.083s)
c4 start (CPU 0) at 0.466s
c4 done (CPU 2, target 1.600s, real 0.073s)
Program total time: 0.540s
all threads done

[stderr]
PROGRAM_TOTAL_NS=539811273

=== prio run (rc=0) ===
f0 start (CPU 1) at 0.000s
f1 start (CPU 2) at 0.000s
f2 start (CPU 3) at 0.000s
f8 start (CPU 1) at 0.000s
f10 start (CPU 1) at 0.001s
f11 start (CPU 2) at 0.001s
c0 start (CPU 2) at 0.001s
f10 done (CPU 1, target 0.500s, real 0.023s)
f11 done (CPU 0, target 0.300s, real 0.024s)
f0 done (CPU 3, target 0.500s, real 0.026s)
f6 start (CPU 3) at 0.026s
f3 start (CPU 2) at 0.000s
f1 done (CPU 1, target 0.500s, real 0.047s)
f7 start (CPU 1) at 0.048s
f4 start (CPU 3) at 0.000s
f2 done (CPU 0, target 0.500s, real 0.048s)
f5 start (CPU 2) at 0.000s
f3 done (CPU 3, target 0.500s, real 0.049s)
f4 done (CPU 1, target 0.500s, real 0.072s)
f5 done (CPU 0, target 0.500s, real 0.073s)
f6 done (CPU 3, target 0.500s, real 0.049s)
f9 start (CPU 3) at 0.075s
f7 done (CPU 1, target 0.500s, real 0.049s)
f8 done (CPU 0, target 0.500s, real 0.097s)
f9 done (CPU 3, target 0.500s, real 0.024s)
c0 done (CPU 2, target 2.500s, real 0.125s)
c1 start (CPU 3) at 0.125s
c1 done (CPU 3, target 2.200s, real 0.107s)
c2 start (CPU 2) at 0.233s
c2 done (CPU 2, target 2.000s, real 0.091s)
c3 start (CPU 3) at 0.324s
c3 done (CPU 3, target 1.800s, real 0.082s)
c4 start (CPU 2) at 0.406s
c4 done (CPU 2, target 1.600s, real 0.073s)
Program total time: 0.480s
all threads done

[stderr]
PROGRAM_TOTAL_NS=479710010

=== baseline run (rc=0) ===
f0 start (CPU 1) at 0.000s
f4 start (CPU 3) at 0.000s
f2 start (CPU 0) at 0.000s
f8 start (CPU 2) at 0.000s
f3 start (CPU 0) at 0.000s
f6 start (CPU 1) at 0.014s
f1 start (CPU 3) at 0.000s
f5 start (CPU 1) at 0.014s
f11 start (CPU 1) at 0.022s
f8 done (CPU 2, target 0.500s, real 0.024s)
c0 start (CPU 1) at 0.026s
f2 done (CPU 0, target 0.500s, real 0.036s)
f4 done (CPU 2, target 0.500s, real 0.036s)
f10 start (CPU 2) at 0.038s
f1 done (CPU 3, target 0.500s, real 0.037s)
f9 start (CPU 3) at 0.038s
f7 start (CPU 2) at 0.042s
f3 done (CPU 0, target 0.500s, real 0.048s)
f0 done (CPU 0, target 0.500s, real 0.057s)
f9 done (CPU 3, target 0.500s, real 0.025s)
f5 done (CPU 0, target 0.500s, real 0.055s)
f11 done (CPU 3, target 0.300s, real 0.051s)
f7 done (CPU 2, target 0.500s, real 0.037s)
f10 done (CPU 3, target 0.500s, real 0.044s)
f6 done (CPU 1, target 0.500s, real 0.069s)
c0 done (CPU 0, target 2.500s, real 0.158s)
c1 start (CPU 2) at 0.184s
c1 done (CPU 2, target 2.200s, real 0.108s)
c2 start (CPU 0) at 0.292s
c2 done (CPU 0, target 2.000s, real 0.093s)
c3 start (CPU 2) at 0.385s
c3 done (CPU 2, target 1.800s, real 0.082s)
c4 start (CPU 0) at 0.468s
c4 done (CPU 0, target 1.600s, real 0.074s)
Program total time: 0.542s
all threads done

[stderr]
PROGRAM_TOTAL_NS=541752098

=== prio run (rc=0) ===
f0 start (CPU 1) at 0.000s
f2 start (CPU 3) at 0.000s
f1 start (CPU 2) at 0.000s
f10 start (CPU 3) at 0.000s
c0 start (CPU 2) at 0.000s
f11 start (CPU 0) at 0.000s
f11 done (CPU 0, target 0.300s, real 0.014s)
f0 done (CPU 1, target 0.500s, real 0.024s)
f10 done (CPU 3, target 0.500s, real 0.024s)
f3 start (CPU 3) at 0.025s
f1 done (CPU 0, target 0.500s, real 0.039s)
f4 start (CPU 0) at 0.039s
f2 done (CPU 1, target 0.500s, real 0.048s)
f5 start (CPU 1) at 0.049s
f3 done (CPU 3, target 0.500s, real 0.025s)
f6 start (CPU 3) at 0.050s
f4 done (CPU 0, target 0.500s, real 0.025s)
f7 start (CPU 0) at 0.065s
f5 done (CPU 1, target 0.500s, real 0.025s)
f8 start (CPU 1) at 0.073s
f6 done (CPU 3, target 0.500s, real 0.025s)
f9 start (CPU 3) at 0.075s
f7 done (CPU 0, target 0.500s, real 0.025s)
f8 done (CPU 1, target 0.500s, real 0.025s)
f9 done (CPU 3, target 0.500s, real 0.025s)
c0 done (CPU 2, target 2.500s, real 0.123s)
c1 start (CPU 3) at 0.124s
c1 done (CPU 3, target 2.200s, real 0.107s)
c2 start (CPU 2) at 0.231s
c2 done (CPU 2, target 2.000s, real 0.092s)
c3 start (CPU 3) at 0.323s
c3 done (CPU 3, target 1.800s, real 0.083s)
c4 start (CPU 2) at 0.406s
c4 done (CPU 2, target 1.600s, real 0.073s)
Program total time: 0.479s
all threads done

[stderr]
PROGRAM_TOTAL_NS=479319002

=== baseline run (rc=0) ===
f0 start (CPU 1) at 0.000s
f3 start (CPU 0) at 0.000s
f1 start (CPU 3) at 0.000s
f2 start (CPU 3) at 0.000s
f5 start (CPU 1) at 0.014s
f7 start (CPU 0) at 0.014s
f4 start (CPU 0) at 0.014s
f6 start (CPU 1) at 0.018s
f8 start (CPU 0) at 0.022s
f9 start (CPU 1) at 0.022s
f1 done (CPU 3, target 0.500s, real 0.023s)
f2 done (CPU 2, target 0.500s, real 0.025s)
f10 start (CPU 1) at 0.026s
f11 start (CPU 0) at 0.026s
c0 start (CPU 2) at 0.026s
f3 done (CPU 3, target 0.500s, real 0.038s)
f11 done (CPU 0, target 0.300s, real 0.043s)
f6 done (CPU 3, target 0.500s, real 0.052s)
f0 done (CPU 3, target 0.500s, real 0.072s)
f7 done (CPU 3, target 0.500s, real 0.069s)
f4 done (CPU 0, target 0.500s, real 0.076s)
f9 done (CPU 3, target 0.500s, real 0.069s)
f5 done (CPU 3, target 0.500s, real 0.078s)
f8 done (CPU 0, target 0.500s, real 0.071s)
f10 done (CPU 1, target 0.500s, real 0.069s)
c0 done (CPU 2, target 2.500s, real 0.122s)
c1 start (CPU 0) at 0.148s
c1 done (CPU 0, target 2.200s, real 0.108s)
c2 start (CPU 2) at 0.256s
c2 done (CPU 2, target 2.000s, real 0.098s)
c3 start (CPU 0) at 0.354s
c3 done (CPU 0, target 1.800s, real 0.083s)
c4 start (CPU 2) at 0.438s
c4 done (CPU 2, target 1.600s, real 0.073s)
Program total time: 0.511s
all threads done

[stderr]
PROGRAM_TOTAL_NS=511475829

=== prio run (rc=0) ===
f0 start (CPU 1) at 0.000s
f1 start (CPU 2) at 0.000s
f2 start (CPU 3) at 0.000s
f3 start (CPU 2) at 0.000s
f11 start (CPU 2) at 0.000s
c0 start (CPU 1) at 0.000s
f10 start (CPU 3) at 0.000s
f11 done (CPU 2, target 0.300s, real 0.014s)
f0 done (CPU 0, target 0.500s, real 0.023s)
f1 done (CPU 2, target 0.500s, real 0.038s)
f5 start (CPU 2) at 0.038s
f10 done (CPU 3, target 0.500s, real 0.041s)
f4 start (CPU 3) at 0.041s
f2 done (CPU 0, target 0.500s, real 0.049s)
f3 done (CPU 2, target 0.500s, real 0.063s)
f7 start (CPU 2) at 0.063s
f6 start (CPU 2) at 0.063s
f4 done (CPU 3, target 0.500s, real 0.025s)
f8 start (CPU 3) at 0.066s
f5 done (CPU 0, target 0.500s, real 0.035s)
f9 start (CPU 0) at 0.074s
f6 done (CPU 2, target 0.500s, real 0.025s)
f7 done (CPU 3, target 0.500s, real 0.028s)
f8 done (CPU 0, target 0.500s, real 0.033s)
f9 done (CPU 2, target 0.500s, real 0.040s)
c0 done (CPU 1, target 2.500s, real 0.124s)
c1 start (CPU 1) at 0.125s
c1 done (CPU 1, target 2.200s, real 0.108s)
c2 start (CPU 0) at 0.233s
c2 done (CPU 2, target 2.000s, real 0.094s)
c3 start (CPU 3) at 0.327s
c3 done (CPU 3, target 1.800s, real 0.083s)
c4 start (CPU 2) at 0.409s
c4 done (CPU 2, target 1.600s, real 0.074s)
Program total time: 0.483s
all threads done

[stderr]
PROGRAM_TOTAL_NS=483322223

=== baseline run (rc=0) ===
f0 start (CPU 1) at 0.000s
f1 start (CPU 3) at 0.000s
f2 start (CPU 0) at 0.000s
f7 start (CPU 2) at 0.000s
f3 start (CPU 0) at 0.001s
f4 start (CPU 0) at 0.005s
f5 start (CPU 1) at 0.017s
f6 start (CPU 1) at 0.021s
f1 done (CPU 3, target 0.500s, real 0.023s)
f7 done (CPU 2, target 0.500s, real 0.023s)
f8 start (CPU 1) at 0.025s
f9 start (CPU 2) at 0.029s
f11 start (CPU 3) at 0.029s
f10 start (CPU 1) at 0.029s
f11 done (CPU 3, target 0.300s, real 0.015s)
c0 start (CPU 0) at 0.045s
f9 done (CPU 2, target 0.500s, real 0.025s)
f0 done (CPU 3, target 0.500s, real 0.056s)
f2 done (CPU 3, target 0.500s, real 0.065s)
f4 done (CPU 0, target 0.500s, real 0.061s)
f6 done (CPU 2, target 0.500s, real 0.048s)
f3 done (CPU 0, target 0.500s, real 0.075s)
f8 done (CPU 2, target 0.500s, real 0.053s)
f10 done (CPU 1, target 0.500s, real 0.056s)
f5 done (CPU 0, target 0.500s, real 0.071s)
c0 done (CPU 3, target 2.500s, real 0.136s)
c1 start (CPU 0) at 0.182s
c1 done (CPU 0, target 2.200s, real 0.101s)
c2 start (CPU 2) at 0.283s
c2 done (CPU 2, target 2.000s, real 0.091s)
c3 start (CPU 0) at 0.374s
c3 done (CPU 0, target 1.800s, real 0.082s)
c4 start (CPU 2) at 0.457s
c4 done (CPU 2, target 1.600s, real 0.074s)
Program total time: 0.531s
all threads done

[stderr]
PROGRAM_TOTAL_NS=531037790

=== prio run (rc=0) ===
f0 start (CPU 1) at 0.000s
f1 start (CPU 2) at 0.000s
f3 start (CPU 1) at 0.000s
f2 start (CPU 3) at 0.000s
f10 start (CPU 1) at 0.000s
f11 start (CPU 3) at 0.000s
c0 start (CPU 1) at 0.000s
f11 done (CPU 3, target 0.300s, real 0.014s)
f10 done (CPU 0, target 0.500s, real 0.028s)
f1 done (CPU 3, target 0.500s, real 0.037s)
f6 start (CPU 3) at 0.038s
f0 done (CPU 2, target 0.500s, real 0.043s)
f4 start (CPU 2) at 0.043s
f2 done (CPU 0, target 0.500s, real 0.053s)
f5 start (CPU 0) at 0.054s
f3 done (CPU 3, target 0.500s, real 0.063s)
f4 done (CPU 2, target 0.500s, real 0.025s)
f7 start (CPU 2) at 0.068s
f5 done (CPU 0, target 0.500s, real 0.025s)
f8 start (CPU 0) at 0.079s
f6 done (CPU 3, target 0.500s, real 0.050s)
f9 start (CPU 3) at 0.088s
f7 done (CPU 2, target 0.500s, real 0.025s)
f8 done (CPU 0, target 0.500s, real 0.025s)
f9 done (CPU 3, target 0.500s, real 0.024s)
c0 done (CPU 1, target 2.500s, real 0.125s)
c1 start (CPU 1) at 0.125s
c1 done (CPU 1, target 2.200s, real 0.107s)
c2 start (CPU 1) at 0.232s
c2 done (CPU 1, target 2.000s, real 0.091s)
c3 start (CPU 2) at 0.324s
c3 done (CPU 2, target 1.800s, real 0.082s)
c4 start (CPU 3) at 0.406s
c4 done (CPU 3, target 1.600s, real 0.073s)
Program total time: 0.479s
all threads done

[stderr]
PROGRAM_TOTAL_NS=478991759

=== baseline run (rc=0) ===
f0 start (CPU 3) at 0.000s
f1 start (CPU 1) at 0.000s
f4 start (CPU 2) at 0.000s
c0 start (CPU 0) at 0.000s
f11 start (CPU 0) at 0.004s
f10 start (CPU 0) at 0.008s
f7 start (CPU 2) at 0.012s
f8 start (CPU 0) at 0.012s
f9 start (CPU 0) at 0.012s
f2 start (CPU 1) at 0.000s
f6 start (CPU 0) at 0.028s
f0 done (CPU 3, target 0.500s, real 0.031s)
f1 done (CPU 1, target 0.500s, real 0.038s)
f3 start (CPU 1) at 0.040s
f5 start (CPU 0) at 0.048s
f7 done (CPU 3, target 0.500s, real 0.038s)
f4 done (CPU 2, target 0.500s, real 0.055s)
f9 done (CPU 2, target 0.500s, real 0.050s)
f11 done (CPU 2, target 0.300s, real 0.065s)
f8 done (CPU 3, target 0.500s, real 0.058s)
f2 done (CPU 3, target 0.500s, real 0.073s)
f10 done (CPU 3, target 0.500s, real 0.074s)
f6 done (CPU 2, target 0.500s, real 0.054s)
f5 done (CPU 0, target 0.500s, real 0.042s)
f3 done (CPU 3, target 0.500s, real 0.050s)
c0 done (CPU 1, target 2.500s, real 0.179s)
c1 start (CPU 3) at 0.180s
c1 done (CPU 3, target 2.200s, real 0.101s)
c2 start (CPU 0) at 0.280s
c2 done (CPU 0, target 2.000s, real 0.092s)
c3 start (CPU 3) at 0.372s
c3 done (CPU 3, target 1.800s, real 0.083s)
c4 start (CPU 0) at 0.455s
c4 done (CPU 0, target 1.600s, real 0.074s)
Program total time: 0.530s
all threads done

[stderr]
PROGRAM_TOTAL_NS=529673595

=== prio run (rc=0) ===
f0 start (CPU 1) at 0.000s
f1 start (CPU 2) at 0.000s
f3 start (CPU 1) at 0.000s
f2 start (CPU 3) at 0.000s
f4 start (CPU 2) at 0.000s
f10 start (CPU 1) at 0.000s
f11 start (CPU 1) at 0.000s
c0 start (CPU 2) at 0.000s
f11 done (CPU 1, target 0.300s, real 0.016s)
f10 done (CPU 0, target 0.500s, real 0.024s)
f0 done (CPU 3, target 0.500s, real 0.028s)
f1 done (CPU 1, target 0.500s, real 0.040s)
f5 start (CPU 1) at 0.040s
f2 done (CPU 0, target 0.500s, real 0.048s)
f3 done (CPU 3, target 0.500s, real 0.054s)
f6 start (CPU 3) at 0.055s
f4 done (CPU 1, target 0.500s, real 0.066s)
f7 start (CPU 1) at 0.066s
f5 done (CPU 0, target 0.500s, real 0.033s)
f8 start (CPU 0) at 0.073s
f6 done (CPU 3, target 0.500s, real 0.025s)
f9 start (CPU 3) at 0.080s
f7 done (CPU 1, target 0.500s, real 0.025s)
f8 done (CPU 0, target 0.500s, real 0.025s)
f9 done (CPU 3, target 0.500s, real 0.025s)
c0 done (CPU 2, target 2.500s, real 0.123s)
c1 start (CPU 3) at 0.124s
c1 done (CPU 3, target 2.200s, real 0.108s)
c2 start (CPU 2) at 0.231s
c2 done (CPU 2, target 2.000s, real 0.093s)
c3 start (CPU 3) at 0.324s
c3 done (CPU 3, target 1.800s, real 0.083s)
c4 start (CPU 2) at 0.407s
c4 done (CPU 2, target 1.600s, real 0.073s)
Program total time: 0.480s
all threads done

[stderr]
PROGRAM_TOTAL_NS=480055153

=== baseline run (rc=0) ===
f0 start (CPU 1) at 0.000s
f1 start (CPU 3) at 0.000s
f2 start (CPU 0) at 0.000s
f7 start (CPU 2) at 0.000s
f3 start (CPU 0) at 0.004s
f4 start (CPU 1) at 0.016s
f5 start (CPU 1) at 0.020s
f1 done (CPU 3, target 0.500s, real 0.023s)
f10 start (CPU 3) at 0.023s
f7 done (CPU 2, target 0.500s, real 0.023s)
f6 start (CPU 2) at 0.024s
f11 start (CPU 1) at 0.024s
c0 start (CPU 1) at 0.028s
f8 start (CPU 0) at 0.036s
f9 start (CPU 0) at 0.040s
f10 done (CPU 3, target 0.500s, real 0.024s)
f6 done (CPU 2, target 0.500s, real 0.024s)
f2 done (CPU 2, target 0.500s, real 0.051s)
f11 done (CPU 3, target 0.300s, real 0.035s)
f3 done (CPU 0, target 0.500s, real 0.055s)
f0 done (CPU 1, target 0.500s, real 0.061s)
f5 done (CPU 2, target 0.500s, real 0.043s)
f4 done (CPU 3, target 0.500s, real 0.059s)
f8 done (CPU 0, target 0.500s, real 0.040s)
f9 done (CPU 2, target 0.500s, real 0.040s)
c0 done (CPU 1, target 2.500s, real 0.143s)
c1 start (CPU 2) at 0.171s
c1 done (CPU 2, target 2.200s, real 0.104s)
c2 start (CPU 0) at 0.275s
c2 done (CPU 0, target 2.000s, real 0.092s)
c3 start (CPU 2) at 0.367s
c3 done (CPU 2, target 1.800s, real 0.083s)
c4 start (CPU 0) at 0.451s
c4 done (CPU 0, target 1.600s, real 0.073s)
Program total time: 0.524s
all threads done

[stderr]
PROGRAM_TOTAL_NS=524290262

=== prio run (rc=0) ===
f0 start (CPU 1) at 0.000s
f2 start (CPU 3) at 0.000s
f1 start (CPU 2) at 0.000s
f3 start (CPU 2) at 0.000s
f10 start (CPU 2) at 0.017s
f11 start (CPU 1) at 0.017s
c0 start (CPU 1) at 0.017s
f11 done (CPU 0, target 0.300s, real 0.015s)
f0 done (CPU 3, target 0.500s, real 0.034s)
f5 start (CPU 3) at 0.035s
f4 start (CPU 1) at 0.000s
f10 done (CPU 2, target 0.500s, real 0.025s)
f1 done (CPU 0, target 0.500s, real 0.057s)
f6 start (CPU 1) at 0.000s
f2 done (CPU 3, target 0.500s, real 0.059s)
f3 done (CPU 2, target 0.500s, real 0.067s)
f7 start (CPU 2) at 0.068s
f4 done (CPU 0, target 0.500s, real 0.082s)
f5 done (CPU 3, target 0.500s, real 0.050s)
f8 start (CPU 3) at 0.085s
f6 done (CPU 2, target 0.500s, real 0.092s)
f9 start (CPU 2) at 0.092s
f7 done (CPU 0, target 0.500s, real 0.039s)
f8 done (CPU 3, target 0.500s, real 0.025s)
f9 done (CPU 2, target 0.500s, real 0.025s)
c0 done (CPU 1, target 2.500s, real 0.123s)
c1 start (CPU 1) at 0.140s
c1 done (CPU 1, target 2.200s, real 0.108s)
c2 start (CPU 1) at 0.248s
c2 done (CPU 1, target 2.000s, real 0.092s)
c3 start (CPU 1) at 0.340s
c3 done (CPU 1, target 1.800s, real 0.082s)
c4 start (CPU 2) at 0.422s
c4 done (CPU 2, target 1.600s, real 0.074s)
Program total time: 0.496s
all threads done

[stderr]
PROGRAM_TOTAL_NS=496178841

=== baseline run (rc=0) ===
f0 start (CPU 1) at 0.000s
f1 start (CPU 2) at 0.000s
f2 start (CPU 0) at 0.000s
f4 start (CPU 3) at 0.000s
f8 start (CPU 1) at 0.009s
c0 start (CPU 1) at 0.013s
f6 start (CPU 0) at 0.013s
f5 start (CPU 2) at 0.013s
f3 start (CPU 3) at 0.013s
f7 start (CPU 0) at 0.017s
f9 start (CPU 0) at 0.025s
f10 start (CPU 0) at 0.029s
f11 start (CPU 0) at 0.033s
f1 done (CPU 2, target 0.500s, real 0.040s)
f4 done (CPU 3, target 0.500s, real 0.043s)
f5 done (CPU 2, target 0.500s, real 0.035s)
f3 done (CPU 3, target 0.500s, real 0.035s)
f0 done (CPU 1, target 0.500s, real 0.052s)
f8 done (CPU 3, target 0.500s, real 0.051s)
f11 done (CPU 0, target 0.300s, real 0.035s)
f2 done (CPU 3, target 0.500s, real 0.071s)
f10 done (CPU 0, target 0.500s, real 0.048s)
f9 done (CPU 2, target 0.500s, real 0.056s)
f6 done (CPU 3, target 0.500s, real 0.069s)
f7 done (CPU 0, target 0.500s, real 0.067s)
c0 done (CPU 1, target 2.500s, real 0.144s)
c1 start (CPU 2) at 0.158s
c1 done (CPU 2, target 2.200s, real 0.106s)
c2 start (CPU 0) at 0.264s
c2 done (CPU 0, target 2.000s, real 0.092s)
c3 start (CPU 3) at 0.356s
c3 done (CPU 3, target 1.800s, real 0.083s)
c4 start (CPU 1) at 0.439s
c4 done (CPU 1, target 1.600s, real 0.076s)
Program total time: 0.515s
all threads done

[stderr]
PROGRAM_TOTAL_NS=515105243

=== prio run (rc=0) ===
f0 start (CPU 0) at 0.000s
f1 start (CPU 2) at 0.000s
f4 start (CPU 0) at 0.000s
f2 start (CPU 3) at 0.002s
f3 start (CPU 2) at 0.002s
f10 start (CPU 2) at 0.002s
f11 start (CPU 0) at 0.002s
c0 start (CPU 0) at 0.002s
f11 done (CPU 1, target 0.300s, real 0.014s)
f0 done (CPU 3, target 0.500s, real 0.026s)
f10 done (CPU 2, target 0.500s, real 0.030s)
f1 done (CPU 1, target 0.500s, real 0.041s)
f2 done (CPU 3, target 0.500s, real 0.048s)
f7 start (CPU 3) at 0.051s
f6 start (CPU 3) at 0.051s
f5 start (CPU 3) at 0.051s
f3 done (CPU 2, target 0.500s, real 0.056s)
f8 start (CPU 2) at 0.058s
f4 done (CPU 1, target 0.500s, real 0.066s)
f9 start (CPU 1) at 0.066s
f5 done (CPU 3, target 0.500s, real 0.025s)
f6 done (CPU 2, target 0.500s, real 0.033s)
f8 done (CPU 3, target 0.500s, real 0.042s)
f7 done (CPU 1, target 0.500s, real 0.050s)
f9 done (CPU 2, target 0.500s, real 0.042s)
c0 done (CPU 0, target 2.500s, real 0.142s)
c1 start (CPU 2) at 0.145s
c1 done (CPU 2, target 2.200s, real 0.102s)
c2 start (CPU 3) at 0.247s
c2 done (CPU 3, target 2.000s, real 0.091s)
c3 start (CPU 2) at 0.339s
c3 done (CPU 2, target 1.800s, real 0.083s)
c4 start (CPU 3) at 0.422s
c4 done (CPU 3, target 1.600s, real 0.072s)
Program total time: 0.494s
all threads done

[stderr]
PROGRAM_TOTAL_NS=494247709

=== baseline run (rc=0) ===
f0 start (CPU 0) at 0.000s
f1 start (CPU 2) at 0.000s
f3 start (CPU 1) at 0.000s
f4 start (CPU 1) at 0.001s
f2 start (CPU 3) at 0.005s
f6 start (CPU 0) at 0.013s
f7 start (CPU 0) at 0.017s
f1 done (CPU 2, target 0.500s, real 0.023s)
f8 start (CPU 0) at 0.025s
f5 start (CPU 1) at 0.025s
f11 start (CPU 2) at 0.025s
f2 done (CPU 3, target 0.500s, real 0.024s)
c0 start (CPU 0) at 0.029s
f9 start (CPU 3) at 0.029s
f10 start (CPU 1) at 0.033s
f11 done (CPU 2, target 0.300s, real 0.015s)
f0 done (CPU 2, target 0.500s, real 0.048s)
f9 done (CPU 3, target 0.500s, real 0.025s)
f4 done (CPU 1, target 0.500s, real 0.063s)
f10 done (CPU 2, target 0.500s, real 0.036s)
f3 done (CPU 1, target 0.500s, real 0.069s)
f5 done (CPU 3, target 0.500s, real 0.045s)
f6 done (CPU 2, target 0.500s, real 0.066s)
f7 done (CPU 0, target 0.500s, real 0.065s)
f8 done (CPU 3, target 0.500s, real 0.058s)
c0 done (CPU 1, target 2.500s, real 0.153s)
c1 start (CPU 2) at 0.182s
c1 done (CPU 2, target 2.200s, real 0.103s)
c2 start (CPU 0) at 0.285s
c2 done (CPU 0, target 2.000s, real 0.092s)
c3 start (CPU 2) at 0.377s
c3 done (CPU 2, target 1.800s, real 0.083s)
c4 start (CPU 0) at 0.460s
c4 done (CPU 0, target 1.600s, real 0.077s)
Program total time: 0.537s
all threads done

[stderr]
PROGRAM_TOTAL_NS=537114386

=== prio run (rc=0) ===
f0 start (CPU 0) at 0.000s
f1 start (CPU 2) at 0.000s
f2 start (CPU 3) at 0.000s
f3 start (CPU 2) at 0.000s
f10 start (CPU 2) at 0.000s
f11 start (CPU 3) at 0.000s
c0 start (CPU 2) at 0.000s
f11 done (CPU 3, target 0.300s, real 0.015s)
f0 done (CPU 0, target 0.500s, real 0.025s)
f10 done (CPU 1, target 0.500s, real 0.025s)
f1 done (CPU 3, target 0.500s, real 0.040s)
f5 start (CPU 3) at 0.040s
f4 start (CPU 3) at 0.040s
f2 done (CPU 0, target 0.500s, real 0.050s)
f6 start (CPU 0) at 0.050s
f3 done (CPU 1, target 0.500s, real 0.050s)
f4 done (CPU 3, target 0.500s, real 0.025s)
f7 start (CPU 3) at 0.065s
f5 done (CPU 0, target 0.500s, real 0.035s)
f8 start (CPU 0) at 0.075s
f6 done (CPU 1, target 0.500s, real 0.026s)
f9 start (CPU 1) at 0.076s
f7 done (CPU 3, target 0.500s, real 0.025s)
f8 done (CPU 0, target 0.500s, real 0.025s)
f9 done (CPU 1, target 0.500s, real 0.025s)
c0 done (CPU 2, target 2.500s, real 0.124s)
c1 start (CPU 3) at 0.125s
c1 done (CPU 3, target 2.200s, real 0.107s)
c2 start (CPU 2) at 0.232s
c2 done (CPU 2, target 2.000s, real 0.093s)
c3 start (CPU 3) at 0.325s
c3 done (CPU 3, target 1.800s, real 0.082s)
c4 start (CPU 2) at 0.407s
c4 done (CPU 2, target 1.600s, real 0.077s)
Program total time: 0.484s
all threads done

[stderr]
PROGRAM_TOTAL_NS=484217992

=== baseline run (rc=0) ===
f0 start (CPU 0) at 0.000s
f1 start (CPU 3) at 0.000s
f2 start (CPU 1) at 0.000s
f7 start (CPU 2) at 0.000s
f3 start (CPU 1) at 0.001s
f4 start (CPU 0) at 0.013s
f5 start (CPU 0) at 0.017s
f10 start (CPU 0) at 0.025s
f1 done (CPU 3, target 0.500s, real 0.025s)
f11 start (CPU 3) at 0.026s
f7 done (CPU 2, target 0.500s, real 0.025s)
c0 start (CPU 2) at 0.026s
f6 start (CPU 1) at 0.033s
f8 start (CPU 1) at 0.037s
f9 start (CPU 1) at 0.041s
f11 done (CPU 3, target 0.300s, real 0.015s)
f2 done (CPU 3, target 0.500s, real 0.049s)
f0 done (CPU 3, target 0.500s, real 0.057s)
f3 done (CPU 3, target 0.500s, real 0.062s)
f10 done (CPU 3, target 0.500s, real 0.051s)
f4 done (CPU 0, target 0.500s, real 0.065s)
f5 done (CPU 3, target 0.500s, real 0.065s)
f9 done (CPU 0, target 0.500s, real 0.049s)
f8 done (CPU 3, target 0.500s, real 0.054s)
f6 done (CPU 1, target 0.500s, real 0.061s)
c0 done (CPU 0, target 2.500s, real 0.123s)
c1 start (CPU 2) at 0.149s
c1 done (CPU 2, target 2.200s, real 0.105s)
c2 start (CPU 0) at 0.254s
c2 done (CPU 0, target 2.000s, real 0.092s)
c3 start (CPU 2) at 0.346s
c3 done (CPU 2, target 1.800s, real 0.083s)
c4 start (CPU 0) at 0.429s
c4 done (CPU 0, target 1.600s, real 0.075s)
Program total time: 0.504s
all threads done

[stderr]
PROGRAM_TOTAL_NS=504203713

=== prio run (rc=0) ===
f0 start (CPU 0) at 0.000s
f1 start (CPU 2) at 0.000s
f2 start (CPU 3) at 0.000s
f3 start (CPU 2) at 0.000s
f10 start (CPU 2) at 0.000s
f11 start (CPU 3) at 0.000s
c0 start (CPU 2) at 0.000s
f11 done (CPU 3, target 0.300s, real 0.015s)
f0 done (CPU 0, target 0.500s, real 0.025s)
f10 done (CPU 1, target 0.500s, real 0.025s)
f1 done (CPU 3, target 0.500s, real 0.039s)
f5 start (CPU 3) at 0.039s
f4 start (CPU 3) at 0.039s
f2 done (CPU 0, target 0.500s, real 0.049s)
f6 start (CPU 0) at 0.049s
f3 done (CPU 1, target 0.500s, real 0.049s)
f4 done (CPU 3, target 0.500s, real 0.025s)
f7 start (CPU 3) at 0.064s
f5 done (CPU 0, target 0.500s, real 0.034s)
f8 start (CPU 0) at 0.074s
f6 done (CPU 1, target 0.500s, real 0.025s)
f9 start (CPU 1) at 0.074s
f7 done (CPU 3, target 0.500s, real 0.024s)
f8 done (CPU 0, target 0.500s, real 0.024s)
f9 done (CPU 1, target 0.500s, real 0.024s)
c0 done (CPU 2, target 2.500s, real 0.122s)
c1 start (CPU 3) at 0.122s
c1 done (CPU 3, target 2.200s, real 0.106s)
c2 start (CPU 2) at 0.228s
c2 done (CPU 2, target 2.000s, real 0.092s)
c3 start (CPU 3) at 0.321s
c3 done (CPU 3, target 1.800s, real 0.082s)
c4 start (CPU 2) at 0.403s
c4 done (CPU 2, target 1.600s, real 0.073s)
Program total time: 0.476s
all threads done

[stderr]
PROGRAM_TOTAL_NS=476256918

=== baseline run (rc=0) ===
f0 start (CPU 0) at 0.000s
f1 start (CPU 3) at 0.000s
f3 start (CPU 1) at 0.000s
f2 start (CPU 2) at 0.000s
f4 start (CPU 1) at 0.002s
f6 start (CPU 0) at 0.014s
f7 start (CPU 0) at 0.018s
f8 start (CPU 0) at 0.022s
f9 start (CPU 0) at 0.026s
f1 done (CPU 3, target 0.500s, real 0.028s)
f5 start (CPU 3) at 0.028s
f10 start (CPU 1) at 0.030s
f2 done (CPU 2, target 0.500s, real 0.033s)
f11 start (CPU 1) at 0.034s
c0 start (CPU 1) at 0.038s
f5 done (CPU 3, target 0.500s, real 0.025s)
f6 done (CPU 2, target 0.500s, real 0.041s)
f3 done (CPU 2, target 0.500s, real 0.061s)
f11 done (CPU 3, target 0.300s, real 0.030s)
f0 done (CPU 2, target 0.500s, real 0.064s)
f9 done (CPU 3, target 0.500s, real 0.051s)
f4 done (CPU 1, target 0.500s, real 0.076s)
f7 done (CPU 3, target 0.500s, real 0.063s)
f10 done (CPU 2, target 0.500s, real 0.051s)
f8 done (CPU 0, target 0.500s, real 0.066s)
c0 done (CPU 1, target 2.500s, real 0.142s)
c1 start (CPU 2) at 0.181s
c1 done (CPU 2, target 2.200s, real 0.102s)
c2 start (CPU 0) at 0.283s
c2 done (CPU 0, target 2.000s, real 0.092s)
c3 start (CPU 2) at 0.375s
c3 done (CPU 2, target 1.800s, real 0.083s)
c4 start (CPU 0) at 0.458s
c4 done (CPU 0, target 1.600s, real 0.076s)
Program total time: 0.534s
all threads done

[stderr]
PROGRAM_TOTAL_NS=533760917

=== prio run (rc=0) ===
f1 start (CPU 1) at 0.000s
f0 start (CPU 2) at 0.000s
f3 start (CPU 2) at 0.000s
f2 start (CPU 3) at 0.000s
f10 start (CPU 3) at 0.000s
c0 start (CPU 1) at 0.000s
f11 start (CPU 0) at 0.000s
f11 done (CPU 0, target 0.300s, real 0.015s)
f0 done (CPU 2, target 0.500s, real 0.025s)
f10 done (CPU 3, target 0.500s, real 0.025s)
f6 start (CPU 3) at 0.025s
f5 start (CPU 3) at 0.026s
f1 done (CPU 0, target 0.500s, real 0.040s)
f9 start (CPU 0) at 0.040s
f4 start (CPU 0) at 0.040s
f2 done (CPU 2, target 0.500s, real 0.050s)
f3 done (CPU 3, target 0.500s, real 0.051s)
f4 done (CPU 0, target 0.500s, real 0.025s)
f7 start (CPU 0) at 0.066s
f5 done (CPU 2, target 0.500s, real 0.050s)
f8 start (CPU 2) at 0.076s
f6 done (CPU 3, target 0.500s, real 0.051s)
f7 done (CPU 0, target 0.500s, real 0.025s)
f8 done (CPU 2, target 0.500s, real 0.025s)
f9 done (CPU 3, target 0.500s, real 0.061s)
c0 done (CPU 1, target 2.500s, real 0.126s)
c1 start (CPU 1) at 0.126s
c1 done (CPU 1, target 2.200s, real 0.107s)
c2 start (CPU 1) at 0.234s
c2 done (CPU 1, target 2.000s, real 0.092s)
c3 start (CPU 1) at 0.326s
c3 done (CPU 1, target 1.800s, real 0.083s)
c4 start (CPU 0) at 0.409s
c4 done (CPU 2, target 1.600s, real 0.074s)
Program total time: 0.484s
all threads done

[stderr]
PROGRAM_TOTAL_NS=483772785

=== baseline run (rc=0) ===
f0 start (CPU 2) at 0.000s
f1 start (CPU 1) at 0.000s
f3 start (CPU 3) at 0.000s
f11 start (CPU 0) at 0.001s
c0 start (CPU 0) at 0.002s
f10 start (CPU 0) at 0.006s
f9 start (CPU 0) at 0.010s
f5 start (CPU 3) at 0.010s
f2 start (CPU 1) at 0.000s
f8 start (CPU 0) at 0.018s
f7 start (CPU 0) at 0.022s
f0 done (CPU 2, target 0.500s, real 0.024s)
f4 start (CPU 2) at 0.026s
f6 start (CPU 0) at 0.034s
f3 done (CPU 3, target 0.500s, real 0.041s)
f1 done (CPU 1, target 0.500s, real 0.045s)
f4 done (CPU 2, target 0.500s, real 0.025s)
f2 done (CPU 1, target 0.500s, real 0.052s)
f5 done (CPU 3, target 0.500s, real 0.046s)
f6 done (CPU 2, target 0.500s, real 0.041s)
f7 done (CPU 3, target 0.500s, real 0.053s)
f11 done (CPU 1, target 0.300s, real 0.075s)
f8 done (CPU 3, target 0.500s, real 0.065s)
f10 done (CPU 1, target 0.500s, real 0.082s)
f9 done (CPU 1, target 0.500s, real 0.083s)
c0 done (CPU 0, target 2.500s, real 0.177s)
c1 start (CPU 2) at 0.179s
c1 done (CPU 2, target 2.200s, real 0.101s)
c2 start (CPU 0) at 0.280s
c2 done (CPU 2, target 2.000s, real 0.092s)
c3 start (CPU 0) at 0.372s
c3 done (CPU 0, target 1.800s, real 0.084s)
c4 start (CPU 2) at 0.456s
c4 done (CPU 2, target 1.600s, real 0.076s)
Program total time: 0.532s
all threads done

[stderr]
PROGRAM_TOTAL_NS=531649674

=== prio run (rc=0) ===
f0 start (CPU 0) at 0.000s
f1 start (CPU 2) at 0.000s
f2 start (CPU 3) at 0.000s
f3 start (CPU 2) at 0.000s
f10 start (CPU 2) at 0.000s
f11 start (CPU 3) at 0.000s
c0 start (CPU 2) at 0.000s
f11 done (CPU 3, target 0.300s, real 0.015s)
f0 done (CPU 0, target 0.500s, real 0.025s)
f10 done (CPU 1, target 0.500s, real 0.025s)
f1 done (CPU 3, target 0.500s, real 0.041s)
f5 start (CPU 3) at 0.041s
f4 start (CPU 3) at 0.041s
f2 done (CPU 0, target 0.500s, real 0.050s)
f3 done (CPU 1, target 0.500s, real 0.050s)
f6 start (CPU 0) at 0.051s
f7 start (CPU 1) at 0.051s
f4 done (CPU 3, target 0.500s, real 0.026s)
f9 start (CPU 3) at 0.067s
f5 done (CPU 0, target 0.500s, real 0.035s)
f8 start (CPU 0) at 0.076s
f6 done (CPU 1, target 0.500s, real 0.026s)
f7 done (CPU 3, target 0.500s, real 0.041s)
f8 done (CPU 0, target 0.500s, real 0.025s)
f9 done (CPU 1, target 0.500s, real 0.034s)
c0 done (CPU 2, target 2.500s, real 0.123s)
c1 start (CPU 3) at 0.124s
c1 done (CPU 3, target 2.200s, real 0.110s)
c2 start (CPU 2) at 0.234s
c2 done (CPU 2, target 2.000s, real 0.092s)
c3 start (CPU 3) at 0.326s
c3 done (CPU 3, target 1.800s, real 0.083s)
c4 start (CPU 2) at 0.409s
c4 done (CPU 2, target 1.600s, real 0.074s)
Program total time: 0.483s
all threads done

[stderr]
PROGRAM_TOTAL_NS=483013889

=== baseline run (rc=0) ===
f0 start (CPU 0) at 0.000s
f1 start (CPU 3) at 0.000s
f2 start (CPU 1) at 0.000s
f7 start (CPU 2) at 0.000s
f3 start (CPU 1) at 0.004s
f5 start (CPU 0) at 0.013s
f4 start (CPU 1) at 0.013s
f6 start (CPU 0) at 0.017s
f8 start (CPU 0) at 0.021s
f9 start (CPU 0) at 0.025s
f7 done (CPU 2, target 0.500s, real 0.026s)
f10 start (CPU 0) at 0.029s
f1 done (CPU 3, target 0.500s, real 0.036s)
c0 start (CPU 3) at 0.036s
f11 start (CPU 1) at 0.048s
f5 done (CPU 2, target 0.500s, real 0.037s)
f3 done (CPU 2, target 0.500s, real 0.058s)
f4 done (CPU 1, target 0.500s, real 0.060s)
f2 done (CPU 2, target 0.500s, real 0.078s)
f11 done (CPU 2, target 0.300s, real 0.033s)
f6 done (CPU 1, target 0.500s, real 0.065s)
f0 done (CPU 2, target 0.500s, real 0.083s)
f9 done (CPU 1, target 0.500s, real 0.066s)
f8 done (CPU 0, target 0.500s, real 0.073s)
f10 done (CPU 2, target 0.500s, real 0.065s)
c0 done (CPU 3, target 2.500s, real 0.125s)
c1 start (CPU 0) at 0.161s
c1 done (CPU 0, target 2.200s, real 0.106s)
c2 start (CPU 3) at 0.267s
c2 done (CPU 3, target 2.000s, real 0.092s)
c3 start (CPU 0) at 0.359s
c3 done (CPU 0, target 1.800s, real 0.084s)
c4 start (CPU 3) at 0.444s
c4 done (CPU 3, target 1.600s, real 0.074s)
Program total time: 0.518s
all threads done

[stderr]
PROGRAM_TOTAL_NS=518305789

=== prio run (rc=0) ===
f0 start (CPU 1) at 0.000s
f1 start (CPU 2) at 0.000s
f2 start (CPU 3) at 0.000s
f10 start (CPU 3) at 0.000s
c0 start (CPU 2) at 0.000s
f11 start (CPU 0) at 0.000s
f11 done (CPU 0, target 0.300s, real 0.015s)
f0 done (CPU 1, target 0.500s, real 0.025s)
f10 done (CPU 3, target 0.500s, real 0.025s)
f3 start (CPU 3) at 0.025s
f1 done (CPU 0, target 0.500s, real 0.040s)
f4 start (CPU 0) at 0.040s
f2 done (CPU 1, target 0.500s, real 0.049s)
f5 start (CPU 1) at 0.050s
f3 done (CPU 3, target 0.500s, real 0.024s)
f6 start (CPU 3) at 0.050s
f4 done (CPU 0, target 0.500s, real 0.024s)
f7 start (CPU 0) at 0.065s
f5 done (CPU 1, target 0.500s, real 0.025s)
f8 start (CPU 1) at 0.075s
f6 done (CPU 3, target 0.500s, real 0.025s)
f9 start (CPU 3) at 0.075s
f7 done (CPU 0, target 0.500s, real 0.025s)
f8 done (CPU 1, target 0.500s, real 0.025s)
f9 done (CPU 3, target 0.500s, real 0.025s)
c0 done (CPU 2, target 2.500s, real 0.124s)
c1 start (CPU 3) at 0.125s
c1 done (CPU 3, target 2.200s, real 0.109s)
c2 start (CPU 2) at 0.234s
c2 done (CPU 2, target 2.000s, real 0.092s)
c3 start (CPU 3) at 0.326s
c3 done (CPU 3, target 1.800s, real 0.083s)
c4 start (CPU 2) at 0.409s
c4 done (CPU 2, target 1.600s, real 0.073s)
Program total time: 0.482s
all threads done

[stderr]
PROGRAM_TOTAL_NS=481756875

=== baseline run (rc=0) ===
f0 start (CPU 1) at 0.000s
f3 start (CPU 3) at 0.000s
f1 start (CPU 3) at 0.000s
f4 start (CPU 0) at 0.000s
f2 start (CPU 3) at 0.000s
f5 start (CPU 0) at 0.002s
f7 start (CPU 1) at 0.014s
f8 start (CPU 1) at 0.022s
f9 start (CPU 1) at 0.026s
f3 done (CPU 2, target 0.500s, real 0.026s)
f6 start (CPU 0) at 0.030s
f10 start (CPU 1) at 0.030s
f11 start (CPU 0) at 0.038s
f2 done (CPU 3, target 0.500s, real 0.040s)
c0 start (CPU 3) at 0.042s
f1 done (CPU 2, target 0.500s, real 0.043s)
f4 done (CPU 0, target 0.500s, real 0.064s)
f7 done (CPU 2, target 0.500s, real 0.059s)
f5 done (CPU 0, target 0.500s, real 0.072s)
f0 done (CPU 1, target 0.500s, real 0.074s)
f11 done (CPU 0, target 0.300s, real 0.039s)
f6 done (CPU 0, target 0.500s, real 0.058s)
f10 done (CPU 2, target 0.500s, real 0.058s)
f8 done (CPU 1, target 0.500s, real 0.076s)
f9 done (CPU 1, target 0.500s, real 0.076s)
c0 done (CPU 3, target 2.500s, real 0.125s)
c1 start (CPU 1) at 0.167s
c1 done (CPU 1, target 2.200s, real 0.101s)
c2 start (CPU 3) at 0.268s
c2 done (CPU 3, target 2.000s, real 0.092s)
c3 start (CPU 0) at 0.360s
c3 done (CPU 0, target 1.800s, real 0.084s)
c4 start (CPU 3) at 0.444s
c4 done (CPU 3, target 1.600s, real 0.076s)
Program total time: 0.520s
all threads done

[stderr]
PROGRAM_TOTAL_NS=520466355

=== prio run (rc=0) ===
f0 start (CPU 1) at 0.000s
f4 start (CPU 3) at 0.000s
f3 start (CPU 2) at 0.000s
f6 start (CPU 1) at 0.000s
f1 start (CPU 2) at 0.000s
f10 start (CPU 2) at 0.000s
f11 start (CPU 1) at 0.000s
c0 start (CPU 2) at 0.000s
f11 done (CPU 1, target 0.300s, real 0.015s)
f0 done (CPU 3, target 0.500s, real 0.025s)
f2 start (CPU 3) at 0.000s
f10 done (CPU 0, target 0.500s, real 0.025s)
f1 done (CPU 1, target 0.500s, real 0.040s)
f7 start (CPU 1) at 0.040s
f2 done (CPU 3, target 0.500s, real 0.049s)
f5 start (CPU 3) at 0.050s
f3 done (CPU 0, target 0.500s, real 0.050s)
f4 done (CPU 1, target 0.500s, real 0.064s)
f5 done (CPU 3, target 0.500s, real 0.024s)
f9 start (CPU 3) at 0.074s
f8 start (CPU 3) at 0.074s
f6 done (CPU 0, target 0.500s, real 0.075s)
f7 done (CPU 1, target 0.500s, real 0.049s)
f8 done (CPU 3, target 0.500s, real 0.024s)
f9 done (CPU 0, target 0.500s, real 0.026s)
c0 done (CPU 2, target 2.500s, real 0.121s)
c1 start (CPU 3) at 0.122s
c1 done (CPU 3, target 2.200s, real 0.110s)
c2 start (CPU 2) at 0.232s
c2 done (CPU 2, target 2.000s, real 0.100s)
c3 start (CPU 3) at 0.331s
c3 done (CPU 3, target 1.800s, real 0.085s)
c4 start (CPU 2) at 0.416s
c4 done (CPU 2, target 1.600s, real 0.073s)
Program total time: 0.489s
all threads done

[stderr]
PROGRAM_TOTAL_NS=489430546

=== baseline run (rc=0) ===
f0 start (CPU 1) at 0.000s
f1 start (CPU 3) at 0.000s
f3 start (CPU 0) at 0.000s
f2 start (CPU 2) at 0.000s
f4 start (CPU 0) at 0.001s
f6 start (CPU 1) at 0.013s
f7 start (CPU 1) at 0.017s
f8 start (CPU 1) at 0.025s
f1 done (CPU 3, target 0.500s, real 0.026s)
f5 start (CPU 0) at 0.029s
f9 start (CPU 1) at 0.029s
f10 start (CPU 3) at 0.029s
f11 start (CPU 0) at 0.033s
f2 done (CPU 2, target 0.500s, real 0.034s)
c0 start (CPU 0) at 0.041s
f0 done (CPU 1, target 0.500s, real 0.043s)
f4 done (CPU 1, target 0.500s, real 0.051s)
f10 done (CPU 3, target 0.500s, real 0.026s)
f3 done (CPU 0, target 0.500s, real 0.068s)
f11 done (CPU 0, target 0.300s, real 0.038s)
f5 done (CPU 1, target 0.500s, real 0.044s)
f8 done (CPU 2, target 0.500s, real 0.053s)
f6 done (CPU 1, target 0.500s, real 0.068s)
f9 done (CPU 2, target 0.500s, real 0.053s)
f7 done (CPU 3, target 0.500s, real 0.068s)
c0 done (CPU 2, target 2.500s, real 0.139s)
c1 start (CPU 0) at 0.180s
c1 done (CPU 0, target 2.200s, real 0.103s)
c2 start (CPU 2) at 0.283s
c2 done (CPU 2, target 2.000s, real 0.092s)
c3 start (CPU 0) at 0.375s
c3 done (CPU 0, target 1.800s, real 0.085s)
c4 start (CPU 2) at 0.460s
c4 done (CPU 2, target 1.600s, real 0.079s)
Program total time: 0.540s
all threads done

[stderr]
PROGRAM_TOTAL_NS=539591505

=== prio run (rc=0) ===
f0 start (CPU 0) at 0.000s
f1 start (CPU 2) at 0.000s
f2 start (CPU 3) at 0.000s
f5 start (CPU 0) at 0.000s
f4 start (CPU 3) at 0.000s
f10 start (CPU 3) at 0.000s
f11 start (CPU 0) at 0.000s
c0 start (CPU 3) at 0.000s
f11 done (CPU 0, target 0.300s, real 0.014s)
f0 done (CPU 2, target 0.500s, real 0.023s)
f3 start (CPU 2) at 0.023s
f10 done (CPU 1, target 0.500s, real 0.024s)
f1 done (CPU 0, target 0.500s, real 0.037s)
f7 start (CPU 0) at 0.037s
f2 done (CPU 2, target 0.500s, real 0.046s)
f3 done (CPU 1, target 0.500s, real 0.025s)
f6 start (CPU 1) at 0.048s
f4 done (CPU 0, target 0.500s, real 0.060s)
f5 done (CPU 2, target 0.500s, real 0.071s)
f8 start (CPU 2) at 0.071s
f6 done (CPU 1, target 0.500s, real 0.024s)
f9 start (CPU 1) at 0.073s
f7 done (CPU 0, target 0.500s, real 0.049s)
f8 done (CPU 2, target 0.500s, real 0.024s)
f9 done (CPU 1, target 0.500s, real 0.024s)
c0 done (CPU 3, target 2.500s, real 0.122s)
c1 start (CPU 2) at 0.122s
c1 done (CPU 2, target 2.200s, real 0.110s)
c2 start (CPU 3) at 0.232s
c2 done (CPU 3, target 2.000s, real 0.100s)
c3 start (CPU 2) at 0.332s
c3 done (CPU 2, target 1.800s, real 0.083s)
c4 start (CPU 3) at 0.415s
c4 done (CPU 3, target 1.600s, real 0.072s)
Program total time: 0.488s
all threads done

[stderr]
PROGRAM_TOTAL_NS=487651751

=== baseline run (rc=0) ===
f0 start (CPU 0) at 0.000s
f1 start (CPU 2) at 0.000s
f3 start (CPU 1) at 0.000s
f4 start (CPU 1) at 0.003s
f2 start (CPU 2) at 0.000s
f6 start (CPU 0) at 0.016s
f7 start (CPU 0) at 0.020s
f1 done (CPU 2, target 0.500s, real 0.023s)
f5 start (CPU 2) at 0.024s
f2 done (CPU 3, target 0.500s, real 0.027s)
f8 start (CPU 0) at 0.028s
f10 start (CPU 1) at 0.028s
f9 start (CPU 0) at 0.031s
f11 start (CPU 1) at 0.031s
c0 start (CPU 1) at 0.035s
f0 done (CPU 3, target 0.500s, real 0.039s)
f5 done (CPU 2, target 0.500s, real 0.024s)
f4 done (CPU 3, target 0.500s, real 0.054s)
f11 done (CPU 2, target 0.300s, real 0.026s)
f3 done (CPU 1, target 0.500s, real 0.066s)
f9 done (CPU 3, target 0.500s, real 0.042s)
f10 done (CPU 1, target 0.500s, real 0.051s)
f8 done (CPU 3, target 0.500s, real 0.053s)
f7 done (CPU 1, target 0.500s, real 0.068s)
f6 done (CPU 0, target 0.500s, real 0.072s)
c0 done (CPU 2, target 2.500s, real 0.140s)
c1 start (CPU 0) at 0.175s
c1 done (CPU 0, target 2.200s, real 0.102s)
c2 start (CPU 2) at 0.277s
c2 done (CPU 2, target 2.000s, real 0.091s)
c3 start (CPU 1) at 0.368s
c3 done (CPU 1, target 1.800s, real 0.086s)
c4 start (CPU 2) at 0.455s
c4 done (CPU 2, target 1.600s, real 0.080s)
Program total time: 0.536s
all threads done

[stderr]
PROGRAM_TOTAL_NS=535540892

=== prio run (rc=0) ===
f0 start (CPU 1) at 0.000s
f1 start (CPU 2) at 0.000s
f2 start (CPU 3) at 0.000s
f3 start (CPU 2) at 0.000s
f10 start (CPU 2) at 0.000s
f11 start (CPU 3) at 0.000s
c0 start (CPU 3) at 0.000s
f11 done (CPU 0, target 0.300s, real 0.015s)
f0 done (CPU 1, target 0.500s, real 0.025s)
f10 done (CPU 2, target 0.500s, real 0.025s)
f1 done (CPU 0, target 0.500s, real 0.040s)
f4 start (CPU 0) at 0.040s
f2 done (CPU 1, target 0.500s, real 0.050s)
f6 start (CPU 1) at 0.050s
f5 start (CPU 1) at 0.050s
f3 done (CPU 2, target 0.500s, real 0.050s)
f7 start (CPU 2) at 0.050s
f4 done (CPU 0, target 0.500s, real 0.024s)
f5 done (CPU 1, target 0.500s, real 0.025s)
f8 start (CPU 1) at 0.075s
f6 done (CPU 2, target 0.500s, real 0.025s)
f9 start (CPU 2) at 0.075s
f7 done (CPU 0, target 0.500s, real 0.039s)
f8 done (CPU 1, target 0.500s, real 0.024s)
f9 done (CPU 2, target 0.500s, real 0.024s)
c0 done (CPU 3, target 2.500s, real 0.123s)
c1 start (CPU 2) at 0.124s
c1 done (CPU 2, target 2.200s, real 0.110s)
c2 start (CPU 3) at 0.234s
c2 done (CPU 3, target 2.000s, real 0.092s)
c3 start (CPU 2) at 0.326s
c3 done (CPU 2, target 1.800s, real 0.084s)
c4 start (CPU 3) at 0.409s
c4 done (CPU 3, target 1.600s, real 0.073s)
Program total time: 0.483s
all threads done

[stderr]
PROGRAM_TOTAL_NS=482861458

=== baseline run (rc=0) ===
f0 start (CPU 1) at 0.000s
f1 start (CPU 2) at 0.000s
f2 start (CPU 0) at 0.000s
f4 start (CPU 3) at 0.000s
f5 start (CPU 0) at 0.010s
f7 start (CPU 1) at 0.010s
f8 start (CPU 1) at 0.014s
f6 start (CPU 0) at 0.014s
f3 start (CPU 2) at 0.014s
f9 start (CPU 1) at 0.018s
f11 start (CPU 0) at 0.019s
f10 start (CPU 1) at 0.023s
c0 start (CPU 0) at 0.023s
f4 done (CPU 3, target 0.500s, real 0.029s)
f1 done (CPU 2, target 0.500s, real 0.032s)
f3 done (CPU 3, target 0.500s, real 0.030s)
f6 done (CPU 2, target 0.500s, real 0.040s)
f10 done (CPU 3, target 0.500s, real 0.039s)
f2 done (CPU 3, target 0.500s, real 0.069s)
f11 done (CPU 2, target 0.300s, real 0.054s)
f5 done (CPU 2, target 0.500s, real 0.067s)
f0 done (CPU 2, target 0.500s, real 0.079s)
f8 done (CPU 3, target 0.500s, real 0.069s)
f7 done (CPU 3, target 0.500s, real 0.076s)
f9 done (CPU 1, target 0.500s, real 0.072s)
c0 done (CPU 0, target 2.500s, real 0.151s)
c1 start (CPU 3) at 0.174s
c1 done (CPU 3, target 2.200s, real 0.109s)
c2 start (CPU 0) at 0.283s
c2 done (CPU 0, target 2.000s, real 0.098s)
c3 start (CPU 2) at 0.381s
c3 done (CPU 2, target 1.800s, real 0.090s)
c4 start (CPU 0) at 0.470s
c4 done (CPU 0, target 1.600s, real 0.080s)
Program total time: 0.550s
all threads done

[stderr]
PROGRAM_TOTAL_NS=550290346

=== prio run (rc=0) ===
f0 start (CPU 0) at 0.000s
f1 start (CPU 2) at 0.000s
f2 start (CPU 3) at 0.000s
f6 start (CPU 0) at 0.000s
f3 start (CPU 0) at 0.000s
f10 start (CPU 0) at 0.000s
f11 start (CPU 2) at 0.000s
c0 start (CPU 2) at 0.000s
f11 done (CPU 1, target 0.300s, real 0.015s)
f10 done (CPU 0, target 0.500s, real 0.027s)
f0 done (CPU 3, target 0.500s, real 0.042s)
f4 start (CPU 3) at 0.043s
f1 done (CPU 1, target 0.500s, real 0.043s)
f5 start (CPU 1) at 0.043s
f2 done (CPU 0, target 0.500s, real 0.051s)
f8 start (CPU 0) at 0.051s
f3 done (CPU 3, target 0.500s, real 0.067s)
f4 done (CPU 1, target 0.500s, real 0.025s)
f9 start (CPU 1) at 0.068s
f7 start (CPU 1) at 0.068s
f5 done (CPU 0, target 0.500s, real 0.033s)
f6 done (CPU 3, target 0.500s, real 0.093s)
f7 done (CPU 1, target 0.500s, real 0.025s)
f8 done (CPU 0, target 0.500s, real 0.051s)
f9 done (CPU 3, target 0.500s, real 0.049s)
c0 done (CPU 2, target 2.500s, real 0.122s)
c1 start (CPU 3) at 0.123s
c1 done (CPU 3, target 2.200s, real 0.110s)
c2 start (CPU 2) at 0.232s
c2 done (CPU 2, target 2.000s, real 0.100s)
c3 start (CPU 3) at 0.333s
c3 done (CPU 3, target 1.800s, real 0.086s)
c4 start (CPU 2) at 0.419s
c4 done (CPU 2, target 1.600s, real 0.073s)
Program total time: 0.492s
all threads done

[stderr]
PROGRAM_TOTAL_NS=492505873

=== baseline run (rc=0) ===
f0 start (CPU 0) at 0.000s
f2 start (CPU 2) at 0.000s
f1 start (CPU 2) at 0.000s
f7 start (CPU 3) at 0.000s
f10 start (CPU 0) at 0.009s
f9 start (CPU 1) at 0.009s
f8 start (CPU 1) at 0.009s
f11 start (CPU 0) at 0.014s
c0 start (CPU 0) at 0.018s
f7 done (CPU 3, target 0.500s, real 0.023s)
f2 done (CPU 2, target 0.500s, real 0.024s)
f3 start (CPU 1) at 0.026s
f5 start (CPU 3) at 0.026s
f6 start (CPU 2) at 0.026s
f4 start (CPU 0) at 0.030s
f6 done (CPU 2, target 0.500s, real 0.025s)
f5 done (CPU 3, target 0.500s, real 0.025s)
f1 done (CPU 2, target 0.500s, real 0.058s)
f0 done (CPU 0, target 0.500s, real 0.069s)
f11 done (CPU 0, target 0.300s, real 0.058s)
f10 done (CPU 2, target 0.500s, real 0.065s)
f9 done (CPU 1, target 0.500s, real 0.073s)
f4 done (CPU 0, target 0.500s, real 0.055s)
f8 done (CPU 2, target 0.500s, real 0.078s)
f3 done (CPU 0, target 0.500s, real 0.067s)
c0 done (CPU 3, target 2.500s, real 0.150s)
c1 start (CPU 1) at 0.168s
c1 done (CPU 1, target 2.200s, real 0.105s)
c2 start (CPU 3) at 0.273s
c2 done (CPU 3, target 2.000s, real 0.094s)
c3 start (CPU 0) at 0.367s
c3 done (CPU 2, target 1.800s, real 0.087s)
c4 start (CPU 0) at 0.454s
c4 done (CPU 0, target 1.600s, real 0.076s)
Program total time: 0.530s
all threads done

[stderr]
PROGRAM_TOTAL_NS=529743520

=== prio run (rc=0) ===
f0 start (CPU 1) at 0.000s
f1 start (CPU 2) at 0.000s
f2 start (CPU 3) at 0.000s
f10 start (CPU 3) at 0.000s
f11 start (CPU 2) at 0.001s
c0 start (CPU 2) at 0.001s
f11 done (CPU 0, target 0.300s, real 0.015s)
f10 done (CPU 3, target 0.500s, real 0.025s)
f0 done (CPU 1, target 0.500s, real 0.025s)
f3 start (CPU 1) at 0.026s
f1 done (CPU 0, target 0.500s, real 0.038s)
f4 start (CPU 0) at 0.038s
f2 done (CPU 3, target 0.500s, real 0.049s)
f5 start (CPU 3) at 0.049s
f3 done (CPU 1, target 0.500s, real 0.024s)
f6 start (CPU 1) at 0.050s
f4 done (CPU 0, target 0.500s, real 0.024s)
f7 start (CPU 0) at 0.063s
f5 done (CPU 3, target 0.500s, real 0.024s)
f8 start (CPU 3) at 0.073s
f6 done (CPU 1, target 0.500s, real 0.024s)
f9 start (CPU 1) at 0.074s
f7 done (CPU 0, target 0.500s, real 0.024s)
f8 done (CPU 3, target 0.500s, real 0.024s)
f9 done (CPU 1, target 0.500s, real 0.024s)
c0 done (CPU 2, target 2.500s, real 0.121s)
c1 start (CPU 3) at 0.122s
c1 done (CPU 3, target 2.200s, real 0.109s)
c2 start (CPU 2) at 0.231s
c2 done (CPU 2, target 2.000s, real 0.092s)
c3 start (CPU 3) at 0.323s
c3 done (CPU 3, target 1.800s, real 0.084s)
c4 start (CPU 2) at 0.407s
c4 done (CPU 2, target 1.600s, real 0.072s)
Program total time: 0.479s
all threads done

[stderr]
PROGRAM_TOTAL_NS=478669088

=== baseline run (rc=0) ===
f0 start (CPU 1) at 0.000s
f1 start (CPU 3) at 0.000s
f3 start (CPU 0) at 0.000s
f2 start (CPU 2) at 0.000s
f4 start (CPU 0) at 0.015s
f6 start (CPU 1) at 0.015s
f5 start (CPU 0) at 0.019s
f7 start (CPU 1) at 0.019s
f10 start (CPU 0) at 0.023s
f1 done (CPU 3, target 0.500s, real 0.023s)
f2 done (CPU 2, target 0.500s, real 0.026s)
f11 start (CPU 0) at 0.027s
f8 start (CPU 1) at 0.027s
c0 start (CPU 2) at 0.027s
f9 start (CPU 1) at 0.030s
f4 done (CPU 3, target 0.500s, real 0.032s)
f3 done (CPU 0, target 0.500s, real 0.053s)
f7 done (CPU 3, target 0.500s, real 0.045s)
f0 done (CPU 3, target 0.500s, real 0.064s)
f11 done (CPU 0, target 0.300s, real 0.043s)
f8 done (CPU 3, target 0.500s, real 0.051s)
f9 done (CPU 1, target 0.500s, real 0.053s)
f6 done (CPU 3, target 0.500s, real 0.071s)
f5 done (CPU 0, target 0.500s, real 0.071s)
f10 done (CPU 0, target 0.500s, real 0.070s)
c0 done (CPU 1, target 2.500s, real 0.122s)
c1 start (CPU 2) at 0.149s
c1 done (CPU 2, target 2.200s, real 0.105s)
c2 start (CPU 0) at 0.254s
c2 done (CPU 0, target 2.000s, real 0.098s)
c3 start (CPU 2) at 0.352s
c3 done (CPU 2, target 1.800s, real 0.086s)
c4 start (CPU 0) at 0.438s
c4 done (CPU 0, target 1.600s, real 0.073s)
Program total time: 0.512s
all threads done

[stderr]
PROGRAM_TOTAL_NS=511791269

=== prio run (rc=0) ===
f0 start (CPU 3) at 0.000s
f1 start (CPU 0) at 0.000s
f2 start (CPU 1) at 0.000s
f7 start (CPU 3) at 0.000s
f10 start (CPU 1) at 0.000s
f11 start (CPU 3) at 0.000s
c0 start (CPU 3) at 0.000s
f11 done (CPU 2, target 0.300s, real 0.014s)
f3 start (CPU 2) at 0.014s
f10 done (CPU 1, target 0.500s, real 0.027s)
f4 start (CPU 1) at 0.027s
f0 done (CPU 0, target 0.500s, real 0.034s)
f5 start (CPU 0) at 0.034s
f1 done (CPU 2, target 0.500s, real 0.041s)
f2 done (CPU 1, target 0.500s, real 0.052s)
f6 start (CPU 1) at 0.053s
f3 done (CPU 0, target 0.500s, real 0.045s)
f4 done (CPU 2, target 0.500s, real 0.039s)
f8 start (CPU 2) at 0.066s
f5 done (CPU 1, target 0.500s, real 0.043s)
f6 done (CPU 0, target 0.500s, real 0.032s)
f9 start (CPU 0) at 0.085s
f7 done (CPU 2, target 0.500s, real 0.091s)
f8 done (CPU 1, target 0.500s, real 0.036s)
f9 done (CPU 0, target 0.500s, real 0.025s)
c0 done (CPU 3, target 2.500s, real 0.124s)
c1 start (CPU 0) at 0.124s
c1 done (CPU 0, target 2.200s, real 0.111s)
c2 start (CPU 1) at 0.235s
c2 done (CPU 1, target 2.000s, real 0.101s)
c3 start (CPU 0) at 0.336s
c3 done (CPU 0, target 1.800s, real 0.086s)
c4 start (CPU 1) at 0.422s
c4 done (CPU 1, target 1.600s, real 0.073s)
Program total time: 0.495s
all threads done

[stderr]
PROGRAM_TOTAL_NS=495065703

=== baseline run (rc=0) ===
f0 start (CPU 3) at 0.000s
f1 start (CPU 1) at 0.000s
f2 start (CPU 2) at 0.000s
f7 start (CPU 0) at 0.000s
f8 start (CPU 3) at 0.014s
f11 start (CPU 2) at 0.014s
f9 start (CPU 3) at 0.018s
c0 start (CPU 2) at 0.018s
f10 start (CPU 3) at 0.021s
f3 start (CPU 2) at 0.022s
f7 done (CPU 0, target 0.500s, real 0.023s)
f4 start (CPU 2) at 0.026s
f1 done (CPU 1, target 0.500s, real 0.027s)
f5 start (CPU 3) at 0.030s
f6 start (CPU 1) at 0.030s
f2 done (CPU 0, target 0.500s, real 0.051s)
f6 done (CPU 1, target 0.500s, real 0.024s)
f0 done (CPU 1, target 0.500s, real 0.064s)
f11 done (CPU 1, target 0.300s, real 0.055s)
f8 done (CPU 0, target 0.500s, real 0.056s)
f5 done (CPU 1, target 0.500s, real 0.052s)
f10 done (CPU 3, target 0.500s, real 0.065s)
f9 done (CPU 3, target 0.500s, real 0.069s)
f4 done (CPU 3, target 0.500s, real 0.062s)
f3 done (CPU 2, target 0.500s, real 0.068s)
c0 done (CPU 0, target 2.500s, real 0.159s)
c1 start (CPU 3) at 0.177s
c1 done (CPU 3, target 2.200s, real 0.109s)
c2 start (CPU 0) at 0.286s
c2 done (CPU 0, target 2.000s, real 0.101s)
c3 start (CPU 2) at 0.386s
c3 done (CPU 2, target 1.800s, real 0.086s)
c4 start (CPU 0) at 0.472s
c4 done (CPU 0, target 1.600s, real 0.073s)
Program total time: 0.546s
all threads done

[stderr]
PROGRAM_TOTAL_NS=545714006

=== prio run (rc=0) ===
f0 start (CPU 3) at 0.000s
f2 start (CPU 1) at 0.000s
f1 start (CPU 0) at 0.000s
f10 start (CPU 1) at 0.000s
c0 start (CPU 0) at 0.000s
f11 start (CPU 2) at 0.000s
f11 done (CPU 2, target 0.300s, real 0.014s)
f0 done (CPU 3, target 0.500s, real 0.023s)
f10 done (CPU 1, target 0.500s, real 0.026s)
f3 start (CPU 1) at 0.026s
f1 done (CPU 2, target 0.500s, real 0.038s)
f4 start (CPU 2) at 0.038s
f2 done (CPU 3, target 0.500s, real 0.047s)
f5 start (CPU 3) at 0.047s
f3 done (CPU 1, target 0.500s, real 0.025s)
f6 start (CPU 1) at 0.051s
f4 done (CPU 2, target 0.500s, real 0.025s)
f7 start (CPU 2) at 0.063s
f5 done (CPU 3, target 0.500s, real 0.025s)
f8 start (CPU 3) at 0.072s
f6 done (CPU 1, target 0.500s, real 0.025s)
f9 start (CPU 1) at 0.076s
f7 done (CPU 2, target 0.500s, real 0.025s)
f8 done (CPU 3, target 0.500s, real 0.024s)
f9 done (CPU 1, target 0.500s, real 0.025s)
c0 done (CPU 0, target 2.500s, real 0.123s)
c1 start (CPU 1) at 0.123s
c1 done (CPU 1, target 2.200s, real 0.110s)
c2 start (CPU 0) at 0.234s
c2 done (CPU 0, target 2.000s, real 0.099s)
c3 start (CPU 1) at 0.333s
c3 done (CPU 1, target 1.800s, real 0.082s)
c4 start (CPU 0) at 0.415s
c4 done (CPU 0, target 1.600s, real 0.073s)
Program total time: 0.488s
all threads done

[stderr]
PROGRAM_TOTAL_NS=488274989

=== baseline run (rc=0) ===
f0 start (CPU 3) at 0.000s
f1 start (CPU 1) at 0.000s
f4 start (CPU 2) at 0.000s
f2 start (CPU 1) at 0.000s
f3 start (CPU 1) at 0.000s
f6 start (CPU 3) at 0.014s
f5 start (CPU 2) at 0.014s
f7 start (CPU 3) at 0.018s
f8 start (CPU 2) at 0.018s
f10 start (CPU 3) at 0.021s
f9 start (CPU 2) at 0.025s
f3 done (CPU 0, target 0.500s, real 0.028s)
f11 start (CPU 3) at 0.029s
c0 start (CPU 2) at 0.029s
f2 done (CPU 1, target 0.500s, real 0.036s)
f1 done (CPU 0, target 0.500s, real 0.047s)
f0 done (CPU 3, target 0.500s, real 0.056s)
f7 done (CPU 1, target 0.500s, real 0.040s)
f4 done (CPU 3, target 0.500s, real 0.062s)
f11 done (CPU 1, target 0.300s, real 0.035s)
f8 done (CPU 0, target 0.500s, real 0.054s)
f6 done (CPU 3, target 0.500s, real 0.062s)
f10 done (CPU 1, target 0.500s, real 0.055s)
f5 done (CPU 2, target 0.500s, real 0.072s)
f9 done (CPU 2, target 0.500s, real 0.064s)
c0 done (CPU 0, target 2.500s, real 0.157s)
c1 start (CPU 2) at 0.187s
c1 done (CPU 2, target 2.200s, real 0.104s)
c2 start (CPU 1) at 0.291s
c2 done (CPU 1, target 2.000s, real 0.094s)
c3 start (CPU 2) at 0.386s
c3 done (CPU 2, target 1.800s, real 0.086s)
c4 start (CPU 0) at 0.472s
c4 done (CPU 0, target 1.600s, real 0.074s)
Program total time: 0.546s
all threads done

[stderr]
PROGRAM_TOTAL_NS=545717874

=== prio run (rc=0) ===
f0 start (CPU 1) at 0.000s
f2 start (CPU 3) at 0.000s
f1 start (CPU 2) at 0.000s
f10 start (CPU 3) at 0.000s
f11 start (CPU 2) at 0.000s
c0 start (CPU 3) at 0.000s
f11 done (CPU 0, target 0.300s, real 0.014s)
f0 done (CPU 1, target 0.500s, real 0.023s)
f10 done (CPU 2, target 0.500s, real 0.023s)
f3 start (CPU 2) at 0.023s
f1 done (CPU 0, target 0.500s, real 0.038s)
f4 start (CPU 0) at 0.038s
f2 done (CPU 1, target 0.500s, real 0.047s)
f5 start (CPU 1) at 0.048s
f3 done (CPU 2, target 0.500s, real 0.025s)
f6 start (CPU 2) at 0.048s
f4 done (CPU 0, target 0.500s, real 0.025s)
f7 start (CPU 0) at 0.063s
f5 done (CPU 1, target 0.500s, real 0.025s)
f8 start (CPU 1) at 0.073s
f6 done (CPU 2, target 0.500s, real 0.025s)
f9 start (CPU 2) at 0.073s
f7 done (CPU 0, target 0.500s, real 0.025s)
f8 done (CPU 1, target 0.500s, real 0.025s)
f9 done (CPU 2, target 0.500s, real 0.025s)
c0 done (CPU 3, target 2.500s, real 0.122s)
c1 start (CPU 2) at 0.123s
c1 done (CPU 2, target 2.200s, real 0.108s)
c2 start (CPU 3) at 0.231s
c2 done (CPU 3, target 2.000s, real 0.091s)
c3 start (CPU 2) at 0.322s
c3 done (CPU 2, target 1.800s, real 0.082s)
c4 start (CPU 3) at 0.404s
c4 done (CPU 3, target 1.600s, real 0.073s)
Program total time: 0.478s
all threads done

[stderr]
PROGRAM_TOTAL_NS=477762207

=== baseline run (rc=0) ===
f0 start (CPU 1) at 0.000s
f1 start (CPU 2) at 0.000s
f3 start (CPU 0) at 0.000s
f2 start (CPU 3) at 0.000s
f6 start (CPU 1) at 0.016s
f5 start (CPU 0) at 0.016s
f4 start (CPU 0) at 0.016s
f7 start (CPU 1) at 0.020s
f1 done (CPU 2, target 0.500s, real 0.024s)
f8 start (CPU 1) at 0.024s
f2 done (CPU 3, target 0.500s, real 0.025s)
f10 start (CPU 0) at 0.028s
f9 start (CPU 1) at 0.028s
f11 start (CPU 3) at 0.028s
c0 start (CPU 2) at 0.028s
f11 done (CPU 3, target 0.300s, real 0.014s)
f3 done (CPU 0, target 0.500s, real 0.060s)
f0 done (CPU 1, target 0.500s, real 0.063s)
f9 done (CPU 3, target 0.500s, real 0.037s)
f6 done (CPU 3, target 0.500s, real 0.067s)
f4 done (CPU 3, target 0.500s, real 0.072s)
f5 done (CPU 0, target 0.500s, real 0.073s)
f8 done (CPU 1, target 0.500s, real 0.065s)
f7 done (CPU 1, target 0.500s, real 0.070s)
f10 done (CPU 0, target 0.500s, real 0.066s)
c0 done (CPU 2, target 2.500s, real 0.124s)
c1 start (CPU 1) at 0.152s
c1 done (CPU 1, target 2.200s, real 0.104s)
c2 start (CPU 2) at 0.257s
c2 done (CPU 2, target 2.000s, real 0.094s)
c3 start (CPU 0) at 0.350s
c3 done (CPU 0, target 1.800s, real 0.083s)
c4 start (CPU 2) at 0.434s
c4 done (CPU 2, target 1.600s, real 0.074s)
Program total time: 0.508s
all threads done

[stderr]
PROGRAM_TOTAL_NS=508055302

=== prio run (rc=0) ===
f0 start (CPU 1) at 0.000s
f1 start (CPU 2) at 0.000s
f2 start (CPU 1) at 0.000s
f3 start (CPU 2) at 0.000s
f10 start (CPU 2) at 0.001s
f11 start (CPU 1) at 0.001s
c0 start (CPU 1) at 0.001s
f11 done (CPU 0, target 0.300s, real 0.014s)
f0 done (CPU 3, target 0.500s, real 0.023s)
f10 done (CPU 2, target 0.500s, real 0.023s)
f1 done (CPU 0, target 0.500s, real 0.038s)
f4 start (CPU 0) at 0.038s
f2 done (CPU 3, target 0.500s, real 0.047s)
f5 start (CPU 3) at 0.047s
f3 done (CPU 2, target 0.500s, real 0.048s)
f6 start (CPU 2) at 0.049s
f4 done (CPU 0, target 0.500s, real 0.024s)
f7 start (CPU 0) at 0.062s
f5 done (CPU 3, target 0.500s, real 0.025s)
f8 start (CPU 3) at 0.072s
f6 done (CPU 2, target 0.500s, real 0.025s)
f9 start (CPU 2) at 0.074s
f7 done (CPU 0, target 0.500s, real 0.024s)
f8 done (CPU 3, target 0.500s, real 0.024s)
f9 done (CPU 2, target 0.500s, real 0.024s)
c0 done (CPU 1, target 2.500s, real 0.122s)
c1 start (CPU 1) at 0.123s
c1 done (CPU 1, target 2.200s, real 0.109s)
c2 start (CPU 0) at 0.232s
c2 done (CPU 2, target 2.000s, real 0.097s)
c3 start (CPU 3) at 0.329s
c3 done (CPU 3, target 1.800s, real 0.083s)
c4 start (CPU 2) at 0.412s
c4 done (CPU 2, target 1.600s, real 0.073s)
Program total time: 0.486s
all threads done

[stderr]
PROGRAM_TOTAL_NS=485690446

=== baseline run (rc=0) ===
f0 start (CPU 1) at 0.000s
f1 start (CPU 3) at 0.000s
f2 start (CPU 0) at 0.000s
f7 start (CPU 2) at 0.000s
f3 start (CPU 0) at 0.015s
f10 start (CPU 1) at 0.015s
f4 start (CPU 1) at 0.015s
f6 start (CPU 0) at 0.019s
f8 start (CPU 0) at 0.023s
f5 start (CPU 1) at 0.015s
f9 start (CPU 0) at 0.027s
f1 done (CPU 3, target 0.500s, real 0.027s)
f7 done (CPU 2, target 0.500s, real 0.028s)
f11 start (CPU 1) at 0.031s
c0 start (CPU 2) at 0.031s
f10 done (CPU 3, target 0.500s, real 0.040s)
f2 done (CPU 0, target 0.500s, real 0.072s)
f6 done (CPU 3, target 0.500s, real 0.057s)
f0 done (CPU 3, target 0.500s, real 0.080s)
f11 done (CPU 1, target 0.300s, real 0.051s)
f5 done (CPU 1, target 0.500s, real 0.076s)
f9 done (CPU 3, target 0.500s, real 0.065s)
f3 done (CPU 0, target 0.500s, real 0.078s)
f4 done (CPU 1, target 0.500s, real 0.080s)
f8 done (CPU 3, target 0.500s, real 0.073s)
c0 done (CPU 1, target 2.500s, real 0.122s)
c1 start (CPU 2) at 0.154s
c1 done (CPU 2, target 2.200s, real 0.107s)
c2 start (CPU 1) at 0.261s
c2 done (CPU 1, target 2.000s, real 0.093s)
c3 start (CPU 2) at 0.353s
c3 done (CPU 2, target 1.800s, real 0.083s)
c4 start (CPU 0) at 0.436s
c4 done (CPU 0, target 1.600s, real 0.073s)
Program total time: 0.510s
all threads done

[stderr]
PROGRAM_TOTAL_NS=509699963

=== prio run (rc=0) ===
f0 start (CPU 3) at 0.000s
f1 start (CPU 0) at 0.000s
f2 start (CPU 1) at 0.000s
f4 start (CPU 0) at 0.000s
f10 start (CPU 0) at 0.000s
f11 start (CPU 1) at 0.000s
c0 start (CPU 0) at 0.000s
f11 done (CPU 1, target 0.300s, real 0.014s)
f10 done (CPU 2, target 0.500s, real 0.024s)
f0 done (CPU 3, target 0.500s, real 0.025s)
f3 start (CPU 3) at 0.025s
f1 done (CPU 1, target 0.500s, real 0.038s)
f5 start (CPU 1) at 0.038s
f2 done (CPU 2, target 0.500s, real 0.048s)
f6 start (CPU 2) at 0.048s
f3 done (CPU 3, target 0.500s, real 0.024s)
f7 start (CPU 3) at 0.049s
f4 done (CPU 1, target 0.500s, real 0.063s)
f8 start (CPU 1) at 0.063s
f5 done (CPU 2, target 0.500s, real 0.035s)
f9 start (CPU 2) at 0.073s
f6 done (CPU 3, target 0.500s, real 0.025s)
f7 done (CPU 1, target 0.500s, real 0.040s)
f8 done (CPU 2, target 0.500s, real 0.035s)
f9 done (CPU 3, target 0.500s, real 0.025s)
c0 done (CPU 0, target 2.500s, real 0.121s)
c1 start (CPU 1) at 0.122s
c1 done (CPU 1, target 2.200s, real 0.110s)
c2 start (CPU 0) at 0.232s
c2 done (CPU 0, target 2.000s, real 0.098s)
c3 start (CPU 1) at 0.331s
c3 done (CPU 1, target 1.800s, real 0.083s)
c4 start (CPU 0) at 0.413s
c4 done (CPU 0, target 1.600s, real 0.073s)
Program total time: 0.487s
all threads done

[stderr]
PROGRAM_TOTAL_NS=487102171

=== baseline run (rc=0) ===
f0 start (CPU 3) at 0.000s
f1 start (CPU 1) at 0.000s
f2 start (CPU 2) at 0.000s
f7 start (CPU 0) at 0.000s
f4 start (CPU 3) at 0.016s
f3 start (CPU 2) at 0.016s
f5 start (CPU 3) at 0.020s
f6 start (CPU 2) at 0.020s
f8 start (CPU 2) at 0.024s
f1 done (CPU 1, target 0.500s, real 0.024s)
f7 done (CPU 0, target 0.500s, real 0.024s)
f10 start (CPU 0) at 0.028s
f11 start (CPU 3) at 0.028s
f9 start (CPU 2) at 0.028s
c0 start (CPU 3) at 0.032s
f2 done (CPU 1, target 0.500s, real 0.036s)
f10 done (CPU 0, target 0.500s, real 0.025s)
f4 done (CPU 1, target 0.500s, real 0.041s)
f0 done (CPU 3, target 0.500s, real 0.060s)
f11 done (CPU 3, target 0.300s, real 0.035s)
f5 done (CPU 1, target 0.500s, real 0.052s)
f6 done (CPU 3, target 0.500s, real 0.055s)
f9 done (CPU 2, target 0.500s, real 0.053s)
f8 done (CPU 1, target 0.500s, real 0.057s)
f3 done (CPU 3, target 0.500s, real 0.072s)
c0 done (CPU 2, target 2.500s, real 0.137s)
c1 start (CPU 0) at 0.169s
c1 done (CPU 0, target 2.200s, real 0.107s)
c2 start (CPU 2) at 0.276s
c2 done (CPU 2, target 2.000s, real 0.096s)
c3 start (CPU 0) at 0.372s
c3 done (CPU 0, target 1.800s, real 0.083s)
c4 start (CPU 2) at 0.455s
c4 done (CPU 2, target 1.600s, real 0.073s)
Program total time: 0.527s
all threads done

[stderr]
PROGRAM_TOTAL_NS=527524028

=== prio run (rc=0) ===
f1 start (CPU 0) at 0.000s
f0 start (CPU 3) at 0.000s
f2 start (CPU 1) at 0.000s
f7 start (CPU 3) at 0.000s
f10 start (CPU 1) at 0.000s
f11 start (CPU 0) at 0.000s
c0 start (CPU 0) at 0.000s
f11 done (CPU 2, target 0.300s, real 0.018s)
f0 done (CPU 3, target 0.500s, real 0.024s)
f4 start (CPU 3) at 0.024s
f10 done (CPU 1, target 0.500s, real 0.027s)
f3 start (CPU 1) at 0.027s
f1 done (CPU 2, target 0.500s, real 0.043s)
f6 start (CPU 2) at 0.043s
f5 start (CPU 2) at 0.043s
f2 done (CPU 3, target 0.500s, real 0.048s)
f3 done (CPU 1, target 0.500s, real 0.024s)
f8 start (CPU 1) at 0.052s
f4 done (CPU 2, target 0.500s, real 0.043s)
f9 start (CPU 2) at 0.067s
f5 done (CPU 3, target 0.500s, real 0.029s)
f6 done (CPU 1, target 0.500s, real 0.034s)
f7 done (CPU 2, target 0.500s, real 0.091s)
f8 done (CPU 3, target 0.500s, real 0.045s)
f9 done (CPU 1, target 0.500s, real 0.035s)
c0 done (CPU 0, target 2.500s, real 0.127s)
c1 start (CPU 1) at 0.128s
c1 done (CPU 1, target 2.200s, real 0.110s)
c2 start (CPU 0) at 0.238s
c2 done (CPU 0, target 2.000s, real 0.097s)
c3 start (CPU 1) at 0.335s
c3 done (CPU 1, target 1.800s, real 0.085s)
c4 start (CPU 0) at 0.421s
c4 done (CPU 0, target 1.600s, real 0.078s)
Program total time: 0.499s
all threads done

[stderr]
PROGRAM_TOTAL_NS=498961067

=== baseline run (rc=0) ===
f0 start (CPU 3) at 0.000s
f1 start (CPU 1) at 0.000s
f3 start (CPU 2) at 0.000s
f2 start (CPU 0) at 0.000s
f6 start (CPU 3) at 0.015s
f4 start (CPU 2) at 0.015s
f5 start (CPU 2) at 0.019s
f7 start (CPU 3) at 0.019s
f8 start (CPU 3) at 0.023s
f2 done (CPU 0, target 0.500s, real 0.023s)
f1 done (CPU 1, target 0.500s, real 0.025s)
f10 start (CPU 2) at 0.027s
f9 start (CPU 3) at 0.027s
f11 start (CPU 0) at 0.027s
c0 start (CPU 2) at 0.031s
f0 done (CPU 1, target 0.500s, real 0.036s)
f11 done (CPU 0, target 0.300s, real 0.015s)
f4 done (CPU 1, target 0.500s, real 0.044s)
f5 done (CPU 0, target 0.500s, real 0.043s)
f10 done (CPU 1, target 0.500s, real 0.046s)
f8 done (CPU 0, target 0.500s, real 0.052s)
f3 done (CPU 0, target 0.500s, real 0.075s)
f9 done (CPU 1, target 0.500s, real 0.054s)
f7 done (CPU 3, target 0.500s, real 0.068s)
f6 done (CPU 0, target 0.500s, real 0.074s)
c0 done (CPU 2, target 2.500s, real 0.148s)
c1 start (CPU 0) at 0.179s
c1 done (CPU 0, target 2.200s, real 0.108s)
c2 start (CPU 2) at 0.287s
c2 done (CPU 2, target 2.000s, real 0.092s)
c3 start (CPU 0) at 0.379s
c3 done (CPU 0, target 1.800s, real 0.082s)
c4 start (CPU 2) at 0.461s
c4 done (CPU 2, target 1.600s, real 0.074s)
Program total time: 0.535s
all threads done

[stderr]
PROGRAM_TOTAL_NS=535259943

=== prio run (rc=0) ===
f0 start (CPU 1) at 0.000s
f1 start (CPU 2) at 0.000s
f2 start (CPU 3) at 0.000s
f7 start (CPU 1) at 0.000s
f5 start (CPU 2) at 0.000s
f10 start (CPU 2) at 0.000s
c0 start (CPU 1) at 0.000s
f11 start (CPU 3) at 0.000s
f11 done (CPU 3, target 0.300s, real 0.016s)
f0 done (CPU 0, target 0.500s, real 0.023s)
f3 start (CPU 0) at 0.023s
f10 done (CPU 2, target 0.500s, real 0.024s)
f1 done (CPU 3, target 0.500s, real 0.039s)
f4 start (CPU 3) at 0.040s
f3 done (CPU 2, target 0.500s, real 0.025s)
f2 done (CPU 0, target 0.500s, real 0.049s)
f6 start (CPU 0) at 0.050s
f4 done (CPU 3, target 0.500s, real 0.025s)
f8 start (CPU 3) at 0.064s
f5 done (CPU 2, target 0.500s, real 0.073s)
f9 start (CPU 2) at 0.073s
f6 done (CPU 0, target 0.500s, real 0.024s)
f7 done (CPU 3, target 0.500s, real 0.089s)
f8 done (CPU 2, target 0.500s, real 0.034s)
f9 done (CPU 0, target 0.500s, real 0.026s)
c0 done (CPU 1, target 2.500s, real 0.133s)
c1 start (CPU 1) at 0.133s
c1 done (CPU 1, target 2.200s, real 0.105s)
c2 start (CPU 1) at 0.238s
c2 done (CPU 1, target 2.000s, real 0.094s)
c3 start (CPU 1) at 0.333s
c3 done (CPU 1, target 1.800s, real 0.087s)
c4 start (CPU 1) at 0.420s
c4 done (CPU 1, target 1.600s, real 0.080s)
Program total time: 0.500s
all threads done

[stderr]
PROGRAM_TOTAL_NS=500058450

=== baseline run (rc=0) ===
f0 start (CPU 1) at 0.000s
f1 start (CPU 3) at 0.000s
f7 start (CPU 0) at 0.000s
c0 start (CPU 2) at 0.000s
f11 start (CPU 2) at 0.001s
f2 start (CPU 0) at 0.009s
f6 start (CPU 3) at 0.009s
f5 start (CPU 3) at 0.009s
f9 start (CPU 3) at 0.013s
f10 start (CPU 2) at 0.009s
f4 start (CPU 2) at 0.009s
f8 start (CPU 3) at 0.013s
f3 start (CPU 2) at 0.025s
f0 done (CPU 1, target 0.500s, real 0.027s)
f2 done (CPU 1, target 0.500s, real 0.039s)
f7 done (CPU 1, target 0.500s, real 0.058s)
f5 done (CPU 0, target 0.500s, real 0.057s)
f11 done (CPU 2, target 0.300s, real 0.068s)
f4 done (CPU 0, target 0.500s, real 0.065s)
f10 done (CPU 2, target 0.500s, real 0.073s)
f6 done (CPU 0, target 0.500s, real 0.077s)
f1 done (CPU 3, target 0.500s, real 0.086s)
f3 done (CPU 2, target 0.500s, real 0.062s)
f9 done (CPU 3, target 0.500s, real 0.082s)
f8 done (CPU 3, target 0.500s, real 0.082s)
c0 done (CPU 1, target 2.500s, real 0.170s)
c1 start (CPU 3) at 0.170s
c1 done (CPU 3, target 2.200s, real 0.103s)
c2 start (CPU 1) at 0.273s
c2 done (CPU 1, target 2.000s, real 0.092s)
c3 start (CPU 3) at 0.365s
c3 done (CPU 3, target 1.800s, real 0.082s)
c4 start (CPU 0) at 0.447s
c4 done (CPU 2, target 1.600s, real 0.073s)
Program total time: 0.521s
all threads done

[stderr]
PROGRAM_TOTAL_NS=520704397

=== prio run (rc=0) ===
f0 start (CPU 1) at 0.000s
f1 start (CPU 2) at 0.000s
f10 start (CPU 1) at 0.000s
c0 start (CPU 1) at 0.000s
f11 start (CPU 2) at 0.000s
f11 done (CPU 2, target 0.300s, real 0.016s)
f0 done (CPU 3, target 0.500s, real 0.027s)
f2 start (CPU 3) at 0.000s
f10 done (CPU 0, target 0.500s, real 0.031s)
f7 start (CPU 0) at 0.031s
f3 start (CPU 3) at 0.000s
f1 done (CPU 2, target 0.500s, real 0.040s)
f4 start (CPU 2) at 0.000s
f2 done (CPU 3, target 0.500s, real 0.052s)
f5 start (CPU 3) at 0.052s
f3 done (CPU 0, target 0.500s, real 0.055s)
f6 start (CPU 1) at 0.000s
f4 done (CPU 2, target 0.500s, real 0.064s)
f5 done (CPU 3, target 0.500s, real 0.025s)
f8 start (CPU 1) at 0.000s
f6 done (CPU 0, target 0.500s, real 0.080s)
f9 start (CPU 1) at 0.000s
f7 done (CPU 2, target 0.500s, real 0.058s)
f8 done (CPU 3, target 0.500s, real 0.101s)
f9 done (CPU 0, target 0.500s, real 0.104s)
c0 done (CPU 1, target 2.500s, real 0.124s)
c1 start (CPU 1) at 0.125s
c1 done (CPU 1, target 2.200s, real 0.110s)
c2 start (CPU 1) at 0.235s
c2 done (CPU 1, target 2.000s, real 0.094s)
c3 start (CPU 2) at 0.329s
c3 done (CPU 2, target 1.800s, real 0.083s)
c4 start (CPU 3) at 0.412s
c4 done (CPU 3, target 1.600s, real 0.073s)
Program total time: 0.485s
all threads done

[stderr]
PROGRAM_TOTAL_NS=485398934

=== baseline run (rc=0) ===
f0 start (CPU 1) at 0.000s
f1 start (CPU 2) at 0.000s
f2 start (CPU 0) at 0.000s
f7 start (CPU 3) at 0.000s
f3 start (CPU 0) at 0.004s
f5 start (CPU 1) at 0.012s
f6 start (CPU 1) at 0.016s
f8 start (CPU 1) at 0.020s
f1 done (CPU 2, target 0.500s, real 0.024s)
f9 start (CPU 1) at 0.028s
f4 start (CPU 0) at 0.028s
f7 done (CPU 3, target 0.500s, real 0.028s)
f10 start (CPU 2) at 0.028s
f11 start (CPU 0) at 0.032s
c0 start (CPU 0) at 0.036s
f3 done (CPU 0, target 0.500s, real 0.047s)
f5 done (CPU 3, target 0.500s, real 0.041s)
f10 done (CPU 2, target 0.500s, real 0.025s)
f0 done (CPU 3, target 0.500s, real 0.060s)
f11 done (CPU 2, target 0.300s, real 0.034s)
f2 done (CPU 3, target 0.500s, real 0.068s)
f6 done (CPU 3, target 0.500s, real 0.059s)
f8 done (CPU 1, target 0.500s, real 0.057s)
f9 done (CPU 2, target 0.500s, real 0.051s)
f4 done (CPU 0, target 0.500s, real 0.060s)
c0 done (CPU 1, target 2.500s, real 0.147s)
c1 start (CPU 2) at 0.184s
c1 done (CPU 2, target 2.200s, real 0.103s)
c2 start (CPU 0) at 0.287s
c2 done (CPU 0, target 2.000s, real 0.094s)
c3 start (CPU 3) at 0.381s
c3 done (CPU 3, target 1.800s, real 0.086s)
c4 start (CPU 0) at 0.468s
c4 done (CPU 2, target 1.600s, real 0.076s)
Program total time: 0.544s
all threads done

[stderr]
PROGRAM_TOTAL_NS=543619091

=== prio run (rc=0) ===
f1 start (CPU 2) at 0.000s
f0 start (CPU 1) at 0.000s
f2 start (CPU 3) at 0.000s
f10 start (CPU 3) at 0.001s
f11 start (CPU 2) at 0.001s
c0 start (CPU 2) at 0.001s
f11 done (CPU 0, target 0.300s, real 0.015s)
f3 start (CPU 1) at 0.000s
f0 done (CPU 1, target 0.500s, real 0.025s)
f10 done (CPU 3, target 0.500s, real 0.025s)
f4 start (CPU 3) at 0.026s
f1 done (CPU 0, target 0.500s, real 0.038s)
f2 done (CPU 1, target 0.500s, real 0.049s)
f5 start (CPU 1) at 0.049s
f3 done (CPU 3, target 0.500s, real 0.049s)
f6 start (CPU 3) at 0.050s
f4 done (CPU 0, target 0.500s, real 0.037s)
f7 start (CPU 0) at 0.063s
f5 done (CPU 1, target 0.500s, real 0.025s)
f8 start (CPU 1) at 0.074s
f6 done (CPU 3, target 0.500s, real 0.025s)
f9 start (CPU 3) at 0.075s
f7 done (CPU 0, target 0.500s, real 0.025s)
f8 done (CPU 1, target 0.500s, real 0.025s)
f9 done (CPU 3, target 0.500s, real 0.025s)
c0 done (CPU 2, target 2.500s, real 0.120s)
c1 start (CPU 3) at 0.121s
c1 done (CPU 3, target 2.200s, real 0.109s)
c2 start (CPU 2) at 0.230s
c2 done (CPU 2, target 2.000s, real 0.092s)
c3 start (CPU 3) at 0.322s
c3 done (CPU 3, target 1.800s, real 0.082s)
c4 start (CPU 2) at 0.404s
c4 done (CPU 2, target 1.600s, real 0.074s)
Program total time: 0.478s
all threads done

[stderr]
PROGRAM_TOTAL_NS=478470056

=== baseline run (rc=0) ===
f0 start (CPU 1) at 0.000s
f1 start (CPU 3) at 0.000s
f3 start (CPU 0) at 0.000s
f2 start (CPU 2) at 0.004s
f4 start (CPU 0) at 0.016s
f7 start (CPU 1) at 0.016s
f1 done (CPU 3, target 0.500s, real 0.023s)
f5 start (CPU 3) at 0.023s
f6 start (CPU 1) at 0.016s
f11 start (CPU 0) at 0.024s
f8 start (CPU 1) at 0.028s
f10 start (CPU 0) at 0.024s
c0 start (CPU 0) at 0.032s
f9 start (CPU 1) at 0.036s
f2 done (CPU 2, target 0.500s, real 0.038s)
f5 done (CPU 3, target 0.500s, real 0.024s)
f7 done (CPU 2, target 0.500s, real 0.043s)
f4 done (CPU 3, target 0.500s, real 0.047s)
f0 done (CPU 1, target 0.500s, real 0.056s)
f3 done (CPU 0, target 0.500s, real 0.065s)
f11 done (CPU 0, target 0.300s, real 0.046s)
f8 done (CPU 2, target 0.500s, real 0.048s)
f10 done (CPU 0, target 0.500s, real 0.056s)
f6 done (CPU 1, target 0.500s, real 0.064s)
f9 done (CPU 1, target 0.500s, real 0.049s)
c0 done (CPU 3, target 2.500s, real 0.148s)
c1 start (CPU 0) at 0.180s
c1 done (CPU 2, target 2.200s, real 0.105s)
c2 start (CPU 0) at 0.285s
c2 done (CPU 0, target 2.000s, real 0.091s)
c3 start (CPU 2) at 0.377s
c3 done (CPU 2, target 1.800s, real 0.083s)
c4 start (CPU 0) at 0.460s
c4 done (CPU 0, target 1.600s, real 0.074s)
Program total time: 0.534s
all threads done

[stderr]
PROGRAM_TOTAL_NS=534355550

=== prio run (rc=0) ===
f0 start (CPU 0) at 0.000s
f2 start (CPU 3) at 0.000s
f1 start (CPU 2) at 0.000s
f10 start (CPU 3) at 0.000s
c0 start (CPU 2) at 0.000s
f11 start (CPU 1) at 0.000s
f11 done (CPU 1, target 0.300s, real 0.014s)
f0 done (CPU 0, target 0.500s, real 0.023s)
f10 done (CPU 3, target 0.500s, real 0.023s)
f3 start (CPU 3) at 0.024s
f1 done (CPU 1, target 0.500s, real 0.039s)
f4 start (CPU 1) at 0.039s
f2 done (CPU 0, target 0.500s, real 0.046s)
f5 start (CPU 0) at 0.047s
f3 done (CPU 3, target 0.500s, real 0.023s)
f6 start (CPU 3) at 0.047s
f4 done (CPU 1, target 0.500s, real 0.025s)
f7 start (CPU 1) at 0.064s
f5 done (CPU 0, target 0.500s, real 0.025s)
f8 start (CPU 0) at 0.072s
f6 done (CPU 3, target 0.500s, real 0.025s)
f9 start (CPU 3) at 0.072s
f7 done (CPU 1, target 0.500s, real 0.025s)
f8 done (CPU 0, target 0.500s, real 0.025s)
f9 done (CPU 3, target 0.500s, real 0.025s)
c0 done (CPU 2, target 2.500s, real 0.121s)
c1 start (CPU 3) at 0.122s
c1 done (CPU 3, target 2.200s, real 0.109s)
c2 start (CPU 2) at 0.231s
c2 done (CPU 2, target 2.000s, real 0.092s)
c3 start (CPU 3) at 0.323s
c3 done (CPU 3, target 1.800s, real 0.083s)
c4 start (CPU 2) at 0.406s
c4 done (CPU 2, target 1.600s, real 0.073s)
Program total time: 0.479s
all threads done

[stderr]
PROGRAM_TOTAL_NS=478921243

=== baseline run (rc=0) ===
f0 start (CPU 0) at 0.000s
f1 start (CPU 3) at 0.000s
f2 start (CPU 1) at 0.000s
f7 start (CPU 2) at 0.000s
f3 start (CPU 1) at 0.004s
f4 start (CPU 1) at 0.012s
f5 start (CPU 0) at 0.016s
f1 done (CPU 3, target 0.500s, real 0.023s)
f6 start (CPU 3) at 0.024s
f8 start (CPU 0) at 0.025s
f9 start (CPU 0) at 0.028s
f10 start (CPU 0) at 0.033s
f7 done (CPU 2, target 0.500s, real 0.037s)
f11 start (CPU 2) at 0.038s
c0 start (CPU 1) at 0.044s
f6 done (CPU 3, target 0.500s, real 0.024s)
f11 done (CPU 2, target 0.300s, real 0.014s)
f2 done (CPU 3, target 0.500s, real 0.063s)
f4 done (CPU 1, target 0.500s, real 0.052s)
f5 done (CPU 2, target 0.500s, real 0.052s)
f0 done (CPU 3, target 0.500s, real 0.069s)
f3 done (CPU 3, target 0.500s, real 0.069s)
f8 done (CPU 3, target 0.500s, real 0.058s)
f10 done (CPU 0, target 0.500s, real 0.053s)
f9 done (CPU 2, target 0.500s, real 0.059s)
c0 done (CPU 1, target 2.500s, real 0.141s)
c1 start (CPU 3) at 0.185s
c1 done (CPU 3, target 2.200s, real 0.105s)
c2 start (CPU 0) at 0.291s
c2 done (CPU 0, target 2.000s, real 0.092s)
c3 start (CPU 3) at 0.383s
c3 done (CPU 3, target 1.800s, real 0.083s)
c4 start (CPU 0) at 0.466s
c4 done (CPU 0, target 1.600s, real 0.074s)
Program total time: 0.540s
all threads done

[stderr]
PROGRAM_TOTAL_NS=540280077

=== prio run (rc=0) ===
f0 start (CPU 1) at 0.000s
f1 start (CPU 2) at 0.000s
f3 start (CPU 1) at 0.000s
f2 start (CPU 3) at 0.000s
f4 start (CPU 2) at 0.000s
f10 start (CPU 3) at 0.000s
f11 start (CPU 1) at 0.000s
c0 start (CPU 1) at 0.000s
f11 done (CPU 0, target 0.300s, real 0.015s)
f10 done (CPU 3, target 0.500s, real 0.023s)
f0 done (CPU 2, target 0.500s, real 0.024s)
f1 done (CPU 0, target 0.500s, real 0.040s)
f5 start (CPU 0) at 0.040s
f2 done (CPU 3, target 0.500s, real 0.047s)
f8 start (CPU 3) at 0.047s
f3 done (CPU 2, target 0.500s, real 0.048s)
f6 start (CPU 2) at 0.048s
f4 done (CPU 0, target 0.500s, real 0.065s)
f7 start (CPU 0) at 0.065s
f5 done (CPU 3, target 0.500s, real 0.033s)
f6 done (CPU 2, target 0.500s, real 0.025s)
f9 start (CPU 2) at 0.073s
f7 done (CPU 0, target 0.500s, real 0.025s)
f8 done (CPU 3, target 0.500s, real 0.050s)
f9 done (CPU 2, target 0.500s, real 0.025s)
c0 done (CPU 1, target 2.500s, real 0.122s)
c1 start (CPU 0) at 0.122s
c1 done (CPU 2, target 2.200s, real 0.110s)
c2 start (CPU 3) at 0.233s
c2 done (CPU 3, target 2.000s, real 0.091s)
c3 start (CPU 2) at 0.324s
c3 done (CPU 2, target 1.800s, real 0.084s)
c4 start (CPU 3) at 0.408s
c4 done (CPU 3, target 1.600s, real 0.073s)
Program total time: 0.481s
all threads done

[stderr]
PROGRAM_TOTAL_NS=481489620

=== baseline run (rc=0) ===
f0 start (CPU 0) at 0.000s
f1 start (CPU 2) at 0.000s
f3 start (CPU 1) at 0.000s
f2 start (CPU 3) at 0.000s
f5 start (CPU 0) at 0.016s
f4 start (CPU 1) at 0.016s
f1 done (CPU 2, target 0.500s, real 0.023s)
f11 start (CPU 2) at 0.024s
f6 start (CPU 0) at 0.024s
f7 start (CPU 1) at 0.024s
f2 done (CPU 3, target 0.500s, real 0.027s)
f8 start (CPU 1) at 0.028s
f9 start (CPU 0) at 0.028s
f10 start (CPU 3) at 0.028s
c0 start (CPU 1) at 0.032s
f11 done (CPU 2, target 0.300s, real 0.015s)
f0 done (CPU 0, target 0.500s, real 0.040s)
f3 done (CPU 1, target 0.500s, real 0.044s)
f10 done (CPU 3, target 0.500s, real 0.026s)
f5 done (CPU 1, target 0.500s, real 0.048s)
f6 done (CPU 0, target 0.500s, real 0.049s)
f9 done (CPU 1, target 0.500s, real 0.045s)
f4 done (CPU 3, target 0.500s, real 0.057s)
f8 done (CPU 0, target 0.500s, real 0.057s)
f7 done (CPU 2, target 0.500s, real 0.069s)
c0 done (CPU 2, target 2.500s, real 0.163s)
c1 start (CPU 0) at 0.195s
c1 done (CPU 0, target 2.200s, real 0.101s)
c2 start (CPU 2) at 0.296s
c2 done (CPU 2, target 2.000s, real 0.092s)
c3 start (CPU 0) at 0.388s
c3 done (CPU 0, target 1.800s, real 0.083s)
c4 start (CPU 2) at 0.471s
c4 done (CPU 2, target 1.600s, real 0.073s)
Program total time: 0.545s
all threads done

[stderr]
PROGRAM_TOTAL_NS=544982961

=== prio run (rc=0) ===
f0 start (CPU 1) at 0.000s
f1 start (CPU 2) at 0.000s
f2 start (CPU 3) at 0.000s
f10 start (CPU 2) at 0.000s
f11 start (CPU 3) at 0.000s
c0 start (CPU 2) at 0.000s
f11 done (CPU 3, target 0.300s, real 0.020s)
f3 start (CPU 3) at 0.021s
f10 done (CPU 0, target 0.500s, real 0.024s)
f7 start (CPU 0) at 0.024s
f4 start (CPU 0) at 0.024s
f0 done (CPU 1, target 0.500s, real 0.025s)
f1 done (CPU 3, target 0.500s, real 0.046s)
f5 start (CPU 3) at 0.046s
f2 done (CPU 0, target 0.500s, real 0.049s)
f6 start (CPU 0) at 0.049s
f3 done (CPU 1, target 0.500s, real 0.030s)
f4 done (CPU 3, target 0.500s, real 0.047s)
f8 start (CPU 3) at 0.071s
f5 done (CPU 0, target 0.500s, real 0.028s)
f6 done (CPU 1, target 0.500s, real 0.027s)
f9 start (CPU 1) at 0.076s
f7 done (CPU 3, target 0.500s, real 0.072s)
f8 done (CPU 0, target 0.500s, real 0.028s)
f9 done (CPU 1, target 0.500s, real 0.025s)
c0 done (CPU 2, target 2.500s, real 0.126s)
c1 start (CPU 3) at 0.127s
c1 done (CPU 3, target 2.200s, real 0.110s)
c2 start (CPU 2) at 0.236s
c2 done (CPU 2, target 2.000s, real 0.090s)
c3 start (CPU 3) at 0.327s
c3 done (CPU 3, target 1.800s, real 0.082s)
c4 start (CPU 2) at 0.409s
c4 done (CPU 2, target 1.600s, real 0.074s)
Program total time: 0.483s
all threads done

[stderr]
PROGRAM_TOTAL_NS=483167235

=== baseline run (rc=0) ===
f0 start (CPU 1) at 0.000s
f2 start (CPU 2) at 0.000s
f1 start (CPU 2) at 0.000s
f7 start (CPU 3) at 0.000s
f10 start (CPU 1) at 0.009s
f8 start (CPU 0) at 0.009s
f9 start (CPU 0) at 0.013s
f11 start (CPU 1) at 0.013s
c0 start (CPU 1) at 0.021s
f3 start (CPU 0) at 0.025s
f7 done (CPU 3, target 0.500s, real 0.025s)
f2 done (CPU 2, target 0.500s, real 0.027s)
f4 start (CPU 1) at 0.029s
f5 start (CPU 2) at 0.029s
f6 start (CPU 3) at 0.029s
f5 done (CPU 2, target 0.500s, real 0.025s)
f6 done (CPU 3, target 0.500s, real 0.025s)
f11 done (CPU 1, target 0.300s, real 0.047s)
f8 done (CPU 3, target 0.500s, real 0.071s)
f4 done (CPU 2, target 0.500s, real 0.053s)
f0 done (CPU 1, target 0.500s, real 0.086s)
f1 done (CPU 0, target 0.500s, real 0.086s)
f9 done (CPU 3, target 0.500s, real 0.073s)
f10 done (CPU 1, target 0.500s, real 0.081s)
f3 done (CPU 0, target 0.500s, real 0.066s)
c0 done (CPU 2, target 2.500s, real 0.174s)
c1 start (CPU 1) at 0.195s
c1 done (CPU 1, target 2.200s, real 0.101s)
c2 start (CPU 3) at 0.296s
c2 done (CPU 3, target 2.000s, real 0.092s)
c3 start (CPU 0) at 0.388s
c3 done (CPU 0, target 1.800s, real 0.083s)
c4 start (CPU 3) at 0.471s
c4 done (CPU 3, target 1.600s, real 0.074s)
Program total time: 0.545s
all threads done

[stderr]
PROGRAM_TOTAL_NS=544711556

=== prio run (rc=0) ===
f1 start (CPU 2) at 0.000s
f2 start (CPU 3) at 0.000s
f0 start (CPU 1) at 0.000s
f10 start (CPU 3) at 0.000s
c0 start (CPU 2) at 0.000s
f11 start (CPU 0) at 0.000s
f11 done (CPU 0, target 0.300s, real 0.014s)
f10 done (CPU 3, target 0.500s, real 0.023s)
f0 done (CPU 1, target 0.500s, real 0.024s)
f3 start (CPU 1) at 0.024s
f1 done (CPU 0, target 0.500s, real 0.037s)
f4 start (CPU 0) at 0.037s
f2 done (CPU 3, target 0.500s, real 0.046s)
f5 start (CPU 3) at 0.047s
f3 done (CPU 1, target 0.500s, real 0.023s)
f6 start (CPU 1) at 0.047s
f4 done (CPU 0, target 0.500s, real 0.024s)
f7 start (CPU 0) at 0.061s
f5 done (CPU 3, target 0.500s, real 0.024s)
f8 start (CPU 3) at 0.071s
f6 done (CPU 1, target 0.500s, real 0.024s)
f9 start (CPU 1) at 0.071s
f7 done (CPU 0, target 0.500s, real 0.024s)
f8 done (CPU 3, target 0.500s, real 0.024s)
f9 done (CPU 1, target 0.500s, real 0.025s)
c0 done (CPU 2, target 2.500s, real 0.123s)
c1 start (CPU 3) at 0.124s
c1 done (CPU 3, target 2.200s, real 0.110s)
c2 start (CPU 2) at 0.234s
c2 done (CPU 2, target 2.000s, real 0.091s)
c3 start (CPU 3) at 0.325s
c3 done (CPU 3, target 1.800s, real 0.082s)
c4 start (CPU 2) at 0.407s
c4 done (CPU 2, target 1.600s, real 0.079s)
Program total time: 0.487s
all threads done

[stderr]
PROGRAM_TOTAL_NS=486629111

=== baseline run (rc=0) ===
f0 start (CPU 1) at 0.000s
f1 start (CPU 3) at 0.000s
f3 start (CPU 0) at 0.000s
f2 start (CPU 2) at 0.000s
f4 start (CPU 0) at 0.014s
f6 start (CPU 1) at 0.014s
f5 start (CPU 0) at 0.018s
f7 start (CPU 1) at 0.018s
f2 done (CPU 2, target 0.500s, real 0.024s)
f1 done (CPU 3, target 0.500s, real 0.025s)
f10 start (CPU 0) at 0.026s
f8 start (CPU 1) at 0.026s
f11 start (CPU 2) at 0.026s
f9 start (CPU 3) at 0.026s
c0 start (CPU 0) at 0.030s
f11 done (CPU 2, target 0.300s, real 0.015s)
f9 done (CPU 3, target 0.500s, real 0.025s)
f5 done (CPU 2, target 0.500s, real 0.041s)
f0 done (CPU 1, target 0.500s, real 0.061s)
f7 done (CPU 3, target 0.500s, real 0.053s)
f3 done (CPU 0, target 0.500s, real 0.077s)
f6 done (CPU 1, target 0.500s, real 0.065s)
f10 done (CPU 2, target 0.500s, real 0.054s)
f4 done (CPU 3, target 0.500s, real 0.066s)
f8 done (CPU 1, target 0.500s, real 0.060s)
c0 done (CPU 0, target 2.500s, real 0.160s)
c1 start (CPU 2) at 0.190s
c1 done (CPU 2, target 2.200s, real 0.101s)
c2 start (CPU 0) at 0.291s
c2 done (CPU 2, target 2.000s, real 0.094s)
c3 start (CPU 0) at 0.385s
c3 done (CPU 0, target 1.800s, real 0.082s)
c4 start (CPU 2) at 0.468s
c4 done (CPU 2, target 1.600s, real 0.073s)
Program total time: 0.541s
all threads done

[stderr]
PROGRAM_TOTAL_NS=540854783

=== prio run (rc=0) ===
f0 start (CPU 1) at 0.000s
f1 start (CPU 2) at 0.000s
f3 start (CPU 1) at 0.000s
f2 start (CPU 3) at 0.000s
f10 start (CPU 1) at 0.000s
f11 start (CPU 3) at 0.000s
c0 start (CPU 1) at 0.000s
f11 done (CPU 3, target 0.300s, real 0.023s)
f0 done (CPU 2, target 0.500s, real 0.023s)
f4 start (CPU 2) at 0.023s
f10 done (CPU 0, target 0.500s, real 0.028s)
f2 done (CPU 2, target 0.500s, real 0.048s)
f1 done (CPU 3, target 0.500s, real 0.048s)
f5 start (CPU 3) at 0.048s
f3 done (CPU 0, target 0.500s, real 0.053s)
f6 start (CPU 0) at 0.053s
f4 done (CPU 2, target 0.500s, real 0.050s)
f7 start (CPU 2) at 0.073s
f5 done (CPU 3, target 0.500s, real 0.025s)
f8 start (CPU 3) at 0.074s
f6 done (CPU 0, target 0.500s, real 0.025s)
f9 start (CPU 0) at 0.078s
f7 done (CPU 2, target 0.500s, real 0.025s)
f8 done (CPU 3, target 0.500s, real 0.025s)
f9 done (CPU 0, target 0.500s, real 0.025s)
c0 done (CPU 1, target 2.500s, real 0.128s)
c1 start (CPU 1) at 0.128s
c1 done (CPU 1, target 2.200s, real 0.109s)
c2 start (CPU 1) at 0.237s
c2 done (CPU 1, target 2.000s, real 0.096s)
c3 start (CPU 1) at 0.333s
c3 done (CPU 1, target 1.800s, real 0.089s)
c4 start (CPU 1) at 0.423s
c4 done (CPU 1, target 1.600s, real 0.076s)
Program total time: 0.499s
all threads done

[stderr]
PROGRAM_TOTAL_NS=499299735

