=== baseline run (rc=0) ===
f0 start (CPU 2) at 0.000s
f1 start (CPU 1) at 0.000s
f3 start (CPU 3) at 0.000s
f5 start (CPU 0) at 0.000s
f7 start (CPU 3) at 0.007s
f4 start (CPU 0) at 0.007s
f9 start (CPU 2) at 0.011s
f6 start (CPU 1) at 0.011s
f8 start (CPU 3) at 0.015s
f10 start (CPU 2) at 0.015s
c0 start (CPU 3) at 0.019s
f11 start (CPU 2) at 0.019s
f2 start (CPU 1) at 0.023s
f5 done (CPU 0, target 0.500s, real 0.594s)
f6 done (CPU 1, target 0.500s, real 0.594s)
f4 done (CPU 1, target 0.500s, real 0.601s)
f11 done (CPU 2, target 0.300s, real 0.593s)
f1 done (CPU 0, target 0.500s, real 0.613s)
f2 done (CPU 1, target 0.500s, real 0.621s)
f10 done (CPU 0, target 0.500s, real 0.701s)
f3 done (CPU 1, target 0.500s, real 0.736s)
f0 done (CPU 2, target 0.500s, real 0.763s)
f9 done (CPU 0, target 0.500s, real 0.761s)
f7 done (CPU 1, target 0.500s, real 0.794s)
f8 done (CPU 2, target 0.500s, real 0.799s)
c0 done (CPU 3, target 2.500s, real 1.724s)
c1 start (CPU 0) at 1.744s
c1 done (CPU 2, target 2.200s, real 1.029s)
c2 start (CPU 0) at 2.773s
c2 done (CPU 2, target 2.000s, real 0.944s)
c3 start (CPU 0) at 3.717s
c3 done (CPU 2, target 1.800s, real 0.848s)
c4 start (CPU 0) at 4.565s
c4 done (CPU 2, target 1.600s, real 0.758s)
Program total time: 5.324s
all threads done

[stderr]
PROGRAM_TOTAL_NS=5323832612

=== prio run (rc=0) ===
f0 start (CPU 1) at 0.000s
f1 start (CPU 2) at 0.000s
f2 start (CPU 3) at 0.000s
f10 start (CPU 3) at 0.000s
f11 start (CPU 2) at 0.000s
c0 start (CPU 2) at 0.000s
f11 done (CPU 0, target 0.300s, real 0.152s)
f10 done (CPU 3, target 0.500s, real 0.251s)
f0 done (CPU 1, target 0.500s, real 0.251s)
f3 start (CPU 1) at 0.251s
f1 done (CPU 0, target 0.500s, real 0.402s)
f4 start (CPU 0) at 0.402s
f2 done (CPU 3, target 0.500s, real 0.500s)
f7 start (CPU 3) at 0.500s
f5 start (CPU 3) at 0.501s
f3 done (CPU 1, target 0.500s, real 0.255s)
f6 start (CPU 1) at 0.506s
f4 done (CPU 0, target 0.500s, real 0.261s)
f8 start (CPU 0) at 0.663s
f5 done (CPU 3, target 0.500s, real 0.252s)
f9 start (CPU 3) at 0.752s
f6 done (CPU 1, target 0.500s, real 0.257s)
f7 done (CPU 0, target 0.500s, real 0.413s)
f8 done (CPU 3, target 0.500s, real 0.340s)
f9 done (CPU 1, target 0.500s, real 0.262s)
c0 done (CPU 2, target 2.500s, real 1.289s)
c1 start (CPU 3) at 1.290s
c1 done (CPU 3, target 2.200s, real 1.032s)
c2 start (CPU 2) at 2.322s
c2 done (CPU 2, target 2.000s, real 0.943s)
c3 start (CPU 3) at 3.264s
c3 done (CPU 3, target 1.800s, real 0.831s)
c4 start (CPU 2) at 4.096s
c4 done (CPU 2, target 1.600s, real 0.732s)
Program total time: 4.828s
all threads done

[stderr]
PROGRAM_TOTAL_NS=4827809117

=== baseline run (rc=0) ===
f0 start (CPU 1) at 0.000s
f1 start (CPU 3) at 0.000s
f2 start (CPU 0) at 0.000s
f5 start (CPU 2) at 0.000s
f8 start (CPU 1) at 0.009s
f11 start (CPU 0) at 0.009s
f3 start (CPU 3) at 0.013s
f6 start (CPU 0) at 0.009s
f9 start (CPU 1) at 0.017s
f4 start (CPU 3) at 0.017s
f7 start (CPU 0) at 0.009s
f10 start (CPU 1) at 0.021s
c0 start (CPU 0) at 0.025s
f5 done (CPU 2, target 0.500s, real 0.360s)
f3 done (CPU 2, target 0.500s, real 0.453s)
f1 done (CPU 3, target 0.500s, real 0.496s)
f4 done (CPU 2, target 0.500s, real 0.524s)
f11 done (CPU 3, target 0.300s, real 0.539s)
f6 done (CPU 3, target 0.500s, real 0.673s)
f10 done (CPU 3, target 0.500s, real 0.739s)
f2 done (CPU 3, target 0.500s, real 0.770s)
f7 done (CPU 2, target 0.500s, real 0.774s)
f8 done (CPU 3, target 0.500s, real 0.788s)
f0 done (CPU 0, target 0.500s, real 0.798s)
f9 done (CPU 1, target 0.500s, real 0.789s)
c0 done (CPU 2, target 2.500s, real 1.737s)
c1 start (CPU 0) at 1.762s
c1 done (CPU 2, target 2.200s, real 1.021s)
c2 start (CPU 0) at 2.783s
c2 done (CPU 2, target 2.000s, real 0.927s)
c3 start (CPU 0) at 3.711s
c3 done (CPU 2, target 1.800s, real 0.830s)
c4 start (CPU 0) at 4.541s
c4 done (CPU 2, target 1.600s, real 0.748s)
Program total time: 5.289s
all threads done

[stderr]
PROGRAM_TOTAL_NS=5288968289

=== prio run (rc=0) ===
f0 start (CPU 1) at 0.000s
f2 start (CPU 3) at 0.000s
f1 start (CPU 2) at 0.000s
f6 start (CPU 2) at 0.000s
f10 start (CPU 2) at 0.000s
f11 start (CPU 3) at 0.000s
c0 start (CPU 3) at 0.000s
f11 done (CPU 0, target 0.300s, real 0.148s)
f8 start (CPU 1) at 0.000s
f0 done (CPU 1, target 0.500s, real 0.248s)
f10 done (CPU 2, target 0.500s, real 0.251s)
f3 start (CPU 2) at 0.251s
f1 done (CPU 0, target 0.500s, real 0.399s)
f4 start (CPU 0) at 0.399s
f3 done (CPU 2, target 0.500s, real 0.263s)
f5 start (CPU 2) at 0.514s
f2 done (CPU 1, target 0.500s, real 0.518s)
f4 done (CPU 0, target 0.500s, real 0.273s)
f7 start (CPU 0) at 0.673s
f5 done (CPU 2, target 0.500s, real 0.257s)
f6 done (CPU 1, target 0.500s, real 0.787s)
f9 start (CPU 1) at 0.787s
f7 done (CPU 0, target 0.500s, real 0.266s)
f8 done (CPU 2, target 0.500s, real 1.093s)
f9 done (CPU 1, target 0.500s, real 0.339s)
c0 done (CPU 3, target 2.500s, real 1.299s)
c1 start (CPU 2) at 1.300s
c1 done (CPU 2, target 2.200s, real 1.032s)
c2 start (CPU 3) at 2.332s
c2 done (CPU 3, target 2.000s, real 0.926s)
c3 start (CPU 2) at 3.258s
c3 done (CPU 2, target 1.800s, real 0.835s)
c4 start (CPU 3) at 4.093s
c4 done (CPU 3, target 1.600s, real 0.735s)
Program total time: 4.829s
all threads done

[stderr]
PROGRAM_TOTAL_NS=4828894134

=== baseline run (rc=0) ===
f1 start (CPU 3) at 0.000s
f2 start (CPU 1) at 0.000s
f0 start (CPU 1) at 0.000s
f9 start (CPU 2) at 0.001s
f5 start (CPU 3) at 0.008s
f8 start (CPU 1) at 0.009s
f6 start (CPU 0) at 0.013s
f10 start (CPU 1) at 0.016s
f4 start (CPU 0) at 0.017s
f7 start (CPU 0) at 0.016s
f11 start (CPU 1) at 0.020s
c0 start (CPU 1) at 0.024s
f3 start (CPU 0) at 0.048s
f9 done (CPU 3, target 0.500s, real 0.369s)
f1 done (CPU 2, target 0.500s, real 0.374s)
f5 done (CPU 3, target 0.500s, real 0.378s)
f11 done (CPU 3, target 0.300s, real 0.447s)
f6 done (CPU 3, target 0.500s, real 0.611s)
f0 done (CPU 3, target 0.500s, real 0.671s)
f2 done (CPU 2, target 0.500s, real 0.677s)
f3 done (CPU 2, target 0.500s, real 0.721s)
f8 done (CPU 1, target 0.500s, real 0.792s)
f10 done (CPU 2, target 0.500s, real 0.786s)
f4 done (CPU 1, target 0.500s, real 0.807s)
f7 done (CPU 0, target 0.500s, real 0.818s)
c0 done (CPU 3, target 2.500s, real 1.666s)
c1 start (CPU 0) at 1.690s
c1 done (CPU 2, target 2.200s, real 1.016s)
c2 start (CPU 0) at 2.706s
c2 done (CPU 2, target 2.000s, real 0.937s)
c3 start (CPU 0) at 3.644s
c3 done (CPU 2, target 1.800s, real 0.839s)
c4 start (CPU 0) at 4.483s
c4 done (CPU 2, target 1.600s, real 0.740s)
Program total time: 5.224s
all threads done

[stderr]
PROGRAM_TOTAL_NS=5223750981

=== prio run (rc=0) ===
f0 start (CPU 0) at 0.000s
f1 start (CPU 2) at 0.000s
f2 start (CPU 3) at 0.000s
f3 start (CPU 2) at 0.000s
f10 start (CPU 3) at 0.000s
f11 start (CPU 2) at 0.000s
c0 start (CPU 2) at 0.000s
f4 start (CPU 0) at 0.000s
f11 done (CPU 1, target 0.300s, real 0.151s)
f0 done (CPU 0, target 0.500s, real 0.247s)
f10 done (CPU 3, target 0.500s, real 0.258s)
f6 start (CPU 3) at 0.258s
f1 done (CPU 1, target 0.500s, real 0.402s)
f2 done (CPU 0, target 0.500s, real 0.498s)
f5 start (CPU 0) at 0.498s
f3 done (CPU 3, target 0.500s, real 0.507s)
f4 done (CPU 1, target 0.500s, real 0.653s)
f7 start (CPU 1) at 0.653s
f5 done (CPU 3, target 0.500s, real 0.251s)
f8 start (CPU 3) at 0.749s
f6 done (CPU 0, target 0.500s, real 0.498s)
f9 start (CPU 0) at 0.756s
f7 done (CPU 1, target 0.500s, real 0.249s)
f8 done (CPU 3, target 0.500s, real 0.282s)
f9 done (CPU 0, target 0.500s, real 0.281s)
c0 done (CPU 2, target 2.500s, real 1.273s)
c1 start (CPU 3) at 1.273s
c1 done (CPU 3, target 2.200s, real 1.026s)
c2 start (CPU 2) at 2.300s
c2 done (CPU 2, target 2.000s, real 0.938s)
c3 start (CPU 3) at 3.238s
c3 done (CPU 3, target 1.800s, real 0.834s)
c4 start (CPU 2) at 4.072s
c4 done (CPU 2, target 1.600s, real 0.741s)
Program total time: 4.813s
all threads done

[stderr]
PROGRAM_TOTAL_NS=4812942185

=== baseline run (rc=0) ===
f0 start (CPU 0) at 0.000s
f2 start (CPU 1) at 0.000s
f1 start (CPU 3) at 0.000s
f7 start (CPU 2) at 0.000s
f3 start (CPU 1) at 0.001s
f4 start (CPU 1) at 0.005s
f5 start (CPU 0) at 0.013s
f6 start (CPU 0) at 0.017s
f8 start (CPU 0) at 0.021s
f9 start (CPU 0) at 0.025s
f10 start (CPU 0) at 0.029s
f11 start (CPU 1) at 0.049s
c0 start (CPU 1) at 0.057s
f7 done (CPU 2, target 0.500s, real 0.251s)
f1 done (CPU 3, target 0.500s, real 0.264s)
f5 done (CPU 2, target 0.500s, real 0.454s)
f11 done (CPU 2, target 0.300s, real 0.556s)
f6 done (CPU 2, target 0.500s, real 0.748s)
f9 done (CPU 2, target 0.500s, real 0.746s)
f4 done (CPU 2, target 0.500s, real 0.813s)
f3 done (CPU 1, target 0.500s, real 0.856s)
f2 done (CPU 1, target 0.500s, real 0.867s)
f10 done (CPU 2, target 0.500s, real 0.855s)
f0 done (CPU 0, target 0.500s, real 0.904s)
f8 done (CPU 1, target 0.500s, real 0.893s)
c0 done (CPU 3, target 2.500s, real 1.434s)
c1 start (CPU 0) at 1.491s
c1 done (CPU 2, target 2.200s, real 1.016s)
c2 start (CPU 1) at 2.507s
c2 done (CPU 1, target 2.000s, real 0.923s)
c3 start (CPU 2) at 3.431s
c3 done (CPU 2, target 1.800s, real 0.833s)
c4 start (CPU 0) at 4.264s
c4 done (CPU 0, target 1.600s, real 0.736s)
Program total time: 5.000s
all threads done

[stderr]
PROGRAM_TOTAL_NS=4999835343

=== prio run (rc=0) ===
f1 start (CPU 2) at 0.000s
f3 start (CPU 3) at 0.000s
f0 start (CPU 1) at 0.000s
f2 start (CPU 1) at 0.000s
f10 start (CPU 2) at 0.000s
f11 start (CPU 3) at 0.000s
c0 start (CPU 3) at 0.000s
f11 done (CPU 0, target 0.300s, real 0.151s)
f8 start (CPU 0) at 0.151s
f10 done (CPU 2, target 0.500s, real 0.249s)
f0 done (CPU 1, target 0.500s, real 0.250s)
f1 done (CPU 0, target 0.500s, real 0.400s)
f4 start (CPU 0) at 0.401s
f2 done (CPU 2, target 0.500s, real 0.498s)
f5 start (CPU 2) at 0.499s
f3 done (CPU 1, target 0.500s, real 0.500s)
f6 start (CPU 1) at 0.500s
f4 done (CPU 0, target 0.500s, real 0.259s)
f7 start (CPU 0) at 0.660s
f6 done (CPU 1, target 0.500s, real 0.268s)
f5 done (CPU 2, target 0.500s, real 0.276s)
f9 start (CPU 2) at 0.775s
f7 done (CPU 0, target 0.500s, real 0.250s)
f8 done (CPU 1, target 0.500s, real 0.865s)
f9 done (CPU 2, target 0.500s, real 0.249s)
c0 done (CPU 3, target 2.500s, real 1.285s)
c1 start (CPU 2) at 1.285s
c1 done (CPU 2, target 2.200s, real 1.014s)
c2 start (CPU 3) at 2.299s
c2 done (CPU 3, target 2.000s, real 0.932s)
c3 start (CPU 2) at 3.231s
c3 done (CPU 2, target 1.800s, real 0.839s)
c4 start (CPU 3) at 4.071s
c4 done (CPU 3, target 1.600s, real 0.742s)
Program total time: 4.813s
all threads done

[stderr]
PROGRAM_TOTAL_NS=4813055559

=== baseline run (rc=0) ===
f0 start (CPU 1) at 0.000s
f1 start (CPU 2) at 0.000s
f3 start (CPU 0) at 0.000s
f2 start (CPU 3) at 0.000s
f4 start (CPU 0) at 0.013s
f6 start (CPU 1) at 0.013s
f5 start (CPU 0) at 0.018s
f8 start (CPU 1) at 0.018s
f7 start (CPU 1) at 0.018s
f10 start (CPU 0) at 0.022s
f9 start (CPU 1) at 0.026s
f11 start (CPU 0) at 0.026s
c0 start (CPU 0) at 0.030s
f2 done (CPU 3, target 0.500s, real 0.250s)
f1 done (CPU 3, target 0.500s, real 0.262s)
f7 done (CPU 2, target 0.500s, real 0.441s)
f10 done (CPU 3, target 0.500s, real 0.451s)
f11 done (CPU 1, target 0.300s, real 0.595s)
f8 done (CPU 1, target 0.500s, real 0.694s)
f0 done (CPU 2, target 0.500s, real 0.734s)
f4 done (CPU 2, target 0.500s, real 0.760s)
f5 done (CPU 1, target 0.500s, real 0.770s)
f9 done (CPU 3, target 0.500s, real 0.772s)
f3 done (CPU 2, target 0.500s, real 0.811s)
f6 done (CPU 0, target 0.500s, real 0.801s)
c0 done (CPU 1, target 2.500s, real 1.684s)
c1 start (CPU 2) at 1.714s
c1 done (CPU 2, target 2.200s, real 1.025s)
c2 start (CPU 0) at 2.740s
c2 done (CPU 2, target 2.000s, real 0.923s)
c3 start (CPU 0) at 3.662s
c3 done (CPU 0, target 1.800s, real 0.832s)
c4 start (CPU 2) at 4.494s
c4 done (CPU 2, target 1.600s, real 0.738s)
Program total time: 5.232s
all threads done

[stderr]
PROGRAM_TOTAL_NS=5231863874

=== prio run (rc=0) ===
f0 start (CPU 0) at 0.000s
f2 start (CPU 3) at 0.000s
f1 start (CPU 2) at 0.000s
f10 start (CPU 3) at 0.000s
c0 start (CPU 2) at 0.000s
f11 start (CPU 1) at 0.000s
f11 done (CPU 1, target 0.300s, real 0.149s)
f0 done (CPU 0, target 0.500s, real 0.248s)
f10 done (CPU 3, target 0.500s, real 0.251s)
f3 start (CPU 3) at 0.252s
f1 done (CPU 1, target 0.500s, real 0.399s)
f4 start (CPU 1) at 0.399s
f2 done (CPU 0, target 0.500s, real 0.499s)
f5 start (CPU 0) at 0.499s
f3 done (CPU 3, target 0.500s, real 0.251s)
f6 start (CPU 3) at 0.503s
f4 done (CPU 1, target 0.500s, real 0.249s)
f7 start (CPU 1) at 0.648s
f5 done (CPU 0, target 0.500s, real 0.250s)
f8 start (CPU 0) at 0.749s
f6 done (CPU 3, target 0.500s, real 0.250s)
f9 start (CPU 3) at 0.753s
f7 done (CPU 1, target 0.500s, real 0.251s)
f8 done (CPU 0, target 0.500s, real 0.249s)
f9 done (CPU 3, target 0.500s, real 0.254s)
c0 done (CPU 2, target 2.500s, real 1.288s)
c1 start (CPU 3) at 1.289s
c1 done (CPU 3, target 2.200s, real 1.019s)
c2 start (CPU 2) at 2.308s
c2 done (CPU 2, target 2.000s, real 0.955s)
c3 start (CPU 3) at 3.263s
c3 done (CPU 3, target 1.800s, real 0.832s)
c4 start (CPU 2) at 4.095s
c4 done (CPU 2, target 1.600s, real 0.729s)
Program total time: 4.824s
all threads done

[stderr]
PROGRAM_TOTAL_NS=4824297728

=== baseline run (rc=0) ===
f0 start (CPU 0) at 0.000s
f1 start (CPU 3) at 0.000s
f2 start (CPU 1) at 0.000s
f7 start (CPU 2) at 0.000s
f4 start (CPU 0) at 0.015s
f3 start (CPU 1) at 0.015s
f5 start (CPU 0) at 0.019s
f6 start (CPU 1) at 0.019s
f10 start (CPU 0) at 0.027s
f8 start (CPU 1) at 0.027s
f9 start (CPU 1) at 0.031s
f11 start (CPU 0) at 0.031s
c0 start (CPU 0) at 0.039s
f7 done (CPU 2, target 0.500s, real 0.248s)
f1 done (CPU 3, target 0.500s, real 0.249s)
f0 done (CPU 2, target 0.500s, real 0.449s)
f8 done (CPU 3, target 0.500s, real 0.431s)
f11 done (CPU 0, target 0.300s, real 0.631s)
f10 done (CPU 2, target 0.500s, real 0.661s)
f5 done (CPU 2, target 0.500s, real 0.734s)
f4 done (CPU 0, target 0.500s, real 0.802s)
f3 done (CPU 0, target 0.500s, real 0.816s)
f9 done (CPU 1, target 0.500s, real 0.804s)
f2 done (CPU 0, target 0.500s, real 0.834s)
f6 done (CPU 2, target 0.500s, real 0.833s)
c0 done (CPU 3, target 2.500s, real 1.593s)
c1 start (CPU 0) at 1.632s
c1 done (CPU 2, target 2.200s, real 1.030s)
c2 start (CPU 0) at 2.663s
c2 done (CPU 2, target 2.000s, real 0.930s)
c3 start (CPU 0) at 3.593s
c3 done (CPU 2, target 1.800s, real 0.834s)
c4 start (CPU 1) at 4.427s
c4 done (CPU 1, target 1.600s, real 0.739s)
Program total time: 5.166s
all threads done

[stderr]
PROGRAM_TOTAL_NS=5166352040

=== prio run (rc=0) ===
f0 start (CPU 2) at 0.000s
f1 start (CPU 0) at 0.000s
f2 start (CPU 1) at 0.000s
f3 start (CPU 0) at 0.000s
f10 start (CPU 0) at 0.000s
f11 start (CPU 1) at 0.000s
c0 start (CPU 1) at 0.000s
f11 done (CPU 3, target 0.300s, real 0.149s)
f0 done (CPU 2, target 0.500s, real 0.249s)
f5 start (CPU 2) at 0.249s
f10 done (CPU 0, target 0.500s, real 0.252s)
f8 start (CPU 0) at 0.252s
f4 start (CPU 0) at 0.252s
f1 done (CPU 3, target 0.500s, real 0.400s)
f2 done (CPU 2, target 0.500s, real 0.499s)
f3 done (CPU 0, target 0.500s, real 0.505s)
f6 start (CPU 0) at 0.505s
f4 done (CPU 3, target 0.500s, real 0.400s)
f7 start (CPU 3) at 0.653s
f5 done (CPU 2, target 0.500s, real 0.499s)
f9 start (CPU 2) at 0.749s
f6 done (CPU 0, target 0.500s, real 0.250s)
f7 done (CPU 3, target 0.500s, real 0.252s)
f8 done (CPU 2, target 0.500s, real 0.748s)
f9 done (CPU 0, target 0.500s, real 0.259s)
c0 done (CPU 1, target 2.500s, real 1.291s)
c1 start (CPU 0) at 1.292s
c1 done (CPU 0, target 2.200s, real 1.016s)
c2 start (CPU 1) at 2.308s
c2 done (CPU 1, target 2.000s, real 0.930s)
c3 start (CPU 0) at 3.238s
c3 done (CPU 0, target 1.800s, real 0.826s)
c4 start (CPU 1) at 4.065s
c4 done (CPU 1, target 1.600s, real 0.734s)
Program total time: 4.799s
all threads done

[stderr]
PROGRAM_TOTAL_NS=4798828913

=== baseline run (rc=0) ===
f0 start (CPU 2) at 0.000s
f1 start (CPU 0) at 0.000s
f3 start (CPU 3) at 0.000s
f5 start (CPU 1) at 0.000s
f6 start (CPU 3) at 0.009s
f2 start (CPU 0) at 0.013s
f8 start (CPU 2) at 0.013s
f7 start (CPU 3) at 0.013s
f9 start (CPU 2) at 0.017s
f4 start (CPU 0) at 0.017s
f11 start (CPU 3) at 0.017s
f10 start (CPU 2) at 0.022s
c0 start (CPU 3) at 0.022s
f5 done (CPU 1, target 0.500s, real 0.262s)
f2 done (CPU 1, target 0.500s, real 0.430s)
f1 done (CPU 1, target 0.500s, real 0.516s)
f4 done (CPU 0, target 0.500s, real 0.562s)
f11 done (CPU 2, target 0.300s, real 0.650s)
f6 done (CPU 0, target 0.500s, real 0.724s)
f3 done (CPU 0, target 0.500s, real 0.794s)
f10 done (CPU 0, target 0.500s, real 0.810s)
f7 done (CPU 0, target 0.500s, real 0.830s)
f0 done (CPU 3, target 0.500s, real 0.847s)
f8 done (CPU 2, target 0.500s, real 0.840s)
f9 done (CPU 0, target 0.500s, real 0.843s)
c0 done (CPU 1, target 2.500s, real 1.619s)
c1 start (CPU 2) at 1.641s
c1 done (CPU 2, target 2.200s, real 1.015s)
c2 start (CPU 0) at 2.656s
c2 done (CPU 2, target 2.000s, real 0.927s)
c3 start (CPU 0) at 3.583s
c3 done (CPU 2, target 1.800s, real 0.839s)
c4 start (CPU 0) at 4.422s
c4 done (CPU 2, target 1.600s, real 0.737s)
Program total time: 5.159s
all threads done

[stderr]
PROGRAM_TOTAL_NS=5159184980

=== prio run (rc=0) ===
f0 start (CPU 1) at 0.000s
f2 start (CPU 3) at 0.000s
f6 start (CPU 2) at 0.000s
f3 start (CPU 2) at 0.000s
c0 start (CPU 3) at 0.000s
f10 start (CPU 3) at 0.000s
f11 start (CPU 3) at 0.000s
f11 done (CPU 0, target 0.300s, real 0.147s)
f1 start (CPU 2) at 0.000s
f10 done (CPU 2, target 0.500s, real 0.249s)
f0 done (CPU 1, target 0.500s, real 0.251s)
f1 done (CPU 0, target 0.500s, real 0.398s)
f4 start (CPU 3) at 0.000s
f2 done (CPU 2, target 0.500s, real 0.501s)
f5 start (CPU 2) at 0.000s
f3 done (CPU 1, target 0.500s, real 0.501s)
f4 done (CPU 0, target 0.500s, real 0.648s)
f7 start (CPU 3) at 0.000s
f6 done (CPU 1, target 0.500s, real 0.751s)
f8 start (CPU 3) at 0.000s
f5 done (CPU 2, target 0.500s, real 0.752s)
f9 start (CPU 3) at 0.000s
f7 done (CPU 0, target 0.500s, real 0.898s)
f8 done (CPU 1, target 0.500s, real 1.002s)
f9 done (CPU 2, target 0.500s, real 1.002s)
c0 done (CPU 3, target 2.500s, real 1.284s)
c1 start (CPU 2) at 1.285s
c1 done (CPU 2, target 2.200s, real 1.020s)
c2 start (CPU 3) at 2.304s
c2 done (CPU 3, target 2.000s, real 0.933s)
c3 start (CPU 2) at 3.238s
c3 done (CPU 2, target 1.800s, real 0.842s)
c4 start (CPU 3) at 4.080s
c4 done (CPU 3, target 1.600s, real 0.731s)
Program total time: 4.811s
all threads done

[stderr]
PROGRAM_TOTAL_NS=4810864416

=== baseline run (rc=0) ===
f0 start (CPU 1) at 0.000s
f2 start (CPU 3) at 0.000s
f1 start (CPU 3) at 0.000s
f3 start (CPU 2) at 0.000s
f4 start (CPU 0) at 0.009s
f7 start (CPU 1) at 0.009s
f6 start (CPU 1) at 0.009s
f10 start (CPU 0) at 0.013s
f8 start (CPU 1) at 0.017s
f5 start (CPU 0) at 0.013s
f11 start (CPU 0) at 0.021s
f9 start (CPU 1) at 0.021s
c0 start (CPU 0) at 0.025s
f3 done (CPU 2, target 0.500s, real 0.251s)
f2 done (CPU 3, target 0.500s, real 0.260s)
f8 done (CPU 3, target 0.500s, real 0.447s)
f10 done (CPU 2, target 0.500s, real 0.457s)
f11 done (CPU 0, target 0.300s, real 0.598s)
f5 done (CPU 0, target 0.500s, real 0.741s)
f9 done (CPU 0, target 0.500s, real 0.779s)
f0 done (CPU 0, target 0.500s, real 0.811s)
f6 done (CPU 1, target 0.500s, real 0.814s)
f7 done (CPU 2, target 0.500s, real 0.815s)
f1 done (CPU 0, target 0.500s, real 0.847s)
f4 done (CPU 2, target 0.500s, real 0.843s)
c0 done (CPU 3, target 2.500s, real 1.600s)
c1 start (CPU 0) at 1.625s
c1 done (CPU 2, target 2.200s, real 1.027s)
c2 start (CPU 0) at 2.652s
c2 done (CPU 2, target 2.000s, real 0.926s)
c3 start (CPU 0) at 3.579s
c3 done (CPU 2, target 1.800s, real 0.831s)
c4 start (CPU 0) at 4.410s
c4 done (CPU 2, target 1.600s, real 0.735s)
Program total time: 5.145s
all threads done

[stderr]
PROGRAM_TOTAL_NS=5144713872

=== prio run (rc=0) ===
f0 start (CPU 1) at 0.000s
f2 start (CPU 3) at 0.000s
f1 start (CPU 2) at 0.000s
f10 start (CPU 3) at 0.000s
c0 start (CPU 2) at 0.000s
f11 start (CPU 0) at 0.000s
f11 done (CPU 0, target 0.300s, real 0.151s)
f10 done (CPU 3, target 0.500s, real 0.250s)
f0 done (CPU 1, target 0.500s, real 0.258s)
f3 start (CPU 1) at 0.258s
f1 done (CPU 0, target 0.500s, real 0.414s)
f4 start (CPU 0) at 0.414s
f2 done (CPU 3, target 0.500s, real 0.499s)
f5 start (CPU 3) at 0.499s
f3 done (CPU 1, target 0.500s, real 0.250s)
f6 start (CPU 1) at 0.508s
f4 done (CPU 0, target 0.500s, real 0.251s)
f7 start (CPU 0) at 0.665s
f5 done (CPU 3, target 0.500s, real 0.250s)
f8 start (CPU 3) at 0.749s
f6 done (CPU 1, target 0.500s, real 0.250s)
f9 start (CPU 1) at 0.758s
f7 done (CPU 0, target 0.500s, real 0.250s)
f8 done (CPU 3, target 0.500s, real 0.249s)
f9 done (CPU 0, target 0.500s, real 0.250s)
c0 done (CPU 2, target 2.500s, real 1.298s)
c1 start (CPU 3) at 1.299s
c1 done (CPU 3, target 2.200s, real 1.009s)
c2 start (CPU 2) at 2.308s
c2 done (CPU 2, target 2.000s, real 0.926s)
c3 start (CPU 3) at 3.234s
c3 done (CPU 3, target 1.800s, real 0.836s)
c4 start (CPU 2) at 4.070s
c4 done (CPU 2, target 1.600s, real 0.745s)
Program total time: 4.815s
all threads done

[stderr]
PROGRAM_TOTAL_NS=4815234087

=== baseline run (rc=0) ===
f0 start (CPU 1) at 0.000s
f1 start (CPU 3) at 0.000s
f2 start (CPU 0) at 0.000s
f5 start (CPU 2) at 0.000s
f6 start (CPU 0) at 0.011s
f8 start (CPU 1) at 0.011s
f7 start (CPU 0) at 0.015s
f4 start (CPU 3) at 0.015s
f9 start (CPU 1) at 0.015s
f11 start (CPU 0) at 0.019s
f3 start (CPU 3) at 0.015s
c0 start (CPU 0) at 0.023s
f10 start (CPU 1) at 0.023s
f5 done (CPU 2, target 0.500s, real 0.379s)
f3 done (CPU 2, target 0.500s, real 0.475s)
f1 done (CPU 2, target 0.500s, real 0.585s)
f4 done (CPU 3, target 0.500s, real 0.580s)
f11 done (CPU 3, target 0.300s, real 0.612s)
f7 done (CPU 2, target 0.500s, real 0.699s)
f6 done (CPU 3, target 0.500s, real 0.736s)
f2 done (CPU 2, target 0.500s, real 0.797s)
f10 done (CPU 3, target 0.500s, real 0.779s)
f0 done (CPU 3, target 0.500s, real 0.818s)
f8 done (CPU 1, target 0.500s, real 0.823s)
f9 done (CPU 2, target 0.500s, real 0.820s)
c0 done (CPU 2, target 2.500s, real 1.766s)
c1 start (CPU 0) at 1.788s
c1 done (CPU 2, target 2.200s, real 1.022s)
c2 start (CPU 0) at 2.810s
c2 done (CPU 2, target 2.000s, real 0.927s)
c3 start (CPU 0) at 3.737s
c3 done (CPU 2, target 1.800s, real 0.839s)
c4 start (CPU 1) at 4.577s
c4 done (CPU 1, target 1.600s, real 0.739s)
Program total time: 5.316s
all threads done

[stderr]
PROGRAM_TOTAL_NS=5316491358

=== prio run (rc=0) ===
f0 start (CPU 1) at 0.000s
f1 start (CPU 2) at 0.000s
f2 start (CPU 3) at 0.000s
f3 start (CPU 2) at 0.000s
f5 start (CPU 1) at 0.000s
f4 start (CPU 3) at 0.000s
f10 start (CPU 3) at 0.000s
f11 start (CPU 1) at 0.000s
c0 start (CPU 3) at 0.000s
f11 done (CPU 1, target 0.300s, real 0.149s)
f10 done (CPU 0, target 0.500s, real 0.246s)
f0 done (CPU 2, target 0.500s, real 0.258s)
f1 done (CPU 1, target 0.500s, real 0.398s)
f2 done (CPU 0, target 0.500s, real 0.497s)
f3 done (CPU 2, target 0.500s, real 0.508s)
f6 start (CPU 2) at 0.508s
f4 done (CPU 1, target 0.500s, real 0.648s)
f7 start (CPU 1) at 0.648s
f5 done (CPU 0, target 0.500s, real 0.745s)
f9 start (CPU 0) at 0.745s
f8 start (CPU 0) at 0.745s
f6 done (CPU 2, target 0.500s, real 0.250s)
f7 done (CPU 1, target 0.500s, real 0.253s)
f8 done (CPU 0, target 0.500s, real 0.250s)
f9 done (CPU 2, target 0.500s, real 0.318s)
c0 done (CPU 3, target 2.500s, real 1.278s)
c1 start (CPU 2) at 1.278s
c1 done (CPU 2, target 2.200s, real 1.021s)
c2 start (CPU 3) at 2.299s
c2 done (CPU 3, target 2.000s, real 0.949s)
c3 start (CPU 2) at 3.249s
c3 done (CPU 2, target 1.800s, real 0.828s)
c4 start (CPU 3) at 4.076s
c4 done (CPU 3, target 1.600s, real 0.736s)
Program total time: 4.813s
all threads done

[stderr]
PROGRAM_TOTAL_NS=4812850637

=== baseline run (rc=0) ===
f0 start (CPU 1) at 0.000s
f1 start (CPU 2) at 0.000s
f3 start (CPU 0) at 0.000s
f5 start (CPU 3) at 0.000s
f6 start (CPU 0) at 0.011s
f8 start (CPU 1) at 0.011s
f2 start (CPU 2) at 0.015s
f7 start (CPU 0) at 0.015s
f9 start (CPU 1) at 0.015s
f11 start (CPU 0) at 0.019s
f4 start (CPU 2) at 0.019s
f10 start (CPU 1) at 0.023s
c0 start (CPU 0) at 0.027s
f5 done (CPU 3, target 0.500s, real 0.386s)
f2 done (CPU 3, target 0.500s, real 0.470s)
f1 done (CPU 3, target 0.500s, real 0.545s)
f11 done (CPU 3, target 0.300s, real 0.546s)
f4 done (CPU 3, target 0.500s, real 0.563s)
f9 done (CPU 3, target 0.500s, real 0.683s)
f3 done (CPU 2, target 0.500s, real 0.758s)
f7 done (CPU 3, target 0.500s, real 0.761s)
f10 done (CPU 2, target 0.500s, real 0.785s)
f0 done (CPU 1, target 0.500s, real 0.828s)
f6 done (CPU 0, target 0.500s, real 0.825s)
f8 done (CPU 2, target 0.500s, real 0.845s)
c0 done (CPU 3, target 2.500s, real 1.731s)
c1 start (CPU 0) at 1.758s
c1 done (CPU 2, target 2.200s, real 1.024s)
c2 start (CPU 1) at 2.782s
c2 done (CPU 1, target 2.000s, real 0.925s)
c3 start (CPU 2) at 3.708s
c3 done (CPU 2, target 1.800s, real 0.836s)
c4 start (CPU 0) at 4.543s
c4 done (CPU 2, target 1.600s, real 0.748s)
Program total time: 5.291s
all threads done

[stderr]
PROGRAM_TOTAL_NS=5291316221

=== prio run (rc=0) ===
f0 start (CPU 0) at 0.000s
f1 start (CPU 2) at 0.000s
f2 start (CPU 3) at 0.000s
f10 start (CPU 3) at 0.000s
f11 start (CPU 2) at 0.000s
c0 start (CPU 2) at 0.000s
f11 done (CPU 1, target 0.300s, real 0.153s)
f9 start (CPU 1) at 0.153s
f10 done (CPU 3, target 0.500s, real 0.250s)
f0 done (CPU 0, target 0.500s, real 0.253s)
f3 start (CPU 0) at 0.253s
f1 done (CPU 1, target 0.500s, real 0.403s)
f4 start (CPU 1) at 0.403s
f3 done (CPU 0, target 0.500s, real 0.250s)
f6 start (CPU 0) at 0.503s
f5 start (CPU 0) at 0.503s
f2 done (CPU 3, target 0.500s, real 0.510s)
f7 start (CPU 3) at 0.510s
f4 done (CPU 1, target 0.500s, real 0.254s)
f8 start (CPU 1) at 0.658s
f5 done (CPU 0, target 0.500s, real 0.252s)
f6 done (CPU 3, target 0.500s, real 0.255s)
f7 done (CPU 1, target 0.500s, real 0.411s)
f8 done (CPU 0, target 0.500s, real 0.365s)
f9 done (CPU 3, target 0.500s, real 0.874s)
c0 done (CPU 2, target 2.500s, real 1.270s)
c1 start (CPU 3) at 1.270s
c1 done (CPU 3, target 2.200s, real 1.042s)
c2 start (CPU 2) at 2.313s
c2 done (CPU 2, target 2.000s, real 0.939s)
c3 start (CPU 3) at 3.252s
c3 done (CPU 3, target 1.800s, real 0.836s)
c4 start (CPU 2) at 4.088s
c4 done (CPU 2, target 1.600s, real 0.747s)
Program total time: 4.835s
all threads done

[stderr]
PROGRAM_TOTAL_NS=4835138011

=== baseline run (rc=0) ===
f0 start (CPU 0) at 0.000s
f1 start (CPU 3) at 0.000s
f2 start (CPU 1) at 0.000s
f7 start (CPU 2) at 0.000s
f5 start (CPU 0) at 0.014s
f4 start (CPU 1) at 0.014s
f3 start (CPU 1) at 0.014s
f6 start (CPU 0) at 0.018s
f11 start (CPU 1) at 0.022s
f8 start (CPU 0) at 0.022s
f9 start (CPU 0) at 0.026s
c0 start (CPU 1) at 0.026s
f10 start (CPU 0) at 0.030s
f7 done (CPU 2, target 0.500s, real 0.251s)
f1 done (CPU 3, target 0.500s, real 0.256s)
f4 done (CPU 3, target 0.500s, real 0.453s)
f8 done (CPU 2, target 0.500s, real 0.450s)
f11 done (CPU 3, target 0.300s, real 0.580s)
f10 done (CPU 3, target 0.500s, real 0.670s)
f6 done (CPU 0, target 0.500s, real 0.712s)
f0 done (CPU 3, target 0.500s, real 0.777s)
f2 done (CPU 1, target 0.500s, real 0.801s)
f3 done (CPU 1, target 0.500s, real 0.794s)
f5 done (CPU 3, target 0.500s, real 0.817s)
f9 done (CPU 2, target 0.500s, real 0.820s)
c0 done (CPU 2, target 2.500s, real 1.694s)
c1 start (CPU 0) at 1.720s
c1 done (CPU 2, target 2.200s, real 1.017s)
c2 start (CPU 0) at 2.737s
c2 done (CPU 2, target 2.000s, real 0.930s)
c3 start (CPU 0) at 3.667s
c3 done (CPU 2, target 1.800s, real 0.841s)
c4 start (CPU 0) at 4.508s
c4 done (CPU 2, target 1.600s, real 0.756s)
Program total time: 5.264s
all threads done

[stderr]
PROGRAM_TOTAL_NS=5264513884

=== prio run (rc=0) ===
f0 start (CPU 1) at 0.000s
f3 start (CPU 2) at 0.000s
f11 start (CPU 2) at 0.000s
f10 start (CPU 2) at 0.000s
c0 start (CPU 3) at 0.000s
f11 done (CPU 0, target 0.300s, real 0.158s)
f1 start (CPU 2) at 0.000s
f10 done (CPU 2, target 0.500s, real 0.250s)
f2 start (CPU 3) at 0.000s
f0 done (CPU 1, target 0.500s, real 0.252s)
f1 done (CPU 0, target 0.500s, real 0.412s)
f4 start (CPU 3) at 0.000s
f2 done (CPU 2, target 0.500s, real 0.502s)
f5 start (CPU 2) at 0.000s
f3 done (CPU 1, target 0.500s, real 0.505s)
f6 start (CPU 3) at 0.000s
f4 done (CPU 0, target 0.500s, real 0.675s)
f7 start (CPU 3) at 0.000s
f5 done (CPU 2, target 0.500s, real 0.752s)
f8 start (CPU 2) at 0.000s
f6 done (CPU 1, target 0.500s, real 0.768s)
f9 start (CPU 1) at 0.768s
f7 done (CPU 0, target 0.500s, real 0.931s)
f8 done (CPU 2, target 0.500s, real 1.010s)
f9 done (CPU 1, target 0.500s, real 0.250s)
c0 done (CPU 3, target 2.500s, real 1.261s)
c1 start (CPU 2) at 1.262s
c1 done (CPU 2, target 2.200s, real 1.036s)
c2 start (CPU 3) at 2.298s
c2 done (CPU 3, target 2.000s, real 0.930s)
c3 start (CPU 2) at 3.228s
c3 done (CPU 2, target 1.800s, real 0.834s)
c4 start (CPU 3) at 4.062s
c4 done (CPU 3, target 1.600s, real 0.759s)
Program total time: 4.822s
all threads done

[stderr]
PROGRAM_TOTAL_NS=4821731402

=== baseline run (rc=0) ===
f0 start (CPU 1) at 0.000s
f1 start (CPU 2) at 0.000s
f2 start (CPU 0) at 0.000s
f6 start (CPU 3) at 0.000s
f7 start (CPU 1) at 0.009s
f9 start (CPU 0) at 0.009s
f8 start (CPU 1) at 0.013s
f11 start (CPU 1) at 0.013s
f3 start (CPU 2) at 0.013s
f10 start (CPU 0) at 0.013s
c0 start (CPU 1) at 0.017s
f4 start (CPU 0) at 0.021s
f5 start (CPU 2) at 0.037s
f6 done (CPU 3, target 0.500s, real 0.357s)
f3 done (CPU 3, target 0.500s, real 0.445s)
f1 done (CPU 3, target 0.500s, real 0.497s)
f5 done (CPU 2, target 0.500s, real 0.487s)
f11 done (CPU 3, target 0.300s, real 0.544s)
f7 done (CPU 2, target 0.500s, real 0.661s)
f0 done (CPU 3, target 0.500s, real 0.686s)
f9 done (CPU 3, target 0.500s, real 0.751s)
f4 done (CPU 2, target 0.500s, real 0.742s)
f2 done (CPU 0, target 0.500s, real 0.789s)
f10 done (CPU 3, target 0.500s, real 0.787s)
f8 done (CPU 1, target 0.500s, real 0.810s)
c0 done (CPU 2, target 2.500s, real 1.731s)
c1 start (CPU 0) at 1.748s
c1 done (CPU 2, target 2.200s, real 1.040s)
c2 start (CPU 0) at 2.788s
c2 done (CPU 2, target 2.000s, real 0.925s)
c3 start (CPU 0) at 3.713s
c3 done (CPU 2, target 1.800s, real 0.831s)
c4 start (CPU 1) at 4.545s
c4 done (CPU 1, target 1.600s, real 0.742s)
Program total time: 5.287s
all threads done

[stderr]
PROGRAM_TOTAL_NS=5286790559

=== prio run (rc=0) ===
f1 start (CPU 2) at 0.000s
f0 start (CPU 1) at 0.000s
f2 start (CPU 3) at 0.000s
f10 start (CPU 2) at 0.000s
f11 start (CPU 3) at 0.000s
c0 start (CPU 3) at 0.000s
f11 done (CPU 0, target 0.300s, real 0.147s)
f0 done (CPU 1, target 0.500s, real 0.246s)
f10 done (CPU 2, target 0.500s, real 0.247s)
f3 start (CPU 2) at 0.000s
f1 done (CPU 0, target 0.500s, real 0.398s)
f4 start (CPU 1) at 0.000s
f3 done (CPU 2, target 0.500s, real 0.497s)
f5 start (CPU 2) at 0.497s
f2 done (CPU 1, target 0.500s, real 0.498s)
f7 start (CPU 1) at 0.498s
f6 start (CPU 1) at 0.498s
f4 done (CPU 0, target 0.500s, real 0.649s)
f5 done (CPU 2, target 0.500s, real 0.250s)
f8 start (CPU 2) at 0.747s
f6 done (CPU 1, target 0.500s, real 0.250s)
f9 start (CPU 1) at 0.748s
f7 done (CPU 0, target 0.500s, real 0.401s)
f8 done (CPU 2, target 0.500s, real 0.250s)
f9 done (CPU 1, target 0.500s, real 0.252s)
c0 done (CPU 3, target 2.500s, real 1.236s)
c1 start (CPU 2) at 1.236s
c1 done (CPU 2, target 2.200s, real 1.025s)
c2 start (CPU 3) at 2.262s
c2 done (CPU 3, target 2.000s, real 0.928s)
c3 start (CPU 2) at 3.190s
c3 done (CPU 2, target 1.800s, real 0.841s)
c4 start (CPU 3) at 4.031s
c4 done (CPU 3, target 1.600s, real 0.754s)
Program total time: 4.785s
all threads done

[stderr]
PROGRAM_TOTAL_NS=4784775714

=== baseline run (rc=0) ===
f0 start (CPU 1) at 0.000s
f2 start (CPU 0) at 0.000s
f1 start (CPU 3) at 0.000s
f4 start (CPU 2) at 0.000s
f8 start (CPU 1) at 0.007s
f7 start (CPU 0) at 0.007s
f3 start (CPU 2) at 0.007s
f9 start (CPU 1) at 0.011s
f6 start (CPU 0) at 0.007s
f5 start (CPU 3) at 0.007s
f10 start (CPU 1) at 0.015s
f11 start (CPU 0) at 0.027s
c0 start (CPU 0) at 0.035s
f1 done (CPU 3, target 0.500s, real 0.265s)
f4 done (CPU 2, target 0.500s, real 0.372s)
f3 done (CPU 3, target 0.500s, real 0.373s)
f11 done (CPU 3, target 0.300s, real 0.562s)
f9 done (CPU 2, target 0.500s, real 0.715s)
f2 done (CPU 3, target 0.500s, real 0.752s)
f6 done (CPU 3, target 0.500s, real 0.754s)
f7 done (CPU 0, target 0.500s, real 0.766s)
f0 done (CPU 0, target 0.500s, real 0.833s)
f10 done (CPU 3, target 0.500s, real 0.823s)
f5 done (CPU 1, target 0.500s, real 0.859s)
f8 done (CPU 0, target 0.500s, real 0.860s)
c0 done (CPU 2, target 2.500s, real 1.547s)
c1 start (CPU 0) at 1.582s
c1 done (CPU 2, target 2.200s, real 1.018s)
c2 start (CPU 0) at 2.600s
c2 done (CPU 2, target 2.000s, real 0.929s)
c3 start (CPU 0) at 3.529s
c3 done (CPU 2, target 1.800s, real 0.833s)
c4 start (CPU 0) at 4.362s
c4 done (CPU 2, target 1.600s, real 0.759s)
Program total time: 5.122s
all threads done

[stderr]
PROGRAM_TOTAL_NS=5121689135

=== prio run (rc=0) ===
f0 start (CPU 1) at 0.000s
f2 start (CPU 3) at 0.000s
f1 start (CPU 2) at 0.000s
f10 start (CPU 2) at 0.000s
f11 start (CPU 3) at 0.000s
c0 start (CPU 2) at 0.000s
f11 done (CPU 3, target 0.300s, real 0.160s)
f10 done (CPU 0, target 0.500s, real 0.247s)
f4 start (CPU 0) at 0.247s
f0 done (CPU 1, target 0.500s, real 0.252s)
f3 start (CPU 1) at 0.253s
f1 done (CPU 3, target 0.500s, real 0.410s)
f5 start (CPU 3) at 0.411s
f2 done (CPU 0, target 0.500s, real 0.498s)
f6 start (CPU 0) at 0.498s
f3 done (CPU 1, target 0.500s, real 0.251s)
f4 done (CPU 3, target 0.500s, real 0.415s)
f7 start (CPU 3) at 0.662s
f5 done (CPU 0, target 0.500s, real 0.344s)
f8 start (CPU 0) at 0.755s
f6 done (CPU 1, target 0.500s, real 0.257s)
f9 start (CPU 1) at 0.755s
f7 done (CPU 3, target 0.500s, real 0.255s)
f9 done (CPU 1, target 0.500s, real 0.252s)
f8 done (CPU 0, target 0.500s, real 0.252s)
c0 done (CPU 2, target 2.500s, real 1.242s)
c1 start (CPU 3) at 1.242s
c1 done (CPU 3, target 2.200s, real 1.022s)
c2 start (CPU 2) at 2.264s
c2 done (CPU 2, target 2.000s, real 0.959s)
c3 start (CPU 3) at 3.224s
c3 done (CPU 3, target 1.800s, real 0.834s)
c4 start (CPU 2) at 4.057s
c4 done (CPU 2, target 1.600s, real 0.760s)
Program total time: 4.817s
all threads done

[stderr]
PROGRAM_TOTAL_NS=4817486014

=== baseline run (rc=0) ===
f0 start (CPU 1) at 0.000s
f1 start (CPU 3) at 0.000s
f2 start (CPU 0) at 0.000s
f5 start (CPU 2) at 0.000s
f6 start (CPU 0) at 0.013s
f4 start (CPU 3) at 0.013s
f8 start (CPU 1) at 0.013s
f3 start (CPU 3) at 0.013s
f7 start (CPU 0) at 0.017s
f9 start (CPU 1) at 0.013s
f10 start (CPU 0) at 0.022s
f11 start (CPU 0) at 0.030s
c0 start (CPU 0) at 0.034s
f5 done (CPU 2, target 0.500s, real 0.363s)
f3 done (CPU 2, target 0.500s, real 0.462s)
f1 done (CPU 3, target 0.500s, real 0.514s)
f4 done (CPU 2, target 0.500s, real 0.511s)
f11 done (CPU 0, target 0.300s, real 0.602s)
f7 done (CPU 2, target 0.500s, real 0.792s)
f2 done (CPU 2, target 0.500s, real 0.810s)
f9 done (CPU 2, target 0.500s, real 0.797s)
f10 done (CPU 3, target 0.500s, real 0.804s)
f0 done (CPU 1, target 0.500s, real 0.831s)
f8 done (CPU 2, target 0.500s, real 0.819s)
f6 done (CPU 3, target 0.500s, real 0.854s)
c0 done (CPU 2, target 2.500s, real 1.687s)
c1 start (CPU 0) at 1.721s
c1 done (CPU 2, target 2.200s, real 1.032s)
c2 start (CPU 0) at 2.753s
c2 done (CPU 2, target 2.000s, real 0.917s)
c3 start (CPU 1) at 3.671s
c3 done (CPU 1, target 1.800s, real 0.834s)
c4 start (CPU 3) at 4.504s
c4 done (CPU 3, target 1.600s, real 0.737s)
Program total time: 5.242s
all threads done

[stderr]
PROGRAM_TOTAL_NS=5242058921

=== prio run (rc=0) ===
f0 start (CPU 1) at 0.000s
f1 start (CPU 2) at 0.000s
f2 start (CPU 3) at 0.000s
f3 start (CPU 2) at 0.000s
f10 start (CPU 2) at 0.000s
c0 start (CPU 2) at 0.000s
f11 start (CPU 3) at 0.001s
f11 done (CPU 3, target 0.300s, real 0.160s)
f0 done (CPU 1, target 0.500s, real 0.249s)
f10 done (CPU 0, target 0.500s, real 0.251s)
f1 done (CPU 3, target 0.500s, real 0.411s)
f4 start (CPU 3) at 0.411s
f2 done (CPU 1, target 0.500s, real 0.500s)
f5 start (CPU 1) at 0.501s
f3 done (CPU 0, target 0.500s, real 0.503s)
f7 start (CPU 0) at 0.504s
f6 start (CPU 0) at 0.504s
f4 done (CPU 3, target 0.500s, real 0.252s)
f9 start (CPU 3) at 0.663s
f5 done (CPU 1, target 0.500s, real 0.249s)
f8 start (CPU 1) at 0.749s
f6 done (CPU 0, target 0.500s, real 0.252s)
f7 done (CPU 3, target 0.500s, real 0.412s)
f8 done (CPU 1, target 0.500s, real 0.253s)
f9 done (CPU 0, target 0.500s, real 0.342s)
c0 done (CPU 2, target 2.500s, real 1.248s)
c1 start (CPU 3) at 1.248s
c1 done (CPU 3, target 2.200s, real 1.049s)
c2 start (CPU 2) at 2.297s
c2 done (CPU 2, target 2.000s, real 0.946s)
c3 start (CPU 3) at 3.244s
c3 done (CPU 3, target 1.800s, real 0.833s)
c4 start (CPU 2) at 4.077s
c4 done (CPU 2, target 1.600s, real 0.748s)
Program total time: 4.826s
all threads done

[stderr]
PROGRAM_TOTAL_NS=4825619612

=== baseline run (rc=0) ===
f0 start (CPU 1) at 0.000s
f1 start (CPU 3) at 0.000s
f4 start (CPU 0) at 0.000s
f5 start (CPU 2) at 0.000s
f6 start (CPU 0) at 0.011s
f8 start (CPU 1) at 0.011s
f2 start (CPU 3) at 0.000s
f10 start (CPU 1) at 0.015s
f7 start (CPU 0) at 0.015s
f9 start (CPU 1) at 0.015s
f11 start (CPU 0) at 0.019s
c0 start (CPU 0) at 0.023s
f3 start (CPU 3) at 0.047s
f5 done (CPU 2, target 0.500s, real 0.255s)
f2 done (CPU 2, target 0.500s, real 0.426s)
f1 done (CPU 2, target 0.500s, real 0.499s)
f3 done (CPU 3, target 0.500s, real 0.471s)
f11 done (CPU 1, target 0.300s, real 0.632s)
f10 done (CPU 3, target 0.500s, real 0.637s)
f8 done (CPU 2, target 0.500s, real 0.700s)
f4 done (CPU 3, target 0.500s, real 0.721s)
f9 done (CPU 1, target 0.500s, real 0.760s)
f7 done (CPU 3, target 0.500s, real 0.772s)
f0 done (CPU 0, target 0.500s, real 0.805s)
f6 done (CPU 2, target 0.500s, real 0.813s)
c0 done (CPU 1, target 2.500s, real 1.708s)
c1 start (CPU 2) at 1.731s
c1 done (CPU 2, target 2.200s, real 1.021s)
c2 start (CPU 0) at 2.753s
c2 done (CPU 2, target 2.000s, real 0.924s)
c3 start (CPU 0) at 3.677s
c3 done (CPU 2, target 1.800s, real 0.838s)
c4 start (CPU 0) at 4.514s
c4 done (CPU 2, target 1.600s, real 0.742s)
Program total time: 5.257s
all threads done

[stderr]
PROGRAM_TOTAL_NS=5257071276

=== prio run (rc=0) ===
f0 start (CPU 1) at 0.000s
f1 start (CPU 2) at 0.000s
f2 start (CPU 3) at 0.000s
f11 start (CPU 3) at 0.000s
f10 start (CPU 2) at 0.000s
c0 start (CPU 3) at 0.000s
f11 done (CPU 0, target 0.300s, real 0.148s)
f10 done (CPU 2, target 0.500s, real 0.248s)
f3 start (CPU 2) at 0.000s
f0 done (CPU 1, target 0.500s, real 0.255s)
f1 done (CPU 0, target 0.500s, real 0.398s)
f6 start (CPU 0) at 0.398s
f4 start (CPU 3) at 0.000s
f2 done (CPU 2, target 0.500s, real 0.498s)
f8 start (CPU 2) at 0.498s
f5 start (CPU 2) at 0.498s
f3 done (CPU 1, target 0.500s, real 0.504s)
f4 done (CPU 0, target 0.500s, real 0.646s)
f7 start (CPU 0) at 0.646s
f5 done (CPU 2, target 0.500s, real 0.254s)
f6 done (CPU 1, target 0.500s, real 0.357s)
f9 start (CPU 1) at 0.755s
f7 done (CPU 0, target 0.500s, real 0.258s)
f8 done (CPU 2, target 0.500s, real 0.507s)
f9 done (CPU 1, target 0.500s, real 0.255s)
c0 done (CPU 3, target 2.500s, real 1.239s)
c1 start (CPU 2) at 1.239s
c1 done (CPU 2, target 2.200s, real 1.021s)
c2 start (CPU 3) at 2.261s
c2 done (CPU 3, target 2.000s, real 0.932s)
c3 start (CPU 2) at 3.193s
c3 done (CPU 2, target 1.800s, real 0.845s)
c4 start (CPU 3) at 4.039s
c4 done (CPU 3, target 1.600s, real 0.744s)
Program total time: 4.783s
all threads done

[stderr]
PROGRAM_TOTAL_NS=4782870200

=== baseline run (rc=0) ===
f0 start (CPU 1) at 0.000s
f1 start (CPU 0) at 0.000s
f2 start (CPU 2) at 0.000s
f5 start (CPU 3) at 0.001s
f6 start (CPU 0) at 0.012s
f10 start (CPU 1) at 0.012s
f8 start (CPU 1) at 0.012s
f7 start (CPU 0) at 0.017s
f3 start (CPU 2) at 0.017s
f4 start (CPU 2) at 0.021s
f9 start (CPU 1) at 0.012s
f11 start (CPU 0) at 0.021s
c0 start (CPU 0) at 0.025s
f5 done (CPU 3, target 0.500s, real 0.264s)
f3 done (CPU 3, target 0.500s, real 0.494s)
f2 done (CPU 3, target 0.500s, real 0.564s)
f4 done (CPU 2, target 0.500s, real 0.551s)
f11 done (CPU 0, target 0.300s, real 0.587s)
f8 done (CPU 1, target 0.500s, real 0.693s)
f10 done (CPU 1, target 0.500s, real 0.785s)
f7 done (CPU 0, target 0.500s, real 0.785s)
f1 done (CPU 1, target 0.500s, real 0.816s)
f6 done (CPU 2, target 0.500s, real 0.834s)
f9 done (CPU 0, target 0.500s, real 0.838s)
f0 done (CPU 1, target 0.500s, real 0.858s)
c0 done (CPU 3, target 2.500s, real 1.708s)
c1 start (CPU 0) at 1.733s
c1 done (CPU 2, target 2.200s, real 1.018s)
c2 start (CPU 0) at 2.751s
c2 done (CPU 2, target 2.000s, real 0.931s)
c3 start (CPU 0) at 3.683s
c3 done (CPU 2, target 1.800s, real 0.835s)
c4 start (CPU 0) at 4.518s
c4 done (CPU 2, target 1.600s, real 0.741s)
Program total time: 5.259s
all threads done

[stderr]
PROGRAM_TOTAL_NS=5258952965

=== prio run (rc=0) ===
f0 start (CPU 1) at 0.000s
f2 start (CPU 3) at 0.000s
f1 start (CPU 2) at 0.000s
f10 start (CPU 3) at 0.000s
f11 start (CPU 0) at 0.000s
c0 start (CPU 2) at 0.000s
f11 done (CPU 0, target 0.300s, real 0.152s)
f0 done (CPU 1, target 0.500s, real 0.245s)
f10 done (CPU 3, target 0.500s, real 0.249s)
f3 start (CPU 3) at 0.249s
f1 done (CPU 1, target 0.500s, real 0.400s)
f4 start (CPU 1) at 0.400s
f2 done (CPU 0, target 0.500s, real 0.499s)
f5 start (CPU 0) at 0.499s
f3 done (CPU 3, target 0.500s, real 0.253s)
f6 start (CPU 3) at 0.502s
f4 done (CPU 1, target 0.500s, real 0.254s)
f7 start (CPU 1) at 0.654s
f6 done (CPU 3, target 0.500s, real 0.249s)
f8 start (CPU 3) at 0.751s
f5 done (CPU 0, target 0.500s, real 0.258s)
f9 start (CPU 0) at 0.757s
f7 done (CPU 1, target 0.500s, real 0.248s)
f8 done (CPU 3, target 0.500s, real 0.249s)
f9 done (CPU 0, target 0.500s, real 0.250s)
c0 done (CPU 2, target 2.500s, real 1.248s)
c1 start (CPU 3) at 1.248s
c1 done (CPU 3, target 2.200s, real 1.037s)
c2 start (CPU 2) at 2.285s
c2 done (CPU 2, target 2.000s, real 0.936s)
c3 start (CPU 3) at 3.221s
c3 done (CPU 3, target 1.800s, real 0.835s)
c4 start (CPU 2) at 4.056s
c4 done (CPU 2, target 1.600s, real 0.755s)
Program total time: 4.811s
all threads done

[stderr]
PROGRAM_TOTAL_NS=4810967347

=== baseline run (rc=0) ===
f0 start (CPU 0) at 0.000s
f1 start (CPU 3) at 0.000s
f2 start (CPU 1) at 0.000s
f6 start (CPU 2) at 0.000s
f9 start (CPU 1) at 0.012s
f8 start (CPU 0) at 0.012s
f10 start (CPU 1) at 0.016s
f3 start (CPU 3) at 0.016s
f7 start (CPU 0) at 0.012s
f5 start (CPU 3) at 0.024s
f11 start (CPU 0) at 0.024s
c0 start (CPU 0) at 0.028s
f4 start (CPU 1) at 0.028s
f6 done (CPU 2, target 0.500s, real 0.382s)
f1 done (CPU 2, target 0.500s, real 0.463s)
f3 done (CPU 3, target 0.500s, real 0.537s)
f5 done (CPU 3, target 0.500s, real 0.532s)
f11 done (CPU 3, target 0.300s, real 0.555s)
f10 done (CPU 2, target 0.500s, real 0.606s)
f4 done (CPU 3, target 0.500s, real 0.678s)
f8 done (CPU 3, target 0.500s, real 0.750s)
f7 done (CPU 0, target 0.500s, real 0.757s)
f0 done (CPU 1, target 0.500s, real 0.798s)
f2 done (CPU 2, target 0.500s, real 0.799s)
f9 done (CPU 3, target 0.500s, real 0.790s)
c0 done (CPU 2, target 2.500s, real 1.700s)
c1 start (CPU 0) at 1.728s
c1 done (CPU 2, target 2.200s, real 1.018s)
c2 start (CPU 0) at 2.747s
c2 done (CPU 2, target 2.000s, real 0.923s)
c3 start (CPU 0) at 3.670s
c3 done (CPU 2, target 1.800s, real 0.827s)
c4 start (CPU 0) at 4.497s
c4 done (CPU 2, target 1.600s, real 0.759s)
Program total time: 5.256s
all threads done

[stderr]
PROGRAM_TOTAL_NS=5256117635

=== prio run (rc=0) ===
f0 start (CPU 0) at 0.000s
f1 start (CPU 2) at 0.000s
f2 start (CPU 3) at 0.000s
f7 start (CPU 0) at 0.000s
f10 start (CPU 0) at 0.000s
f11 start (CPU 3) at 0.000s
c0 start (CPU 0) at 0.000s
f11 done (CPU 3, target 0.300s, real 0.146s)
f10 done (CPU 1, target 0.500s, real 0.246s)
f5 start (CPU 1) at 0.247s
f3 start (CPU 1) at 0.247s
f0 done (CPU 2, target 0.500s, real 0.251s)
f4 start (CPU 2) at 0.251s
f1 done (CPU 3, target 0.500s, real 0.406s)
f8 start (CPU 3) at 0.406s
f2 done (CPU 1, target 0.500s, real 0.496s)
f6 start (CPU 1) at 0.496s
f3 done (CPU 2, target 0.500s, real 0.261s)
f4 done (CPU 3, target 0.500s, real 0.408s)
f5 done (CPU 1, target 0.500s, real 0.505s)
f6 done (CPU 2, target 0.500s, real 0.262s)
f9 start (CPU 2) at 0.759s
f7 done (CPU 3, target 0.500s, real 0.911s)
f8 done (CPU 1, target 0.500s, real 0.596s)
f9 done (CPU 2, target 0.500s, real 0.249s)
c0 done (CPU 0, target 2.500s, real 1.254s)
c1 start (CPU 3) at 1.254s
c1 done (CPU 3, target 2.200s, real 1.032s)
c2 start (CPU 2) at 2.286s
c2 done (CPU 2, target 2.000s, real 0.931s)
c3 start (CPU 3) at 3.217s
c3 done (CPU 3, target 1.800s, real 0.857s)
c4 start (CPU 2) at 4.074s
c4 done (CPU 2, target 1.600s, real 0.742s)
Program total time: 4.816s
all threads done

[stderr]
PROGRAM_TOTAL_NS=4816176230

=== baseline run (rc=0) ===
f1 start (CPU 3) at 0.000s
f3 start (CPU 1) at 0.000s
f0 start (CPU 0) at 0.000s
f2 start (CPU 1) at 0.000s
f7 start (CPU 2) at 0.000s
f4 start (CPU 0) at 0.013s
f5 start (CPU 0) at 0.017s
f10 start (CPU 0) at 0.021s
f11 start (CPU 0) at 0.029s
c0 start (CPU 0) at 0.033s
f6 start (CPU 1) at 0.037s
f8 start (CPU 1) at 0.041s
f9 start (CPU 1) at 0.049s
f1 done (CPU 3, target 0.500s, real 0.245s)
f7 done (CPU 2, target 0.500s, real 0.246s)
f0 done (CPU 3, target 0.500s, real 0.443s)
f6 done (CPU 2, target 0.500s, real 0.428s)
f11 done (CPU 2, target 0.300s, real 0.545s)
f3 done (CPU 3, target 0.500s, real 0.612s)
f9 done (CPU 3, target 0.500s, real 0.672s)
f8 done (CPU 2, target 0.500s, real 0.692s)
f10 done (CPU 0, target 0.500s, real 0.757s)
f5 done (CPU 1, target 0.500s, real 0.775s)
f2 done (CPU 0, target 0.500s, real 0.800s)
f4 done (CPU 2, target 0.500s, real 0.793s)
c0 done (CPU 3, target 2.500s, real 1.662s)
c1 start (CPU 0) at 1.695s
c1 done (CPU 2, target 2.200s, real 1.010s)
c2 start (CPU 0) at 2.705s
c2 done (CPU 2, target 2.000s, real 0.928s)
c3 start (CPU 0) at 3.633s
c3 done (CPU 2, target 1.800s, real 0.824s)
c4 start (CPU 0) at 4.457s
c4 done (CPU 2, target 1.600s, real 0.738s)
Program total time: 5.195s
all threads done

[stderr]
PROGRAM_TOTAL_NS=5194977409

=== prio run (rc=0) ===
f0 start (CPU 1) at 0.000s
f2 start (CPU 3) at 0.000s
f1 start (CPU 2) at 0.000s
f10 start (CPU 3) at 0.000s
f11 start (CPU 0) at 0.000s
c0 start (CPU 2) at 0.000s
f11 done (CPU 0, target 0.300s, real 0.147s)
f0 done (CPU 1, target 0.500s, real 0.247s)
f10 done (CPU 3, target 0.500s, real 0.253s)
f3 start (CPU 3) at 0.253s
f1 done (CPU 0, target 0.500s, real 0.399s)
f4 start (CPU 0) at 0.400s
f2 done (CPU 1, target 0.500s, real 0.498s)
f5 start (CPU 1) at 0.498s
f3 done (CPU 3, target 0.500s, real 0.251s)
f6 start (CPU 3) at 0.504s
f4 done (CPU 0, target 0.500s, real 0.254s)
f7 start (CPU 0) at 0.653s
f5 done (CPU 1, target 0.500s, real 0.249s)
f8 start (CPU 1) at 0.748s
f6 done (CPU 3, target 0.500s, real 0.253s)
f9 start (CPU 3) at 0.757s
f7 done (CPU 0, target 0.500s, real 0.252s)
f8 done (CPU 1, target 0.500s, real 0.249s)
f9 done (CPU 3, target 0.500s, real 0.252s)
c0 done (CPU 2, target 2.500s, real 1.247s)
c1 start (CPU 3) at 1.247s
c1 done (CPU 3, target 2.200s, real 1.027s)
c2 start (CPU 2) at 2.274s
c2 done (CPU 2, target 2.000s, real 0.934s)
c3 start (CPU 3) at 3.208s
c3 done (CPU 3, target 1.800s, real 0.838s)
c4 start (CPU 2) at 4.046s
c4 done (CPU 2, target 1.600s, real 0.752s)
Program total time: 4.798s
all threads done

[stderr]
PROGRAM_TOTAL_NS=4798278387

=== baseline run (rc=0) ===
f0 start (CPU 1) at 0.000s
f2 start (CPU 2) at 0.000s
f1 start (CPU 2) at 0.000s
f7 start (CPU 3) at 0.000s
f8 start (CPU 0) at 0.010s
f10 start (CPU 1) at 0.017s
f9 start (CPU 0) at 0.018s
f11 start (CPU 1) at 0.018s
c0 start (CPU 1) at 0.022s
f3 start (CPU 0) at 0.026s
f4 start (CPU 1) at 0.030s
f5 start (CPU 1) at 0.038s
f6 start (CPU 0) at 0.038s
f7 done (CPU 3, target 0.500s, real 0.253s)
f2 done (CPU 2, target 0.500s, real 0.262s)
f9 done (CPU 2, target 0.500s, real 0.446s)
f0 done (CPU 3, target 0.500s, real 0.477s)
f11 done (CPU 3, target 0.300s, real 0.580s)
f8 done (CPU 3, target 0.500s, real 0.634s)
f10 done (CPU 2, target 0.500s, real 0.721s)
f1 done (CPU 2, target 0.500s, real 0.793s)
f3 done (CPU 0, target 0.500s, real 0.785s)
f6 done (CPU 2, target 0.500s, real 0.779s)
f5 done (CPU 1, target 0.500s, real 0.796s)
f4 done (CPU 0, target 0.500s, real 0.808s)
c0 done (CPU 3, target 2.500s, real 1.665s)
c1 start (CPU 0) at 1.687s
c1 done (CPU 2, target 2.200s, real 1.012s)
c2 start (CPU 0) at 2.699s
c2 done (CPU 2, target 2.000s, real 0.933s)
c3 start (CPU 0) at 3.632s
c3 done (CPU 2, target 1.800s, real 0.824s)
c4 start (CPU 0) at 4.456s
c4 done (CPU 2, target 1.600s, real 0.749s)
Program total time: 5.206s
all threads done

[stderr]
PROGRAM_TOTAL_NS=5205682529

=== prio run (rc=0) ===
f0 start (CPU 1) at 0.000s
f1 start (CPU 2) at 0.000s
f2 start (CPU 3) at 0.000s
f3 start (CPU 2) at 0.000s
f10 start (CPU 1) at 0.000s
f11 start (CPU 2) at 0.000s
c0 start (CPU 1) at 0.000s
f11 done (CPU 2, target 0.300s, real 0.160s)
f0 done (CPU 3, target 0.500s, real 0.247s)
f10 done (CPU 0, target 0.500s, real 0.249s)
f4 start (CPU 1) at 0.000s
f1 done (CPU 2, target 0.500s, real 0.409s)
f8 start (CPU 2) at 0.409s
f2 done (CPU 3, target 0.500s, real 0.498s)
f5 start (CPU 3) at 0.498s
f3 done (CPU 0, target 0.500s, real 0.499s)
f6 start (CPU 0) at 0.500s
f4 done (CPU 2, target 0.500s, real 0.667s)
f7 start (CPU 2) at 0.667s
f6 done (CPU 0, target 0.500s, real 0.253s)
f5 done (CPU 3, target 0.500s, real 0.263s)
f9 start (CPU 3) at 0.762s
f7 done (CPU 2, target 0.500s, real 0.254s)
f8 done (CPU 0, target 0.500s, real 0.595s)
f9 done (CPU 3, target 0.500s, real 0.259s)
c0 done (CPU 1, target 2.500s, real 1.258s)
c1 start (CPU 1) at 1.258s
c1 done (CPU 1, target 2.200s, real 1.068s)
c2 start (CPU 0) at 2.327s
c2 done (CPU 2, target 2.000s, real 0.927s)
c3 start (CPU 3) at 3.254s
c3 done (CPU 3, target 1.800s, real 0.846s)
c4 start (CPU 2) at 4.100s
c4 done (CPU 2, target 1.600s, real 0.745s)
Program total time: 4.845s
all threads done

[stderr]
PROGRAM_TOTAL_NS=4844922843

=== baseline run (rc=0) ===
f0 start (CPU 2) at 0.000s
f1 start (CPU 1) at 0.000s
f2 start (CPU 3) at 0.000s
c0 start (CPU 0) at 0.000s
f4 start (CPU 0) at 0.005s
f7 start (CPU 3) at 0.007s
f8 start (CPU 3) at 0.009s
f5 start (CPU 1) at 0.013s
f3 start (CPU 0) at 0.017s
f6 start (CPU 1) at 0.017s
f9 start (CPU 1) at 0.021s
f10 start (CPU 1) at 0.025s
f11 start (CPU 1) at 0.029s
f0 done (CPU 2, target 0.500s, real 0.325s)
f2 done (CPU 2, target 0.500s, real 0.440s)
f7 done (CPU 2, target 0.500s, real 0.495s)
f8 done (CPU 3, target 0.500s, real 0.495s)
f4 done (CPU 3, target 0.500s, real 0.588s)
f3 done (CPU 0, target 0.500s, real 0.665s)
f11 done (CPU 0, target 0.300s, real 0.685s)
f10 done (CPU 2, target 0.500s, real 0.710s)
f6 done (CPU 3, target 0.500s, real 0.729s)
f9 done (CPU 0, target 0.500s, real 0.799s)
f1 done (CPU 1, target 0.500s, real 0.832s)
f5 done (CPU 3, target 0.500s, real 0.822s)
c0 done (CPU 2, target 2.500s, real 1.637s)
c1 start (CPU 0) at 1.637s
c1 done (CPU 2, target 2.200s, real 1.014s)
c2 start (CPU 0) at 2.651s
c2 done (CPU 2, target 2.000s, real 0.934s)
c3 start (CPU 0) at 3.585s
c3 done (CPU 2, target 1.800s, real 0.835s)
c4 start (CPU 0) at 4.420s
c4 done (CPU 2, target 1.600s, real 0.740s)
Program total time: 5.161s
all threads done

[stderr]
PROGRAM_TOTAL_NS=5160559785

=== prio run (rc=0) ===
f0 start (CPU 3) at 0.000s
f1 start (CPU 0) at 0.000s
f2 start (CPU 1) at 0.000s
f3 start (CPU 0) at 0.000s
f4 start (CPU 1) at 0.000s
f10 start (CPU 0) at 0.000s
f11 start (CPU 1) at 0.000s
c0 start (CPU 0) at 0.000s
f11 done (CPU 1, target 0.300s, real 0.150s)
f0 done (CPU 3, target 0.500s, real 0.249s)
f10 done (CPU 2, target 0.500s, real 0.250s)
f1 done (CPU 1, target 0.500s, real 0.409s)
f2 done (CPU 3, target 0.500s, real 0.499s)
f5 start (CPU 3) at 0.499s
f3 done (CPU 2, target 0.500s, real 0.508s)
f6 start (CPU 2) at 0.509s
f4 done (CPU 1, target 0.500s, real 0.667s)
f9 start (CPU 1) at 0.668s
f7 start (CPU 1) at 0.668s
f5 done (CPU 3, target 0.500s, real 0.252s)
f8 start (CPU 3) at 0.752s
f6 done (CPU 2, target 0.500s, real 0.253s)
f7 done (CPU 1, target 0.500s, real 0.254s)
f8 done (CPU 3, target 0.500s, real 0.261s)
f9 done (CPU 2, target 0.500s, real 0.353s)
c0 done (CPU 0, target 2.500s, real 1.269s)
c1 start (CPU 1) at 1.270s
c1 done (CPU 1, target 2.200s, real 1.050s)
c2 start (CPU 0) at 2.320s
c2 done (CPU 0, target 2.000s, real 0.930s)
c3 start (CPU 1) at 3.251s
c3 done (CPU 1, target 1.800s, real 0.865s)
c4 start (CPU 0) at 4.116s
c4 done (CPU 0, target 1.600s, real 0.745s)
Program total time: 4.862s
all threads done

[stderr]
PROGRAM_TOTAL_NS=4861656753

=== baseline run (rc=0) ===
f0 start (CPU 0) at 0.000s
f1 start (CPU 3) at 0.000s
f2 start (CPU 1) at 0.000s
f4 start (CPU 2) at 0.000s
f3 start (CPU 2) at 0.008s
f5 start (CPU 3) at 0.008s
f9 start (CPU 0) at 0.008s
f6 start (CPU 3) at 0.012s
f7 start (CPU 1) at 0.012s
f10 start (CPU 3) at 0.016s
f8 start (CPU 1) at 0.016s
f11 start (CPU 3) at 0.020s
c0 start (CPU 3) at 0.028s
f9 done (CPU 0, target 0.500s, real 0.296s)
f7 done (CPU 0, target 0.500s, real 0.496s)
f11 done (CPU 2, target 0.300s, real 0.574s)
f2 done (CPU 0, target 0.500s, real 0.604s)
f0 done (CPU 0, target 0.500s, real 0.636s)
f8 done (CPU 1, target 0.500s, real 0.643s)
f3 done (CPU 1, target 0.500s, real 0.726s)
f10 done (CPU 2, target 0.500s, real 0.728s)
f4 done (CPU 0, target 0.500s, real 0.764s)
f6 done (CPU 1, target 0.500s, real 0.777s)
f1 done (CPU 2, target 0.500s, real 0.799s)
f5 done (CPU 3, target 0.500s, real 0.816s)
c0 done (CPU 2, target 2.500s, real 1.732s)
c1 start (CPU 0) at 1.759s
c1 done (CPU 2, target 2.200s, real 1.018s)
c2 start (CPU 0) at 2.777s
c2 done (CPU 2, target 2.000s, real 0.921s)
c3 start (CPU 0) at 3.699s
c3 done (CPU 2, target 1.800s, real 0.834s)
c4 start (CPU 1) at 4.532s
c4 done (CPU 1, target 1.600s, real 0.740s)
Program total time: 5.273s
all threads done

[stderr]
PROGRAM_TOTAL_NS=5272600463

=== prio run (rc=0) ===
f0 start (CPU 0) at 0.000s
f2 start (CPU 3) at 0.000s
f1 start (CPU 2) at 0.000s
f10 start (CPU 3) at 0.000s
f11 start (CPU 2) at 0.000s
c0 start (CPU 3) at 0.000s
f11 done (CPU 2, target 0.300s, real 0.145s)
f0 done (CPU 0, target 0.500s, real 0.249s)
f10 done (CPU 1, target 0.500s, real 0.256s)
f3 start (CPU 1) at 0.256s
f1 done (CPU 2, target 0.500s, real 0.399s)
f4 start (CPU 2) at 0.399s
f2 done (CPU 0, target 0.500s, real 0.499s)
f5 start (CPU 0) at 0.499s
f3 done (CPU 1, target 0.500s, real 0.251s)
f6 start (CPU 0) at 0.507s
f4 done (CPU 2, target 0.500s, real 0.251s)
f7 start (CPU 2) at 0.650s
f5 done (CPU 1, target 0.500s, real 0.252s)
f8 start (CPU 1) at 0.751s
f6 done (CPU 0, target 0.500s, real 0.250s)
f9 start (CPU 0) at 0.757s
f7 done (CPU 2, target 0.500s, real 0.251s)
f8 done (CPU 1, target 0.500s, real 0.251s)
f9 done (CPU 0, target 0.500s, real 0.251s)
c0 done (CPU 3, target 2.500s, real 1.251s)
c1 start (CPU 2) at 1.251s
c1 done (CPU 2, target 2.200s, real 1.025s)
c2 start (CPU 3) at 2.277s
c2 done (CPU 3, target 2.000s, real 0.927s)
c3 start (CPU 2) at 3.204s
c3 done (CPU 2, target 1.800s, real 0.837s)
c4 start (CPU 3) at 4.041s
c4 done (CPU 3, target 1.600s, real 0.751s)
Program total time: 4.793s
all threads done

[stderr]
PROGRAM_TOTAL_NS=4792732936

=== baseline run (rc=0) ===
f0 start (CPU 0) at 0.000s
f1 start (CPU 2) at 0.000s
f2 start (CPU 1) at 0.000s
f7 start (CPU 3) at 0.000s
f3 start (CPU 1) at 0.004s
f5 start (CPU 0) at 0.016s
f6 start (CPU 0) at 0.028s
f8 start (CPU 0) at 0.032s
f9 start (CPU 0) at 0.035s
f4 start (CPU 1) at 0.040s
f10 start (CPU 0) at 0.040s
f11 start (CPU 1) at 0.044s
c0 start (CPU 1) at 0.048s
f7 done (CPU 3, target 0.500s, real 0.252s)
f1 done (CPU 3, target 0.500s, real 0.256s)
f11 done (CPU 3, target 0.300s, real 0.322s)
f8 done (CPU 2, target 0.500s, real 0.436s)
f10 done (CPU 3, target 0.500s, real 0.539s)
f4 done (CPU 3, target 0.500s, real 0.644s)
f0 done (CPU 3, target 0.500s, real 0.740s)
f5 done (CPU 2, target 0.500s, real 0.740s)
f3 done (CPU 2, target 0.500s, real 0.773s)
f2 done (CPU 1, target 0.500s, real 0.780s)
f6 done (CPU 2, target 0.500s, real 0.785s)
f9 done (CPU 0, target 0.500s, real 0.788s)
c0 done (CPU 3, target 2.500s, real 1.706s)
c1 start (CPU 0) at 1.754s
c1 done (CPU 2, target 2.200s, real 1.019s)
c2 start (CPU 0) at 2.773s
c2 done (CPU 2, target 2.000s, real 0.948s)
c3 start (CPU 0) at 3.721s
c3 done (CPU 2, target 1.800s, real 0.841s)
c4 start (CPU 0) at 4.562s
c4 done (CPU 2, target 1.600s, real 0.734s)
Program total time: 5.296s
all threads done

[stderr]
PROGRAM_TOTAL_NS=5296394444

=== prio run (rc=0) ===
f0 start (CPU 1) at 0.000s
f1 start (CPU 2) at 0.000s
f2 start (CPU 3) at 0.000s
f3 start (CPU 2) at 0.000s
f10 start (CPU 2) at 0.000s
f11 start (CPU 0) at 0.000s
c0 start (CPU 3) at 0.000s
f11 done (CPU 0, target 0.300s, real 0.148s)
f0 done (CPU 1, target 0.500s, real 0.248s)
f10 done (CPU 2, target 0.500s, real 0.252s)
f4 start (CPU 2) at 0.253s
f1 done (CPU 0, target 0.500s, real 0.398s)
f2 done (CPU 1, target 0.500s, real 0.500s)
f5 start (CPU 1) at 0.500s
f3 done (CPU 2, target 0.500s, real 0.504s)
f6 start (CPU 2) at 0.504s
f4 done (CPU 0, target 0.500s, real 0.399s)
f7 start (CPU 0) at 0.652s
f5 done (CPU 1, target 0.500s, real 0.253s)
f8 start (CPU 1) at 0.754s
f6 done (CPU 2, target 0.500s, real 0.251s)
f9 start (CPU 2) at 0.755s
f7 done (CPU 0, target 0.500s, real 0.253s)
f8 done (CPU 1, target 0.500s, real 0.249s)
f9 done (CPU 2, target 0.500s, real 0.251s)
c0 done (CPU 3, target 2.500s, real 1.300s)
c1 start (CPU 2) at 1.301s
c1 done (CPU 2, target 2.200s, real 1.023s)
c2 start (CPU 3) at 2.324s
c2 done (CPU 3, target 2.000s, real 0.955s)
c3 start (CPU 2) at 3.279s
c3 done (CPU 2, target 1.800s, real 0.830s)
c4 start (CPU 3) at 4.109s
c4 done (CPU 3, target 1.600s, real 0.740s)
Program total time: 4.850s
all threads done

[stderr]
PROGRAM_TOTAL_NS=4849745324

=== baseline run (rc=0) ===
f0 start (CPU 1) at 0.000s
f2 start (CPU 3) at 0.000s
f1 start (CPU 3) at 0.000s
f3 start (CPU 2) at 0.000s
f4 start (CPU 0) at 0.011s
f5 start (CPU 0) at 0.015s
f6 start (CPU 1) at 0.015s
f9 start (CPU 0) at 0.019s
f7 start (CPU 1) at 0.019s
f8 start (CPU 1) at 0.024s
f10 start (CPU 0) at 0.024s
f11 start (CPU 1) at 0.028s
c0 start (CPU 1) at 0.032s
f3 done (CPU 2, target 0.500s, real 0.246s)
f2 done (CPU 3, target 0.500s, real 0.261s)
f1 done (CPU 3, target 0.500s, real 0.456s)
f7 done (CPU 2, target 0.500s, real 0.444s)
f11 done (CPU 2, target 0.300s, real 0.650s)
f10 done (CPU 2, target 0.500s, real 0.716s)
f9 done (CPU 2, target 0.500s, real 0.764s)
f5 done (CPU 0, target 0.500s, real 0.798s)
f0 done (CPU 3, target 0.500s, real 0.818s)
f8 done (CPU 3, target 0.500s, real 0.815s)
f4 done (CPU 1, target 0.500s, real 0.827s)
f6 done (CPU 0, target 0.500s, real 0.826s)
c0 done (CPU 2, target 2.500s, real 1.638s)
c1 start (CPU 0) at 1.670s
c1 done (CPU 2, target 2.200s, real 1.020s)
c2 start (CPU 0) at 2.690s
c2 done (CPU 2, target 2.000s, real 0.923s)
c3 start (CPU 0) at 3.613s
c3 done (CPU 2, target 1.800s, real 0.832s)
c4 start (CPU 0) at 4.445s
c4 done (CPU 2, target 1.600s, real 0.739s)
Program total time: 5.184s
all threads done

[stderr]
PROGRAM_TOTAL_NS=5184516747

=== prio run (rc=0) ===
f0 start (CPU 1) at 0.000s
f1 start (CPU 2) at 0.000s
f2 start (CPU 3) at 0.000s
f3 start (CPU 2) at 0.000s
f10 start (CPU 3) at 0.000s
f11 start (CPU 2) at 0.000s
c0 start (CPU 2) at 0.000s
f11 done (CPU 0, target 0.300s, real 0.156s)
f4 start (CPU 0) at 0.156s
f10 done (CPU 3, target 0.500s, real 0.249s)
f0 done (CPU 1, target 0.500s, real 0.259s)
f1 done (CPU 0, target 0.500s, real 0.406s)
f2 done (CPU 3, target 0.500s, real 0.500s)
f6 start (CPU 3) at 0.500s
f5 start (CPU 3) at 0.500s
f3 done (CPU 1, target 0.500s, real 0.509s)
f7 start (CPU 1) at 0.509s
f4 done (CPU 0, target 0.500s, real 0.504s)
f5 done (CPU 3, target 0.500s, real 0.252s)
f8 start (CPU 3) at 0.753s
f6 done (CPU 1, target 0.500s, real 0.261s)
f9 start (CPU 1) at 0.762s
f7 done (CPU 0, target 0.500s, real 0.402s)
f8 done (CPU 3, target 0.500s, real 0.248s)
f9 done (CPU 1, target 0.500s, real 0.247s)
c0 done (CPU 2, target 2.500s, real 1.293s)
c1 start (CPU 3) at 1.294s
c1 done (CPU 3, target 2.200s, real 1.013s)
c2 start (CPU 2) at 2.307s
c2 done (CPU 2, target 2.000s, real 0.929s)
c3 start (CPU 3) at 3.236s
c3 done (CPU 3, target 1.800s, real 0.829s)
c4 start (CPU 2) at 4.066s
c4 done (CPU 2, target 1.600s, real 0.748s)
Program total time: 4.814s
all threads done

[stderr]
PROGRAM_TOTAL_NS=4814276465

=== baseline run (rc=0) ===
f0 start (CPU 1) at 0.000s
f1 start (CPU 3) at 0.000s
f3 start (CPU 0) at 0.000s
f5 start (CPU 2) at 0.000s
f8 start (CPU 1) at 0.010s
f6 start (CPU 0) at 0.010s
f9 start (CPU 1) at 0.014s
f4 start (CPU 3) at 0.014s
f7 start (CPU 0) at 0.014s
f11 start (CPU 0) at 0.018s
f2 start (CPU 3) at 0.014s
f10 start (CPU 1) at 0.018s
c0 start (CPU 0) at 0.022s
f5 done (CPU 2, target 0.500s, real 0.357s)
f2 done (CPU 2, target 0.500s, real 0.448s)
f1 done (CPU 3, target 0.500s, real 0.498s)
f4 done (CPU 2, target 0.500s, real 0.490s)
f9 done (CPU 3, target 0.500s, real 0.624s)
f3 done (CPU 2, target 0.500s, real 0.644s)
f11 done (CPU 0, target 0.300s, real 0.633s)
f0 done (CPU 0, target 0.500s, real 0.739s)
f6 done (CPU 2, target 0.500s, real 0.739s)
f10 done (CPU 1, target 0.500s, real 0.791s)
f8 done (CPU 0, target 0.500s, real 0.801s)
f7 done (CPU 2, target 0.500s, real 0.804s)
c0 done (CPU 3, target 2.500s, real 1.673s)
c1 start (CPU 0) at 1.695s
c1 done (CPU 2, target 2.200s, real 1.016s)
c2 start (CPU 0) at 2.711s
c2 done (CPU 2, target 2.000s, real 0.934s)
c3 start (CPU 0) at 3.645s
c3 done (CPU 2, target 1.800s, real 0.831s)
c4 start (CPU 0) at 4.477s
c4 done (CPU 2, target 1.600s, real 0.737s)
Program total time: 5.214s
all threads done

[stderr]
PROGRAM_TOTAL_NS=5214329761

=== prio run (rc=0) ===
f0 start (CPU 0) at 0.000s
f1 start (CPU 2) at 0.000s
f2 start (CPU 1) at 0.000s
f3 start (CPU 2) at 0.000s
f10 start (CPU 1) at 0.000s
f11 start (CPU 2) at 0.000s
c0 start (CPU 2) at 0.000s
f11 done (CPU 3, target 0.300s, real 0.151s)
f0 done (CPU 0, target 0.500s, real 0.251s)
f4 start (CPU 0) at 0.251s
f10 done (CPU 1, target 0.500s, real 0.251s)
f6 start (CPU 1) at 0.251s
f1 done (CPU 3, target 0.500s, real 0.403s)
f2 done (CPU 0, target 0.500s, real 0.502s)
f5 start (CPU 0) at 0.502s
f3 done (CPU 1, target 0.500s, real 0.503s)
f8 start (CPU 1) at 0.503s
f4 done (CPU 3, target 0.500s, real 0.404s)
f7 start (CPU 3) at 0.654s
f5 done (CPU 0, target 0.500s, real 0.249s)
f9 start (CPU 0) at 0.752s
f6 done (CPU 1, target 0.500s, real 0.502s)
f7 done (CPU 3, target 0.500s, real 0.250s)
f8 done (CPU 0, target 0.500s, real 0.499s)
f9 done (CPU 1, target 0.500s, real 0.253s)
c0 done (CPU 2, target 2.500s, real 1.289s)
c1 start (CPU 2) at 1.290s
c1 done (CPU 2, target 2.200s, real 1.072s)
c2 start (CPU 0) at 2.362s
c2 done (CPU 0, target 2.000s, real 0.924s)
c3 start (CPU 1) at 3.286s
c3 done (CPU 1, target 1.800s, real 0.831s)
c4 start (CPU 0) at 4.117s
c4 done (CPU 0, target 1.600s, real 0.732s)
Program total time: 4.849s
all threads done

[stderr]
PROGRAM_TOTAL_NS=4849265859

=== baseline run (rc=0) ===
f0 start (CPU 3) at 0.000s
f1 start (CPU 1) at 0.000s
f3 start (CPU 2) at 0.000s
f5 start (CPU 0) at 0.000s
f7 start (CPU 3) at 0.012s
f6 start (CPU 2) at 0.012s
f8 start (CPU 3) at 0.016s
f2 start (CPU 1) at 0.016s
f9 start (CPU 2) at 0.016s
f4 start (CPU 1) at 0.020s
f11 start (CPU 3) at 0.020s
f10 start (CPU 2) at 0.020s
c0 start (CPU 3) at 0.024s
f5 done (CPU 0, target 0.500s, real 0.368s)
f2 done (CPU 0, target 0.500s, real 0.446s)
f1 done (CPU 0, target 0.500s, real 0.506s)
f4 done (CPU 1, target 0.500s, real 0.492s)
f11 done (CPU 3, target 0.300s, real 0.619s)
f0 done (CPU 1, target 0.500s, real 0.640s)
f9 done (CPU 0, target 0.500s, real 0.639s)
f7 done (CPU 1, target 0.500s, real 0.751s)
f8 done (CPU 1, target 0.500s, real 0.781s)
f10 done (CPU 3, target 0.500s, real 0.787s)
f3 done (CPU 1, target 0.500s, real 0.821s)
f6 done (CPU 2, target 0.500s, real 0.813s)
c0 done (CPU 2, target 2.500s, real 1.679s)
c1 start (CPU 0) at 1.703s
c1 done (CPU 2, target 2.200s, real 1.018s)
c2 start (CPU 0) at 2.721s
c2 done (CPU 2, target 2.000s, real 0.927s)
c3 start (CPU 0) at 3.647s
c3 done (CPU 2, target 1.800s, real 0.835s)
c4 start (CPU 0) at 4.482s
c4 done (CPU 2, target 1.600s, real 0.738s)
Program total time: 5.221s
all threads done

[stderr]
PROGRAM_TOTAL_NS=5220721972

=== prio run (rc=0) ===
f0 start (CPU 1) at 0.000s
f1 start (CPU 2) at 0.000s
f2 start (CPU 3) at 0.000s
f4 start (CPU 1) at 0.000s
f5 start (CPU 3) at 0.000s
f3 start (CPU 3) at 0.000s
f10 start (CPU 1) at 0.000s
f11 start (CPU 3) at 0.000s
c0 start (CPU 1) at 0.000s
f11 done (CPU 3, target 0.300s, real 0.154s)
f10 done (CPU 0, target 0.500s, real 0.247s)
f0 done (CPU 2, target 0.500s, real 0.252s)
f1 done (CPU 3, target 0.500s, real 0.404s)
f2 done (CPU 0, target 0.500s, real 0.497s)
f6 start (CPU 0) at 0.497s
f3 done (CPU 2, target 0.500s, real 0.500s)
f4 done (CPU 3, target 0.500s, real 0.657s)
f7 start (CPU 3) at 0.658s
f5 done (CPU 0, target 0.500s, real 0.747s)
f8 start (CPU 0) at 0.747s
f6 done (CPU 2, target 0.500s, real 0.254s)
f9 start (CPU 2) at 0.751s
f7 done (CPU 3, target 0.500s, real 0.249s)
f9 done (CPU 2, target 0.500s, real 0.246s)
f8 done (CPU 0, target 0.500s, real 0.251s)
c0 done (CPU 1, target 2.500s, real 1.286s)
c1 start (CPU 3) at 1.287s
c1 done (CPU 3, target 2.200s, real 1.023s)
c2 start (CPU 2) at 2.309s
c2 done (CPU 2, target 2.000s, real 0.925s)
c3 start (CPU 3) at 3.235s
c3 done (CPU 3, target 1.800s, real 0.833s)
c4 start (CPU 2) at 4.068s
c4 done (CPU 2, target 1.600s, real 0.736s)
Program total time: 4.804s
all threads done

[stderr]
PROGRAM_TOTAL_NS=4804275495

=== baseline run (rc=0) ===
f0 start (CPU 1) at 0.000s
f1 start (CPU 3) at 0.000s
f2 start (CPU 0) at 0.000s
f7 start (CPU 2) at 0.000s
f3 start (CPU 0) at 0.016s
f5 start (CPU 1) at 0.016s
f4 start (CPU 0) at 0.020s
f6 start (CPU 1) at 0.020s
f11 start (CPU 0) at 0.023s
f8 start (CPU 1) at 0.023s
f9 start (CPU 1) at 0.028s
c0 start (CPU 0) at 0.028s
f10 start (CPU 1) at 0.032s
f7 done (CPU 2, target 0.500s, real 0.253s)
f1 done (CPU 3, target 0.500s, real 0.270s)
f6 done (CPU 2, target 0.500s, real 0.442s)
f3 done (CPU 3, target 0.500s, real 0.458s)
f11 done (CPU 2, target 0.300s, real 0.548s)
f9 done (CPU 3, target 0.500s, real 0.612s)
f2 done (CPU 3, target 0.500s, real 0.727s)
f4 done (CPU 2, target 0.500s, real 0.721s)
f0 done (CPU 3, target 0.500s, real 0.782s)
f5 done (CPU 1, target 0.500s, real 0.773s)
f10 done (CPU 3, target 0.500s, real 0.782s)
f8 done (CPU 0, target 0.500s, real 0.792s)
c0 done (CPU 2, target 2.500s, real 1.714s)
c1 start (CPU 0) at 1.742s
c1 done (CPU 2, target 2.200s, real 1.019s)
c2 start (CPU 0) at 2.761s
c2 done (CPU 2, target 2.000s, real 0.929s)
c3 start (CPU 0) at 3.690s
c3 done (CPU 2, target 1.800s, real 0.833s)
c4 start (CPU 0) at 4.523s
c4 done (CPU 2, target 1.600s, real 0.740s)
Program total time: 5.262s
all threads done

[stderr]
PROGRAM_TOTAL_NS=5262340868

=== prio run (rc=0) ===
f1 start (CPU 2) at 0.000s
f4 start (CPU 3) at 0.000s
f2 start (CPU 3) at 0.000s
f11 start (CPU 3) at 0.000s
f3 start (CPU 1) at 0.000s
f0 start (CPU 1) at 0.000s
c0 start (CPU 3) at 0.000s
f10 start (CPU 2) at 0.000s
f11 done (CPU 0, target 0.300s, real 0.161s)
f0 done (CPU 1, target 0.500s, real 0.249s)
f5 start (CPU 1) at 0.249s
f10 done (CPU 2, target 0.500s, real 0.250s)
f7 start (CPU 2) at 0.000s
f1 done (CPU 0, target 0.500s, real 0.412s)
f2 done (CPU 1, target 0.500s, real 0.502s)
f9 start (CPU 1) at 0.502s
f6 start (CPU 1) at 0.502s
f3 done (CPU 2, target 0.500s, real 0.502s)
f4 done (CPU 0, target 0.500s, real 0.662s)
f6 done (CPU 2, target 0.500s, real 0.250s)
f8 start (CPU 2) at 0.752s
f5 done (CPU 1, target 0.500s, real 0.504s)
f7 done (CPU 0, target 0.500s, real 0.915s)
f8 done (CPU 2, target 0.500s, real 0.302s)
f9 done (CPU 1, target 0.500s, real 0.556s)
c0 done (CPU 3, target 2.500s, real 1.290s)
c1 start (CPU 2) at 1.290s
c1 done (CPU 2, target 2.200s, real 1.031s)
c2 start (CPU 3) at 2.321s
c2 done (CPU 3, target 2.000s, real 0.929s)
c3 start (CPU 2) at 3.251s
c3 done (CPU 2, target 1.800s, real 0.842s)
c4 start (CPU 3) at 4.092s
c4 done (CPU 3, target 1.600s, real 0.742s)
Program total time: 4.834s
all threads done

[stderr]
PROGRAM_TOTAL_NS=4834352345

=== baseline run (rc=0) ===
f0 start (CPU 1) at 0.000s
f2 start (CPU 1) at 0.000s
f3 start (CPU 3) at 0.000s
f4 start (CPU 0) at 0.000s
f5 start (CPU 0) at 0.004s
f7 start (CPU 1) at 0.008s
f1 start (CPU 2) at 0.000s
f8 start (CPU 1) at 0.017s
f6 start (CPU 0) at 0.024s
f11 start (CPU 1) at 0.024s
f9 start (CPU 0) at 0.032s
c0 start (CPU 1) at 0.032s
f10 start (CPU 0) at 0.036s
f3 done (CPU 3, target 0.500s, real 0.250s)
f0 done (CPU 3, target 0.500s, real 0.383s)
f1 done (CPU 3, target 0.500s, real 0.386s)
f11 done (CPU 2, target 0.300s, real 0.440s)
f9 done (CPU 3, target 0.500s, real 0.561s)
f6 done (CPU 3, target 0.500s, real 0.688s)
f8 done (CPU 3, target 0.500s, real 0.734s)
f4 done (CPU 2, target 0.500s, real 0.755s)
f5 done (CPU 3, target 0.500s, real 0.787s)
f7 done (CPU 2, target 0.500s, real 0.793s)
f2 done (CPU 0, target 0.500s, real 0.811s)
f10 done (CPU 3, target 0.500s, real 0.782s)
c0 done (CPU 1, target 2.500s, real 1.727s)
c1 start (CPU 2) at 1.759s
c1 done (CPU 2, target 2.200s, real 1.015s)
c2 start (CPU 0) at 2.774s
c2 done (CPU 2, target 2.000s, real 0.923s)
c3 start (CPU 0) at 3.696s
c3 done (CPU 2, target 1.800s, real 0.834s)
c4 start (CPU 0) at 4.530s
c4 done (CPU 2, target 1.600s, real 0.735s)
Program total time: 5.266s
all threads done

[stderr]
PROGRAM_TOTAL_NS=5265848052

=== prio run (rc=0) ===
f0 start (CPU 1) at 0.000s
f2 start (CPU 3) at 0.000s
f1 start (CPU 2) at 0.000s
f9 start (CPU 1) at 0.000s
f10 start (CPU 3) at 0.000s
f11 start (CPU 1) at 0.000s
c0 start (CPU 2) at 0.000s
f11 done (CPU 1, target 0.300s, real 0.152s)
f0 done (CPU 0, target 0.500s, real 0.247s)
f10 done (CPU 3, target 0.500s, real 0.265s)
f4 start (CPU 3) at 0.266s
f3 start (CPU 3) at 0.266s
f1 done (CPU 1, target 0.500s, real 0.404s)
f5 start (CPU 1) at 0.404s
f2 done (CPU 0, target 0.500s, real 0.503s)
f3 done (CPU 3, target 0.500s, real 0.250s)
f6 start (CPU 3) at 0.516s
f4 done (CPU 1, target 0.500s, real 0.390s)
f7 start (CPU 1) at 0.656s
f5 done (CPU 0, target 0.500s, real 0.350s)
f8 start (CPU 0) at 0.754s
f6 done (CPU 3, target 0.500s, real 0.249s)
f7 done (CPU 1, target 0.500s, real 0.254s)
f8 done (CPU 0, target 0.500s, real 0.250s)
f9 done (CPU 3, target 0.500s, real 1.014s)
c0 done (CPU 2, target 2.500s, real 1.247s)
c1 start (CPU 3) at 1.248s
c1 done (CPU 3, target 2.200s, real 1.044s)
c2 start (CPU 2) at 2.292s
c2 done (CPU 2, target 2.000s, real 0.922s)
c3 start (CPU 3) at 3.214s
c3 done (CPU 3, target 1.800s, real 0.842s)
c4 start (CPU 2) at 4.056s
c4 done (CPU 2, target 1.600s, real 0.751s)
Program total time: 4.807s
all threads done

[stderr]
PROGRAM_TOTAL_NS=4807363227

=== baseline run (rc=0) ===
f0 start (CPU 2) at 0.000s
f1 start (CPU 1) at 0.000s
f2 start (CPU 3) at 0.000s
f4 start (CPU 0) at 0.000s
f3 start (CPU 0) at 0.004s
f9 start (CPU 2) at 0.008s
f8 start (CPU 3) at 0.008s
f5 start (CPU 1) at 0.008s
f7 start (CPU 3) at 0.008s
f6 start (CPU 1) at 0.012s
f10 start (CPU 1) at 0.016s
f11 start (CPU 1) at 0.021s
c0 start (CPU 1) at 0.029s
f8 done (CPU 3, target 0.500s, real 0.560s)
f2 done (CPU 3, target 0.500s, real 0.575s)
f0 done (CPU 2, target 0.500s, real 0.599s)
f9 done (CPU 2, target 0.500s, real 0.605s)
f11 done (CPU 2, target 0.300s, real 0.619s)
f7 done (CPU 3, target 0.500s, real 0.636s)
f10 done (CPU 3, target 0.500s, real 0.709s)
f6 done (CPU 3, target 0.500s, real 0.773s)
f4 done (CPU 0, target 0.500s, real 0.793s)
f3 done (CPU 0, target 0.500s, real 0.801s)
f1 done (CPU 3, target 0.500s, real 0.820s)
f5 done (CPU 1, target 0.500s, real 0.812s)
c0 done (CPU 2, target 2.500s, real 1.651s)
c1 start (CPU 0) at 1.680s
c1 done (CPU 2, target 2.200s, real 1.011s)
c2 start (CPU 0) at 2.692s
c2 done (CPU 2, target 2.000s, real 0.930s)
c3 start (CPU 0) at 3.622s
c3 done (CPU 2, target 1.800s, real 0.832s)
c4 start (CPU 0) at 4.454s
c4 done (CPU 2, target 1.600s, real 0.735s)
Program total time: 5.190s
all threads done

[stderr]
PROGRAM_TOTAL_NS=5189770195

=== prio run (rc=0) ===
f0 start (CPU 1) at 0.000s
f1 start (CPU 2) at 0.000s
f2 start (CPU 3) at 0.000s
f7 start (CPU 1) at 0.000s
f10 start (CPU 3) at 0.000s
f11 start (CPU 2) at 0.000s
c0 start (CPU 3) at 0.000s
f11 done (CPU 2, target 0.300s, real 0.154s)
f10 done (CPU 0, target 0.500s, real 0.247s)
f3 start (CPU 0) at 0.247s
f0 done (CPU 1, target 0.500s, real 0.252s)
f9 start (CPU 1) at 0.252s
f1 done (CPU 2, target 0.500s, real 0.406s)
f5 start (CPU 2) at 0.406s
f4 start (CPU 2) at 0.406s
f2 done (CPU 0, target 0.500s, real 0.499s)
f3 done (CPU 1, target 0.500s, real 0.258s)
f6 start (CPU 1) at 0.506s
f4 done (CPU 2, target 0.500s, real 0.250s)
f5 done (CPU 0, target 0.500s, real 0.343s)
f8 start (CPU 0) at 0.750s
f6 done (CPU 1, target 0.500s, real 0.256s)
f7 done (CPU 2, target 0.500s, real 0.913s)
f8 done (CPU 0, target 0.500s, real 0.267s)
f9 done (CPU 1, target 0.500s, real 0.780s)
c0 done (CPU 3, target 2.500s, real 1.257s)
c1 start (CPU 2) at 1.258s
c1 done (CPU 2, target 2.200s, real 1.061s)
c2 start (CPU 3) at 2.319s
c2 done (CPU 3, target 2.000s, real 0.947s)
c3 start (CPU 2) at 3.266s
c3 done (CPU 2, target 1.800s, real 0.885s)
c4 start (CPU 3) at 4.151s
c4 done (CPU 3, target 1.600s, real 0.756s)
Program total time: 4.907s
all threads done

[stderr]
PROGRAM_TOTAL_NS=4907479966

=== baseline run (rc=0) ===
f0 start (CPU 1) at 0.000s
f1 start (CPU 3) at 0.000s
f2 start (CPU 0) at 0.000s
f5 start (CPU 2) at 0.000s
f3 start (CPU 3) at 0.000s
f6 start (CPU 1) at 0.009s
f7 start (CPU 1) at 0.013s
f8 start (CPU 1) at 0.017s
f9 start (CPU 0) at 0.021s
f10 start (CPU 0) at 0.025s
f11 start (CPU 1) at 0.025s
c0 start (CPU 1) at 0.029s
f4 start (CPU 0) at 0.049s
f5 done (CPU 2, target 0.500s, real 0.250s)
f1 done (CPU 3, target 0.500s, real 0.252s)
f11 done (CPU 2, target 0.300s, real 0.520s)
f4 done (CPU 3, target 0.500s, real 0.628s)
f3 done (CPU 3, target 0.500s, real 0.703s)
f7 done (CPU 2, target 0.500s, real 0.701s)
f10 done (CPU 3, target 0.500s, real 0.704s)
f6 done (CPU 2, target 0.500s, real 0.754s)
f2 done (CPU 0, target 0.500s, real 0.778s)
f8 done (CPU 2, target 0.500s, real 0.784s)
f0 done (CPU 1, target 0.500s, real 0.801s)
f9 done (CPU 0, target 0.500s, real 0.790s)
c0 done (CPU 3, target 2.500s, real 1.680s)
c1 start (CPU 0) at 1.709s
c1 done (CPU 0, target 2.200s, real 1.015s)
c2 start (CPU 3) at 2.724s
c2 done (CPU 3, target 2.000s, real 0.925s)
c3 start (CPU 0) at 3.650s
c3 done (CPU 2, target 1.800s, real 0.844s)
c4 start (CPU 0) at 4.493s
c4 done (CPU 2, target 1.600s, real 0.739s)
Program total time: 5.233s
all threads done

[stderr]
PROGRAM_TOTAL_NS=5232897233

=== prio run (rc=0) ===
f0 start (CPU 1) at 0.000s
f1 start (CPU 2) at 0.000s
f2 start (CPU 3) at 0.000s
f3 start (CPU 2) at 0.000s
f10 start (CPU 2) at 0.000s
f11 start (CPU 3) at 0.000s
c0 start (CPU 2) at 0.000s
f11 done (CPU 3, target 0.300s, real 0.152s)
f0 done (CPU 1, target 0.500s, real 0.248s)
f4 start (CPU 1) at 0.248s
f10 done (CPU 0, target 0.500s, real 0.264s)
f1 done (CPU 3, target 0.500s, real 0.404s)
f5 start (CPU 3) at 0.404s
f2 done (CPU 1, target 0.500s, real 0.505s)
f6 start (CPU 1) at 0.505s
f3 done (CPU 0, target 0.500s, real 0.516s)
f4 done (CPU 3, target 0.500s, real 0.412s)
f7 start (CPU 3) at 0.660s
f5 done (CPU 1, target 0.500s, real 0.363s)
f8 start (CPU 1) at 0.767s
f6 done (CPU 0, target 0.500s, real 0.273s)
f9 start (CPU 0) at 0.778s
f7 done (CPU 3, target 0.500s, real 0.255s)
f8 done (CPU 1, target 0.500s, real 0.249s)
f9 done (CPU 0, target 0.500s, real 0.250s)
c0 done (CPU 2, target 2.500s, real 1.258s)
c1 start (CPU 3) at 1.259s
c1 done (CPU 3, target 2.200s, real 1.034s)
c2 start (CPU 2) at 2.293s
c2 done (CPU 2, target 2.000s, real 0.960s)
c3 start (CPU 3) at 3.253s
c3 done (CPU 3, target 1.800s, real 0.851s)
c4 start (CPU 2) at 4.103s
c4 done (CPU 2, target 1.600s, real 0.746s)
Program total time: 4.849s
all threads done

[stderr]
PROGRAM_TOTAL_NS=4849096878

=== baseline run (rc=0) ===
f0 start (CPU 1) at 0.000s
f1 start (CPU 3) at 0.000s
f3 start (CPU 0) at 0.000s
f2 start (CPU 2) at 0.000s
f4 start (CPU 0) at 0.013s
f5 start (CPU 0) at 0.017s
f6 start (CPU 1) at 0.017s
f7 start (CPU 1) at 0.021s
f10 start (CPU 0) at 0.021s
f8 start (CPU 1) at 0.025s
f11 start (CPU 0) at 0.025s
f9 start (CPU 1) at 0.029s
c0 start (CPU 0) at 0.033s
f1 done (CPU 3, target 0.500s, real 0.251s)
f2 done (CPU 2, target 0.500s, real 0.257s)
f3 done (CPU 3, target 0.500s, real 0.453s)
f7 done (CPU 2, target 0.500s, real 0.441s)
f11 done (CPU 0, target 0.300s, real 0.579s)
f0 done (CPU 3, target 0.500s, real 0.650s)
f8 done (CPU 0, target 0.500s, real 0.708s)
f6 done (CPU 3, target 0.500s, real 0.722s)
f4 done (CPU 2, target 0.500s, real 0.774s)
f9 done (CPU 0, target 0.500s, real 0.760s)
f5 done (CPU 0, target 0.500s, real 0.803s)
f10 done (CPU 1, target 0.500s, real 0.808s)
c0 done (CPU 3, target 2.500s, real 1.656s)
c1 start (CPU 1) at 1.689s
c1 done (CPU 1, target 2.200s, real 1.019s)
c2 start (CPU 2) at 2.708s
c2 done (CPU 2, target 2.000s, real 0.925s)
c3 start (CPU 0) at 3.633s
c3 done (CPU 2, target 1.800s, real 0.839s)
c4 start (CPU 0) at 4.471s
c4 done (CPU 2, target 1.600s, real 0.740s)
Program total time: 5.211s
all threads done

[stderr]
PROGRAM_TOTAL_NS=5211169603

=== prio run (rc=0) ===
f0 start (CPU 1) at 0.000s
f2 start (CPU 3) at 0.000s
f1 start (CPU 2) at 0.000s
f10 start (CPU 1) at 0.000s
f11 start (CPU 1) at 0.000s
c0 start (CPU 2) at 0.000s
f11 done (CPU 1, target 0.300s, real 0.148s)
f0 done (CPU 3, target 0.500s, real 0.248s)
f4 start (CPU 3) at 0.248s
f10 done (CPU 0, target 0.500s, real 0.260s)
f3 start (CPU 0) at 0.260s
f1 done (CPU 1, target 0.500s, real 0.398s)
f8 start (CPU 1) at 0.398s
f2 done (CPU 3, target 0.500s, real 0.499s)
f5 start (CPU 3) at 0.499s
f3 done (CPU 0, target 0.500s, real 0.250s)
f6 start (CPU 0) at 0.511s
f4 done (CPU 1, target 0.500s, real 0.408s)
f7 start (CPU 1) at 0.656s
f5 done (CPU 3, target 0.500s, real 0.263s)
f9 start (CPU 3) at 0.762s
f6 done (CPU 0, target 0.500s, real 0.256s)
f7 done (CPU 1, target 0.500s, real 0.260s)
f8 done (CPU 3, target 0.500s, real 0.618s)
f9 done (CPU 0, target 0.500s, real 0.261s)
c0 done (CPU 2, target 2.500s, real 1.263s)
c1 start (CPU 3) at 1.264s
c1 done (CPU 3, target 2.200s, real 1.028s)
c2 start (CPU 2) at 2.292s
c2 done (CPU 2, target 2.000s, real 0.951s)
c3 start (CPU 3) at 3.244s
c3 done (CPU 3, target 1.800s, real 0.837s)
c4 start (CPU 2) at 4.081s
c4 done (CPU 2, target 1.600s, real 0.740s)
Program total time: 4.822s
all threads done

[stderr]
PROGRAM_TOTAL_NS=4821999483

=== baseline run (rc=0) ===
f0 start (CPU 1) at 0.000s
f1 start (CPU 3) at 0.000s
f2 start (CPU 0) at 0.000s
f7 start (CPU 2) at 0.000s
f3 start (CPU 0) at 0.001s
f4 start (CPU 1) at 0.013s
f5 start (CPU 1) at 0.021s
f10 start (CPU 1) at 0.025s
f11 start (CPU 1) at 0.029s
f6 start (CPU 0) at 0.029s
c0 start (CPU 1) at 0.033s
f8 start (CPU 0) at 0.033s
f9 start (CPU 0) at 0.037s
f1 done (CPU 3, target 0.500s, real 0.248s)
f7 done (CPU 2, target 0.500s, real 0.250s)
f4 done (CPU 2, target 0.500s, real 0.449s)
f8 done (CPU 3, target 0.500s, real 0.433s)
f11 done (CPU 0, target 0.300s, real 0.599s)
f6 done (CPU 0, target 0.500s, real 0.625s)
f0 done (CPU 0, target 0.500s, real 0.702s)
f3 done (CPU 2, target 0.500s, real 0.749s)
f10 done (CPU 1, target 0.500s, real 0.767s)
f5 done (CPU 2, target 0.500s, real 0.773s)
f2 done (CPU 3, target 0.500s, real 0.819s)
f9 done (CPU 2, target 0.500s, real 0.782s)
c0 done (CPU 2, target 2.500s, real 1.699s)
c1 start (CPU 0) at 1.732s
c1 done (CPU 2, target 2.200s, real 1.024s)
c2 start (CPU 0) at 2.756s
c2 done (CPU 2, target 2.000s, real 0.925s)
c3 start (CPU 1) at 3.681s
c3 done (CPU 1, target 1.800s, real 0.829s)
c4 start (CPU 3) at 4.509s
c4 done (CPU 3, target 1.600s, real 0.734s)
Program total time: 5.244s
all threads done

[stderr]
PROGRAM_TOTAL_NS=5243754728

=== prio run (rc=0) ===
f0 start (CPU 2) at 0.000s
f1 start (CPU 0) at 0.000s
f2 start (CPU 1) at 0.000s
f11 start (CPU 0) at 0.000s
f10 start (CPU 3) at 0.000s
c0 start (CPU 1) at 0.000s
f11 done (CPU 0, target 0.300s, real 0.147s)
f3 start (CPU 0) at 0.000s
f0 done (CPU 2, target 0.500s, real 0.247s)
f10 done (CPU 3, target 0.500s, real 0.247s)
f1 done (CPU 0, target 0.500s, real 0.398s)
f6 start (CPU 0) at 0.398s
f4 start (CPU 0) at 0.398s
f3 done (CPU 3, target 0.500s, real 0.497s)
f5 start (CPU 3) at 0.497s
f2 done (CPU 2, target 0.500s, real 0.498s)
f8 start (CPU 2) at 0.498s
f7 start (CPU 2) at 0.498s
f4 done (CPU 0, target 0.500s, real 0.253s)
f9 start (CPU 0) at 0.651s
f5 done (CPU 3, target 0.500s, real 0.249s)
f6 done (CPU 2, target 0.500s, real 0.352s)
f7 done (CPU 0, target 0.500s, real 0.403s)
f8 done (CPU 3, target 0.500s, real 0.498s)
f9 done (CPU 2, target 0.500s, real 0.347s)
c0 done (CPU 1, target 2.500s, real 1.259s)
c1 start (CPU 0) at 1.260s
c1 done (CPU 0, target 2.200s, real 1.019s)
c2 start (CPU 1) at 2.279s
c2 done (CPU 1, target 2.000s, real 0.929s)
c3 start (CPU 0) at 3.208s
c3 done (CPU 0, target 1.800s, real 0.835s)
c4 start (CPU 1) at 4.044s
c4 done (CPU 1, target 1.600s, real 0.753s)
Program total time: 4.797s
all threads done

[stderr]
PROGRAM_TOTAL_NS=4796575916

=== baseline run (rc=0) ===
f0 start (CPU 2) at 0.000s
f1 start (CPU 0) at 0.000s
f2 start (CPU 3) at 0.000s
f5 start (CPU 1) at 0.000s
f6 start (CPU 3) at 0.011s
f8 start (CPU 2) at 0.011s
f7 start (CPU 3) at 0.015s
f3 start (CPU 0) at 0.015s
f4 start (CPU 0) at 0.019s
f9 start (CPU 2) at 0.019s
f10 start (CPU 2) at 0.019s
f11 start (CPU 3) at 0.022s
c0 start (CPU 3) at 0.026s
f5 done (CPU 1, target 0.500s, real 0.252s)
f1 done (CPU 1, target 0.500s, real 0.416s)
f4 done (CPU 1, target 0.500s, real 0.485s)
f3 done (CPU 0, target 0.500s, real 0.492s)
f0 done (CPU 1, target 0.500s, real 0.636s)
f11 done (CPU 2, target 0.300s, real 0.616s)
f2 done (CPU 0, target 0.500s, real 0.647s)
f6 done (CPU 0, target 0.500s, real 0.745s)
f7 done (CPU 0, target 0.500s, real 0.801s)
f8 done (CPU 0, target 0.500s, real 0.809s)
f9 done (CPU 3, target 0.500s, real 0.824s)
f10 done (CPU 2, target 0.500s, real 0.845s)
c0 done (CPU 2, target 2.500s, real 1.750s)
c1 start (CPU 0) at 1.777s
c1 done (CPU 2, target 2.200s, real 1.022s)
c2 start (CPU 0) at 2.798s
c2 done (CPU 2, target 2.000s, real 0.932s)
c3 start (CPU 0) at 3.730s
c3 done (CPU 2, target 1.800s, real 0.834s)
c4 start (CPU 0) at 4.564s
c4 done (CPU 2, target 1.600s, real 0.750s)
Program total time: 5.314s
all threads done

[stderr]
PROGRAM_TOTAL_NS=5313917387

=== prio run (rc=0) ===
f0 start (CPU 3) at 0.000s
f2 start (CPU 1) at 0.000s
f4 start (CPU 3) at 0.000s
f3 start (CPU 3) at 0.000s
f1 start (CPU 0) at 0.000s
f10 start (CPU 3) at 0.000s
f11 start (CPU 3) at 0.000s
c0 start (CPU 1) at 0.000s
f11 done (CPU 3, target 0.300s, real 0.148s)
f10 done (CPU 2, target 0.500s, real 0.246s)
f5 start (CPU 2) at 0.247s
f0 done (CPU 0, target 0.500s, real 0.258s)
f8 start (CPU 0) at 0.258s
f1 done (CPU 3, target 0.500s, real 0.400s)
f2 done (CPU 2, target 0.500s, real 0.504s)
f3 done (CPU 0, target 0.500s, real 0.515s)
f6 start (CPU 0) at 0.515s
f4 done (CPU 3, target 0.500s, real 0.649s)
f7 start (CPU 3) at 0.650s
f5 done (CPU 2, target 0.500s, real 0.512s)
f6 done (CPU 0, target 0.500s, real 0.250s)
f9 start (CPU 0) at 0.765s
f7 done (CPU 3, target 0.500s, real 0.253s)
f8 done (CPU 2, target 0.500s, real 0.749s)
f9 done (CPU 0, target 0.500s, real 0.250s)
c0 done (CPU 1, target 2.500s, real 1.243s)
c1 start (CPU 0) at 1.243s
c1 done (CPU 0, target 2.200s, real 1.026s)
c2 start (CPU 1) at 2.270s
c2 done (CPU 1, target 2.000s, real 0.958s)
c3 start (CPU 0) at 3.228s
c3 done (CPU 0, target 1.800s, real 0.838s)
c4 start (CPU 1) at 4.066s
c4 done (CPU 1, target 1.600s, real 0.743s)
Program total time: 4.809s
all threads done

[stderr]
PROGRAM_TOTAL_NS=4809445544

=== baseline run (rc=0) ===
f0 start (CPU 3) at 0.000s
f1 start (CPU 0) at 0.000s
f3 start (CPU 2) at 0.000s
f5 start (CPU 1) at 0.000s
f6 start (CPU 2) at 0.009s
f8 start (CPU 3) at 0.009s
f2 start (CPU 0) at 0.000s
f7 start (CPU 2) at 0.013s
f9 start (CPU 3) at 0.013s
f11 start (CPU 2) at 0.017s
f10 start (CPU 3) at 0.017s
c0 start (CPU 2) at 0.025s
f4 start (CPU 0) at 0.041s
f5 done (CPU 1, target 0.500s, real 0.362s)
f1 done (CPU 1, target 0.500s, real 0.449s)
f2 done (CPU 1, target 0.500s, real 0.503s)
f4 done (CPU 1, target 0.500s, real 0.477s)
f10 done (CPU 0, target 0.500s, real 0.626s)
f11 done (CPU 2, target 0.300s, real 0.637s)
f0 done (CPU 2, target 0.500s, real 0.927s)
f8 done (CPU 2, target 0.500s, real 0.932s)
f9 done (CPU 2, target 0.500s, real 0.935s)
f3 done (CPU 3, target 0.500s, real 0.957s)
f6 done (CPU 2, target 0.500s, real 0.949s)
f7 done (CPU 3, target 0.500s, real 0.953s)
c0 done (CPU 2, target 2.500s, real 1.678s)
c1 start (CPU 0) at 1.703s
c1 done (CPU 2, target 2.200s, real 1.030s)
c2 start (CPU 0) at 2.733s
c2 done (CPU 2, target 2.000s, real 0.921s)
c3 start (CPU 0) at 3.654s
c3 done (CPU 2, target 1.800s, real 0.830s)
c4 start (CPU 1) at 4.484s
c4 done (CPU 1, target 1.600s, real 0.739s)
Program total time: 5.224s
all threads done

[stderr]
PROGRAM_TOTAL_NS=5223603089

=== prio run (rc=0) ===
f0 start (CPU 3) at 0.000s
f2 start (CPU 1) at 0.000s
f5 start (CPU 3) at 0.000s
f1 start (CPU 0) at 0.000s
f3 start (CPU 3) at 0.000s
c0 start (CPU 3) at 0.000s
f11 start (CPU 2) at 0.000s
f10 start (CPU 1) at 0.000s
f11 done (CPU 2, target 0.300s, real 0.147s)
f0 done (CPU 0, target 0.500s, real 0.248s)
f4 start (CPU 0) at 0.248s
f10 done (CPU 1, target 0.500s, real 0.265s)
f6 start (CPU 1) at 0.265s
f1 done (CPU 2, target 0.500s, real 0.397s)
f2 done (CPU 0, target 0.500s, real 0.501s)
f3 done (CPU 1, target 0.500s, real 0.532s)
f4 done (CPU 2, target 0.500s, real 0.405s)
f7 start (CPU 2) at 0.653s
f5 done (CPU 0, target 0.500s, real 0.751s)
f8 start (CPU 0) at 0.751s
f6 done (CPU 1, target 0.500s, real 0.524s)
f9 start (CPU 1) at 0.789s
f7 done (CPU 2, target 0.500s, real 0.257s)
f8 done (CPU 0, target 0.500s, real 0.260s)
f9 done (CPU 1, target 0.500s, real 0.253s)
c0 done (CPU 3, target 2.500s, real 1.258s)
c1 start (CPU 3) at 1.259s
c1 done (CPU 3, target 2.200s, real 1.073s)
c2 start (CPU 3) at 2.332s
c2 done (CPU 3, target 2.000s, real 0.971s)
c3 start (CPU 3) at 3.304s
c3 done (CPU 3, target 1.800s, real 0.877s)
c4 start (CPU 3) at 4.181s
c4 done (CPU 3, target 1.600s, real 0.787s)
Program total time: 4.968s
all threads done

[stderr]
PROGRAM_TOTAL_NS=4968241671

=== baseline run (rc=0) ===
f0 start (CPU 3) at 0.000s
f1 start (CPU 1) at 0.000s
f2 start (CPU 2) at 0.000s
c0 start (CPU 0) at 0.000s
f11 start (CPU 0) at 0.003s
f10 start (CPU 0) at 0.007s
f6 start (CPU 1) at 0.007s
f5 start (CPU 1) at 0.007s
f7 start (CPU 2) at 0.011s
f8 start (CPU 1) at 0.015s
f9 start (CPU 1) at 0.019s
f4 start (CPU 0) at 0.015s
f3 start (CPU 0) at 0.039s
f0 done (CPU 3, target 0.500s, real 0.262s)
f2 done (CPU 2, target 0.500s, real 0.365s)
f7 done (CPU 3, target 0.500s, real 0.390s)
f11 done (CPU 0, target 0.300s, real 0.573s)
f5 done (CPU 3, target 0.500s, real 0.671s)
f9 done (CPU 3, target 0.500s, real 0.705s)
f6 done (CPU 3, target 0.500s, real 0.735s)
f3 done (CPU 3, target 0.500s, real 0.750s)
f1 done (CPU 3, target 0.500s, real 0.806s)
f8 done (CPU 1, target 0.500s, real 0.796s)
f4 done (CPU 0, target 0.500s, real 0.808s)
f10 done (CPU 0, target 0.500s, real 0.832s)
c0 done (CPU 2, target 2.500s, real 1.672s)
c1 start (CPU 0) at 1.672s
c1 done (CPU 2, target 2.200s, real 1.027s)
c2 start (CPU 0) at 2.699s
c2 done (CPU 2, target 2.000s, real 0.931s)
c3 start (CPU 0) at 3.631s
c3 done (CPU 2, target 1.800s, real 0.829s)
c4 start (CPU 0) at 4.460s
c4 done (CPU 2, target 1.600s, real 0.736s)
Program total time: 5.196s
all threads done

[stderr]
PROGRAM_TOTAL_NS=5196149549

=== prio run (rc=0) ===
f0 start (CPU 3) at 0.000s
f1 start (CPU 0) at 0.000s
f2 start (CPU 1) at 0.000s
f7 start (CPU 3) at 0.000s
f5 start (CPU 1) at 0.000s
f10 start (CPU 0) at 0.000s
f11 start (CPU 3) at 0.000s
c0 start (CPU 3) at 0.000s
f11 done (CPU 2, target 0.300s, real 0.157s)
f3 start (CPU 2) at 0.157s
f10 done (CPU 0, target 0.500s, real 0.251s)
f4 start (CPU 0) at 0.251s
f0 done (CPU 1, target 0.500s, real 0.261s)
f1 done (CPU 2, target 0.500s, real 0.407s)
f6 start (CPU 2) at 0.407s
f2 done (CPU 0, target 0.500s, real 0.508s)
f3 done (CPU 1, target 0.500s, real 0.356s)
f8 start (CPU 1) at 0.514s
f4 done (CPU 2, target 0.500s, real 0.406s)
f5 done (CPU 0, target 0.500s, real 0.763s)
f6 done (CPU 1, target 0.500s, real 0.360s)
f9 start (CPU 1) at 0.767s
f7 done (CPU 2, target 0.500s, real 0.908s)
f8 done (CPU 0, target 0.500s, real 0.499s)
f9 done (CPU 1, target 0.500s, real 0.250s)
c0 done (CPU 3, target 2.500s, real 1.310s)
c1 start (CPU 0) at 1.310s
c1 done (CPU 0, target 2.200s, real 1.052s)
c2 start (CPU 1) at 2.362s
c2 done (CPU 1, target 2.000s, real 0.921s)
c3 start (CPU 0) at 3.283s
c3 done (CPU 0, target 1.800s, real 0.827s)
c4 start (CPU 1) at 4.111s
c4 done (CPU 1, target 1.600s, real 0.748s)
Program total time: 4.859s
all threads done

[stderr]
PROGRAM_TOTAL_NS=4858633169

=== baseline run (rc=0) ===
f0 start (CPU 3) at 0.000s
f1 start (CPU 1) at 0.000s
f2 start (CPU 2) at 0.000s
f7 start (CPU 0) at 0.000s
f3 start (CPU 2) at 0.002s
f8 start (CPU 3) at 0.010s
f9 start (CPU 3) at 0.014s
f10 start (CPU 3) at 0.021s
f11 start (CPU 2) at 0.025s
f5 start (CPU 3) at 0.029s
c0 start (CPU 2) at 0.029s
f6 start (CPU 3) at 0.037s
f4 start (CPU 2) at 0.049s
f7 done (CPU 0, target 0.500s, real 0.249s)
f1 done (CPU 1, target 0.500s, real 0.257s)
f11 done (CPU 2, target 0.300s, real 0.431s)
f4 done (CPU 1, target 0.500s, real 0.439s)
f2 done (CPU 0, target 0.500s, real 0.545s)
f3 done (CPU 1, target 0.500s, real 0.581s)
f6 done (CPU 3, target 0.500s, real 0.673s)
f9 done (CPU 3, target 0.500s, real 0.820s)
f0 done (CPU 3, target 0.500s, real 0.870s)
f10 done (CPU 0, target 0.500s, real 0.855s)
f5 done (CPU 1, target 0.500s, real 0.865s)
f8 done (CPU 3, target 0.500s, real 0.891s)
c0 done (CPU 2, target 2.500s, real 1.486s)
c1 start (CPU 0) at 1.515s
c1 done (CPU 2, target 2.200s, real 1.021s)
c2 start (CPU 0) at 2.537s
c2 done (CPU 2, target 2.000s, real 0.919s)
c3 start (CPU 0) at 3.456s
c3 done (CPU 2, target 1.800s, real 0.833s)
c4 start (CPU 0) at 4.289s
c4 done (CPU 2, target 1.600s, real 0.743s)
Program total time: 5.033s
all threads done

[stderr]
PROGRAM_TOTAL_NS=5032716142

=== prio run (rc=0) ===
f0 start (CPU 2) at 0.000s
f1 start (CPU 0) at 0.000s
f2 start (CPU 1) at 0.000s
f8 start (CPU 2) at 0.000s
f10 start (CPU 2) at 0.000s
c0 start (CPU 2) at 0.000s
f11 start (CPU 1) at 0.000s
f11 done (CPU 1, target 0.300s, real 0.146s)
f0 done (CPU 0, target 0.500s, real 0.244s)
f3 start (CPU 0) at 0.244s
f10 done (CPU 3, target 0.500s, real 0.248s)
f1 done (CPU 1, target 0.500s, real 0.394s)
f6 start (CPU 1) at 0.394s
f4 start (CPU 1) at 0.394s
f2 done (CPU 0, target 0.500s, real 0.514s)
f5 start (CPU 0) at 0.514s
f3 done (CPU 3, target 0.500s, real 0.273s)
f7 start (CPU 3) at 0.516s
f4 done (CPU 1, target 0.500s, real 0.256s)
f9 start (CPU 1) at 0.650s
f5 done (CPU 0, target 0.500s, real 0.255s)
f6 done (CPU 3, target 0.500s, real 0.377s)
f7 done (CPU 1, target 0.500s, real 0.399s)
f8 done (CPU 0, target 0.500s, real 1.028s)
f9 done (CPU 3, target 0.500s, real 0.379s)
c0 done (CPU 2, target 2.500s, real 1.259s)
c1 start (CPU 2) at 1.259s
c1 done (CPU 2, target 2.200s, real 1.073s)
c2 start (CPU 0) at 2.333s
c2 done (CPU 0, target 2.000s, real 0.932s)
c3 start (CPU 1) at 3.265s
c3 done (CPU 1, target 1.800s, real 0.825s)
c4 start (CPU 0) at 4.090s
c4 done (CPU 0, target 1.600s, real 0.754s)
Program total time: 4.845s
all threads done

[stderr]
PROGRAM_TOTAL_NS=4844750565

=== baseline run (rc=0) ===
f0 start (CPU 0) at 0.000s
f1 start (CPU 2) at 0.000s
f3 start (CPU 1) at 0.000s
c0 start (CPU 3) at 0.000s
f11 start (CPU 3) at 0.002s
f9 start (CPU 0) at 0.010s
f6 start (CPU 2) at 0.010s
f10 start (CPU 3) at 0.013s
f7 start (CPU 1) at 0.010s
f8 start (CPU 1) at 0.010s
f5 start (CPU 3) at 0.018s
f2 start (CPU 2) at 0.021s
f4 start (CPU 3) at 0.037s
f9 done (CPU 0, target 0.500s, real 0.288s)
f7 done (CPU 0, target 0.500s, real 0.591s)
f3 done (CPU 0, target 0.500s, real 0.636s)
f0 done (CPU 0, target 0.500s, real 0.650s)
f8 done (CPU 1, target 0.500s, real 0.649s)
f6 done (CPU 0, target 0.500s, real 0.693s)
f11 done (CPU 3, target 0.300s, real 0.726s)
f1 done (CPU 2, target 0.500s, real 0.728s)
f2 done (CPU 0, target 0.500s, real 0.708s)
f10 done (CPU 1, target 0.500s, real 0.770s)
f4 done (CPU 2, target 0.500s, real 0.806s)
f5 done (CPU 0, target 0.500s, real 0.841s)
c0 done (CPU 3, target 2.500s, real 1.782s)
c1 start (CPU 0) at 1.782s
c1 done (CPU 2, target 2.200s, real 1.010s)
c2 start (CPU 0) at 2.792s
c2 done (CPU 2, target 2.000s, real 0.923s)
c3 start (CPU 0) at 3.716s
c3 done (CPU 2, target 1.800s, real 0.831s)
c4 start (CPU 0) at 4.547s
c4 done (CPU 2, target 1.600s, real 0.736s)
Program total time: 5.283s
all threads done

[stderr]
PROGRAM_TOTAL_NS=5283470311

=== prio run (rc=0) ===
f0 start (CPU 0) at 0.000s
f1 start (CPU 2) at 0.000s
f2 start (CPU 3) at 0.001s
f11 start (CPU 3) at 0.001s
f10 start (CPU 2) at 0.001s
c0 start (CPU 3) at 0.001s
f11 done (CPU 1, target 0.300s, real 0.147s)
f0 done (CPU 0, target 0.500s, real 0.246s)
f3 start (CPU 2) at 0.001s
f10 done (CPU 2, target 0.500s, real 0.253s)
f4 start (CPU 2) at 0.001s
f1 done (CPU 1, target 0.500s, real 0.399s)
f2 done (CPU 0, target 0.500s, real 0.496s)
f5 start (CPU 2) at 0.001s
f3 done (CPU 2, target 0.500s, real 0.504s)
f7 start (CPU 2) at 0.505s
f6 start (CPU 2) at 0.505s
f4 done (CPU 1, target 0.500s, real 0.647s)
f5 done (CPU 0, target 0.500s, real 0.752s)
f8 start (CPU 0) at 0.753s
f6 done (CPU 2, target 0.500s, real 0.254s)
f9 start (CPU 2) at 0.759s
f7 done (CPU 1, target 0.500s, real 0.399s)
f8 done (CPU 0, target 0.500s, real 0.252s)
f9 done (CPU 2, target 0.500s, real 0.256s)
c0 done (CPU 3, target 2.500s, real 1.296s)
c1 start (CPU 2) at 1.297s
c1 done (CPU 2, target 2.200s, real 1.028s)
c2 start (CPU 3) at 2.325s
c2 done (CPU 3, target 2.000s, real 0.916s)
c3 start (CPU 2) at 3.241s
c3 done (CPU 2, target 1.800s, real 0.825s)
c4 start (CPU 3) at 4.067s
c4 done (CPU 3, target 1.600s, real 0.736s)
Program total time: 4.803s
all threads done

[stderr]
PROGRAM_TOTAL_NS=4802898524

=== baseline run (rc=0) ===
f0 start (CPU 0) at 0.000s
f1 start (CPU 2) at 0.000s
f2 start (CPU 1) at 0.000s
f5 start (CPU 3) at 0.000s
f6 start (CPU 1) at 0.013s
f9 start (CPU 0) at 0.013s
f8 start (CPU 0) at 0.013s
f4 start (CPU 2) at 0.017s
f7 start (CPU 1) at 0.017s
f3 start (CPU 2) at 0.017s
f10 start (CPU 0) at 0.021s
f11 start (CPU 1) at 0.021s
c0 start (CPU 1) at 0.025s
f5 done (CPU 3, target 0.500s, real 0.250s)
f1 done (CPU 3, target 0.500s, real 0.417s)
f4 done (CPU 2, target 0.500s, real 0.513s)
f3 done (CPU 3, target 0.500s, real 0.517s)
f11 done (CPU 3, target 0.300s, real 0.538s)
f6 done (CPU 3, target 0.500s, real 0.680s)
f9 done (CPU 3, target 0.500s, real 0.716s)
f2 done (CPU 2, target 0.500s, real 0.772s)
f10 done (CPU 3, target 0.500s, real 0.799s)
f0 done (CPU 1, target 0.500s, real 0.828s)
f7 done (CPU 0, target 0.500s, real 0.815s)
f8 done (CPU 3, target 0.500s, real 0.854s)
c0 done (CPU 2, target 2.500s, real 1.720s)
c1 start (CPU 0) at 1.745s
c1 done (CPU 2, target 2.200s, real 1.018s)
c2 start (CPU 0) at 2.763s
c2 done (CPU 2, target 2.000s, real 0.919s)
c3 start (CPU 0) at 3.682s
c3 done (CPU 2, target 1.800s, real 0.833s)
c4 start (CPU 0) at 4.516s
c4 done (CPU 2, target 1.600s, real 0.737s)
Program total time: 5.253s
all threads done

[stderr]
PROGRAM_TOTAL_NS=5253062241

=== prio run (rc=0) ===
f0 start (CPU 1) at 0.000s
f1 start (CPU 2) at 0.000s
f2 start (CPU 3) at 0.000s
f10 start (CPU 3) at 0.001s
f11 start (CPU 2) at 0.001s
c0 start (CPU 2) at 0.001s
f11 done (CPU 0, target 0.300s, real 0.149s)
f0 done (CPU 1, target 0.500s, real 0.248s)
f3 start (CPU 1) at 0.248s
f10 done (CPU 3, target 0.500s, real 0.249s)
f5 start (CPU 3) at 0.250s
f1 done (CPU 0, target 0.500s, real 0.400s)
f4 start (CPU 0) at 0.400s
f3 done (CPU 3, target 0.500s, real 0.252s)
f2 done (CPU 1, target 0.500s, real 0.504s)
f6 start (CPU 1) at 0.505s
f4 done (CPU 0, target 0.500s, real 0.258s)
f7 start (CPU 0) at 0.658s
f5 done (CPU 3, target 0.500s, real 0.501s)
f8 start (CPU 3) at 0.751s
f6 done (CPU 1, target 0.500s, real 0.251s)
f9 start (CPU 1) at 0.756s
f7 done (CPU 0, target 0.500s, real 0.253s)
f8 done (CPU 3, target 0.500s, real 0.250s)
f9 done (CPU 1, target 0.500s, real 0.249s)
c0 done (CPU 2, target 2.500s, real 1.290s)
c1 start (CPU 3) at 1.291s
c1 done (CPU 3, target 2.200s, real 1.016s)
c2 start (CPU 2) at 2.307s
c2 done (CPU 2, target 2.000s, real 0.920s)
c3 start (CPU 3) at 3.227s
c3 done (CPU 3, target 1.800s, real 0.833s)
c4 start (CPU 2) at 4.060s
c4 done (CPU 2, target 1.600s, real 0.763s)
Program total time: 4.824s
all threads done

[stderr]
PROGRAM_TOTAL_NS=4824152581

=== baseline run (rc=0) ===
f0 start (CPU 1) at 0.000s
f1 start (CPU 3) at 0.000s
f2 start (CPU 0) at 0.000s
f7 start (CPU 2) at 0.000s
f4 start (CPU 1) at 0.013s
f3 start (CPU 0) at 0.017s
f5 start (CPU 1) at 0.017s
f10 start (CPU 1) at 0.021s
f6 start (CPU 0) at 0.021s
f11 start (CPU 1) at 0.025s
f8 start (CPU 0) at 0.025s
c0 start (CPU 1) at 0.029s
f9 start (CPU 0) at 0.029s
f1 done (CPU 3, target 0.500s, real 0.251s)
f7 done (CPU 2, target 0.500s, real 0.255s)
f3 done (CPU 3, target 0.500s, real 0.442s)
f10 done (CPU 2, target 0.500s, real 0.446s)
f11 done (CPU 1, target 0.300s, real 0.527s)
f9 done (CPU 1, target 0.500s, real 0.649s)
f6 done (CPU 0, target 0.500s, real 0.709s)
f2 done (CPU 1, target 0.500s, real 0.730s)
f8 done (CPU 0, target 0.500s, real 0.743s)
f0 done (CPU 1, target 0.500s, real 0.778s)
f4 done (CPU 3, target 0.500s, real 0.793s)
f5 done (CPU 0, target 0.500s, real 0.810s)
c0 done (CPU 2, target 2.500s, real 1.726s)
c1 start (CPU 0) at 1.755s
c1 done (CPU 2, target 2.200s, real 1.019s)
c2 start (CPU 0) at 2.774s
c2 done (CPU 2, target 2.000s, real 0.922s)
c3 start (CPU 0) at 3.696s
c3 done (CPU 2, target 1.800s, real 0.835s)
c4 start (CPU 0) at 4.531s
c4 done (CPU 2, target 1.600s, real 0.743s)
Program total time: 5.274s
all threads done

[stderr]
PROGRAM_TOTAL_NS=5274032269

=== prio run (rc=0) ===
f0 start (CPU 1) at 0.000s
f1 start (CPU 2) at 0.000s
f2 start (CPU 3) at 0.000s
f10 start (CPU 3) at 0.000s
f11 start (CPU 2) at 0.000s
c0 start (CPU 2) at 0.000s
f11 done (CPU 0, target 0.300s, real 0.150s)
f0 done (CPU 1, target 0.500s, real 0.251s)
f3 start (CPU 2) at 0.000s
f10 done (CPU 3, target 0.500s, real 0.262s)
f5 start (CPU 3) at 0.262s
f1 done (CPU 0, target 0.500s, real 0.400s)
f4 start (CPU 2) at 0.000s
f2 done (CPU 1, target 0.500s, real 0.503s)
f6 start (CPU 1) at 0.503s
f3 done (CPU 3, target 0.500s, real 0.513s)
f7 start (CPU 3) at 0.513s
f4 done (CPU 0, target 0.500s, real 0.650s)
f8 start (CPU 0) at 0.650s
f5 done (CPU 1, target 0.500s, real 0.489s)
f6 done (CPU 3, target 0.500s, real 0.259s)
f9 start (CPU 3) at 0.762s
f7 done (CPU 0, target 0.500s, real 0.387s)
f8 done (CPU 1, target 0.500s, real 0.353s)
f9 done (CPU 3, target 0.500s, real 0.251s)
c0 done (CPU 2, target 2.500s, real 1.283s)
c1 start (CPU 3) at 1.283s
c1 done (CPU 3, target 2.200s, real 1.017s)
c2 start (CPU 2) at 2.300s
c2 done (CPU 2, target 2.000s, real 0.932s)
c3 start (CPU 3) at 3.232s
c3 done (CPU 3, target 1.800s, real 0.832s)
c4 start (CPU 2) at 4.064s
c4 done (CPU 2, target 1.600s, real 0.734s)
Program total time: 4.798s
all threads done

[stderr]
PROGRAM_TOTAL_NS=4798198127

=== baseline run (rc=0) ===
f0 start (CPU 1) at 0.000s
f1 start (CPU 3) at 0.000s
f2 start (CPU 0) at 0.000s
f7 start (CPU 2) at 0.000s
f3 start (CPU 0) at 0.002s
f4 start (CPU 1) at 0.014s
f5 start (CPU 1) at 0.018s
f10 start (CPU 1) at 0.022s
f11 start (CPU 1) at 0.026s
c0 start (CPU 1) at 0.030s
f8 start (CPU 0) at 0.030s
f9 start (CPU 0) at 0.034s
f6 start (CPU 0) at 0.030s
f7 done (CPU 2, target 0.500s, real 0.250s)
f1 done (CPU 3, target 0.500s, real 0.253s)
f0 done (CPU 2, target 0.500s, real 0.450s)
f6 done (CPU 3, target 0.500s, real 0.435s)
f3 done (CPU 3, target 0.500s, real 0.606s)
f11 done (CPU 1, target 0.300s, real 0.615s)
f4 done (CPU 3, target 0.500s, real 0.730s)
f5 done (CPU 3, target 0.500s, real 0.744s)
f2 done (CPU 3, target 0.500s, real 0.778s)
f8 done (CPU 0, target 0.500s, real 0.755s)
f10 done (CPU 2, target 0.500s, real 0.786s)
f9 done (CPU 0, target 0.500s, real 0.775s)
c0 done (CPU 1, target 2.500s, real 1.720s)
c1 start (CPU 3) at 1.750s
c1 done (CPU 3, target 2.200s, real 1.016s)
c2 start (CPU 0) at 2.765s
c2 done (CPU 2, target 2.000s, real 0.920s)
c3 start (CPU 0) at 3.685s
c3 done (CPU 2, target 1.800s, real 0.845s)
c4 start (CPU 0) at 4.530s
c4 done (CPU 2, target 1.600s, real 0.735s)
Program total time: 5.266s
all threads done

[stderr]
PROGRAM_TOTAL_NS=5265545759

=== prio run (rc=0) ===
f0 start (CPU 1) at 0.000s
f1 start (CPU 2) at 0.000s
f3 start (CPU 2) at 0.000s
f2 start (CPU 3) at 0.000s
f11 start (CPU 3) at 0.000s
f10 start (CPU 2) at 0.000s
c0 start (CPU 3) at 0.000s
f11 done (CPU 0, target 0.300s, real 0.149s)
f0 done (CPU 1, target 0.500s, real 0.256s)
f10 done (CPU 2, target 0.500s, real 0.256s)
f1 done (CPU 0, target 0.500s, real 0.398s)
f4 start (CPU 0) at 0.398s
f2 done (CPU 1, target 0.500s, real 0.505s)
f5 start (CPU 1) at 0.506s
f3 done (CPU 2, target 0.500s, real 0.506s)
f6 start (CPU 2) at 0.507s
f4 done (CPU 0, target 0.500s, real 0.251s)
f7 start (CPU 0) at 0.650s
f6 done (CPU 2, target 0.500s, real 0.248s)
f8 start (CPU 2) at 0.755s
f5 done (CPU 1, target 0.500s, real 0.251s)
f9 start (CPU 1) at 0.756s
f7 done (CPU 0, target 0.500s, real 0.252s)
f9 done (CPU 1, target 0.500s, real 0.304s)
f8 done (CPU 2, target 0.500s, real 0.313s)
c0 done (CPU 3, target 2.500s, real 1.278s)
c1 start (CPU 2) at 1.278s
c1 done (CPU 2, target 2.200s, real 1.019s)
c2 start (CPU 3) at 2.297s
c2 done (CPU 3, target 2.000s, real 0.925s)
c3 start (CPU 2) at 3.223s
c3 done (CPU 2, target 1.800s, real 0.844s)
c4 start (CPU 3) at 4.067s
c4 done (CPU 3, target 1.600s, real 0.736s)
Program total time: 4.804s
all threads done

[stderr]
PROGRAM_TOTAL_NS=4803557561

=== baseline run (rc=0) ===
f0 start (CPU 1) at 0.000s
f1 start (CPU 2) at 0.000s
f5 start (CPU 3) at 0.000s
f6 start (CPU 0) at 0.000s
f7 start (CPU 0) at 0.001s
f11 start (CPU 0) at 0.005s
c0 start (CPU 0) at 0.009s
f9 start (CPU 1) at 0.009s
f2 start (CPU 2) at 0.000s
f8 start (CPU 1) at 0.009s
f10 start (CPU 1) at 0.017s
f4 start (CPU 0) at 0.021s
f3 start (CPU 2) at 0.041s
f5 done (CPU 3, target 0.500s, real 0.391s)
f3 done (CPU 3, target 0.500s, real 0.442s)
f1 done (CPU 3, target 0.500s, real 0.510s)
f2 done (CPU 2, target 0.500s, real 0.543s)
f11 done (CPU 1, target 0.300s, real 0.630s)
f0 done (CPU 3, target 0.500s, real 0.652s)
f9 done (CPU 2, target 0.500s, real 0.667s)
f6 done (CPU 3, target 0.500s, real 0.751s)
f7 done (CPU 2, target 0.500s, real 0.755s)
f10 done (CPU 1, target 0.500s, real 0.792s)
f8 done (CPU 0, target 0.500s, real 0.809s)
f4 done (CPU 2, target 0.500s, real 0.799s)
c0 done (CPU 3, target 2.500s, real 1.735s)
c1 start (CPU 0) at 1.744s
c1 done (CPU 2, target 2.200s, real 1.017s)
c2 start (CPU 0) at 2.761s
c2 done (CPU 2, target 2.000s, real 0.928s)
c3 start (CPU 0) at 3.689s
c3 done (CPU 2, target 1.800s, real 0.838s)
c4 start (CPU 0) at 4.527s
c4 done (CPU 2, target 1.600s, real 0.740s)
Program total time: 5.268s
all threads done

[stderr]
PROGRAM_TOTAL_NS=5267620410

=== prio run (rc=0) ===
f0 start (CPU 1) at 0.000s
f1 start (CPU 2) at 0.000s
f2 start (CPU 3) at 0.000s
f7 start (CPU 1) at 0.000s
f4 start (CPU 3) at 0.000s
f10 start (CPU 1) at 0.000s
f11 start (CPU 3) at 0.000s
c0 start (CPU 1) at 0.000s
f11 done (CPU 3, target 0.300s, real 0.149s)
f0 done (CPU 2, target 0.500s, real 0.249s)
f3 start (CPU 2) at 0.249s
f10 done (CPU 0, target 0.500s, real 0.251s)
f1 done (CPU 3, target 0.500s, real 0.400s)
f2 done (CPU 2, target 0.500s, real 0.501s)
f5 start (CPU 2) at 0.501s
f3 done (CPU 0, target 0.500s, real 0.254s)
f6 start (CPU 0) at 0.503s
f4 done (CPU 3, target 0.500s, real 0.650s)
f8 start (CPU 3) at 0.651s
f5 done (CPU 2, target 0.500s, real 0.250s)
f9 start (CPU 2) at 0.751s
f6 done (CPU 0, target 0.500s, real 0.252s)
f7 done (CPU 3, target 0.500s, real 0.908s)
f8 done (CPU 2, target 0.500s, real 0.350s)
f9 done (CPU 0, target 0.500s, real 0.252s)
c0 done (CPU 1, target 2.500s, real 1.239s)
c1 start (CPU 2) at 1.239s
c1 done (CPU 2, target 2.200s, real 1.039s)
c2 start (CPU 3) at 2.278s
c2 done (CPU 3, target 2.000s, real 0.957s)
c3 start (CPU 2) at 3.236s
c3 done (CPU 2, target 1.800s, real 0.848s)
c4 start (CPU 3) at 4.084s
c4 done (CPU 3, target 1.600s, real 0.746s)
Program total time: 4.830s
all threads done

[stderr]
PROGRAM_TOTAL_NS=4830224995

=== baseline run (rc=0) ===
f0 start (CPU 1) at 0.000s
f1 start (CPU 3) at 0.000s
f6 start (CPU 0) at 0.000s
f4 start (CPU 2) at 0.000s
f7 start (CPU 0) at 0.001s
f3 start (CPU 2) at 0.005s
f11 start (CPU 0) at 0.005s
f8 start (CPU 1) at 0.009s
f5 start (CPU 3) at 0.009s
c0 start (CPU 0) at 0.021s
f10 start (CPU 1) at 0.021s
f2 start (CPU 0) at 0.025s
f9 start (CPU 1) at 0.021s
f1 done (CPU 3, target 0.500s, real 0.253s)
f11 done (CPU 3, target 0.300s, real 0.319s)
f4 done (CPU 3, target 0.500s, real 0.453s)
f3 done (CPU 2, target 0.500s, real 0.452s)
f5 done (CPU 3, target 0.500s, real 0.611s)
f7 done (CPU 0, target 0.500s, real 0.755s)
f2 done (CPU 1, target 0.500s, real 0.756s)
f6 done (CPU 0, target 0.500s, real 0.787s)
f0 done (CPU 1, target 0.500s, real 0.825s)
f9 done (CPU 2, target 0.500s, real 0.805s)
f10 done (CPU 0, target 0.500s, real 0.808s)
f8 done (CPU 3, target 0.500s, real 0.822s)
c0 done (CPU 2, target 2.500s, real 1.630s)
c1 start (CPU 0) at 1.651s
c1 done (CPU 2, target 2.200s, real 1.014s)
c2 start (CPU 0) at 2.665s
c2 done (CPU 2, target 2.000s, real 0.920s)
c3 start (CPU 0) at 3.585s
c3 done (CPU 2, target 1.800s, real 0.830s)
c4 start (CPU 0) at 4.415s
c4 done (CPU 2, target 1.600s, real 0.739s)
Program total time: 5.154s
all threads done

[stderr]
PROGRAM_TOTAL_NS=5154359927

=== prio run (rc=0) ===
f0 start (CPU 1) at 0.000s
f1 start (CPU 2) at 0.000s
f2 start (CPU 3) at 0.000s
f3 start (CPU 2) at 0.000s
f10 start (CPU 3) at 0.000s
f11 start (CPU 2) at 0.000s
c0 start (CPU 2) at 0.000s
f11 done (CPU 0, target 0.300s, real 0.152s)
f10 done (CPU 3, target 0.500s, real 0.250s)
f0 done (CPU 1, target 0.500s, real 0.252s)
f1 done (CPU 0, target 0.500s, real 0.403s)
f4 start (CPU 0) at 0.403s
f2 done (CPU 3, target 0.500s, real 0.500s)
f5 start (CPU 3) at 0.501s
f3 done (CPU 1, target 0.500s, real 0.502s)
f6 start (CPU 1) at 0.502s
f4 done (CPU 0, target 0.500s, real 0.250s)
f8 start (CPU 0) at 0.654s
f7 start (CPU 0) at 0.654s
f5 done (CPU 3, target 0.500s, real 0.250s)
f9 start (CPU 3) at 0.751s
f6 done (CPU 1, target 0.500s, real 0.251s)
f7 done (CPU 0, target 0.500s, real 0.248s)
f8 done (CPU 3, target 0.500s, real 0.357s)
f9 done (CPU 1, target 0.500s, real 0.263s)
c0 done (CPU 2, target 2.500s, real 1.246s)
c1 start (CPU 3) at 1.246s
c1 done (CPU 3, target 2.200s, real 1.034s)
c2 start (CPU 2) at 2.281s
c2 done (CPU 2, target 2.000s, real 0.922s)
c3 start (CPU 3) at 3.202s
c3 done (CPU 3, target 1.800s, real 0.834s)
c4 start (CPU 2) at 4.037s
c4 done (CPU 2, target 1.600s, real 0.741s)
Program total time: 4.778s
all threads done

[stderr]
PROGRAM_TOTAL_NS=4777938731

=== baseline run (rc=0) ===
f0 start (CPU 1) at 0.000s
f1 start (CPU 3) at 0.000s
f2 start (CPU 0) at 0.000s
f7 start (CPU 2) at 0.000s
f3 start (CPU 0) at 0.014s
f5 start (CPU 1) at 0.014s
f6 start (CPU 1) at 0.015s
f8 start (CPU 1) at 0.018s
f4 start (CPU 0) at 0.018s
f11 start (CPU 0) at 0.022s
f9 start (CPU 1) at 0.022s
c0 start (CPU 0) at 0.026s
f10 start (CPU 0) at 0.034s
f7 done (CPU 2, target 0.500s, real 0.256s)
f1 done (CPU 3, target 0.500s, real 0.257s)
f3 done (CPU 2, target 0.500s, real 0.452s)
f6 done (CPU 2, target 0.500s, real 0.618s)
f11 done (CPU 1, target 0.300s, real 0.669s)
f10 done (CPU 2, target 0.500s, real 0.718s)
f5 done (CPU 3, target 0.500s, real 0.767s)
f0 done (CPU 3, target 0.500s, real 0.831s)
f2 done (CPU 1, target 0.500s, real 0.851s)
f8 done (CPU 3, target 0.500s, real 0.852s)
f9 done (CPU 1, target 0.500s, real 0.856s)
f4 done (CPU 0, target 0.500s, real 0.865s)
c0 done (CPU 2, target 2.500s, real 1.514s)
c1 start (CPU 1) at 1.540s
c1 done (CPU 1, target 2.200s, real 1.014s)
c2 start (CPU 3) at 2.553s
c2 done (CPU 3, target 2.000s, real 0.917s)
c3 start (CPU 0) at 3.471s
c3 done (CPU 2, target 1.800s, real 0.834s)
c4 start (CPU 0) at 4.305s
c4 done (CPU 2, target 1.600s, real 0.739s)
Program total time: 5.044s
all threads done

[stderr]
PROGRAM_TOTAL_NS=5044375553

=== prio run (rc=0) ===
f0 start (CPU 1) at 0.000s
f2 start (CPU 3) at 0.000s
f3 start (CPU 2) at 0.000s
f1 start (CPU 2) at 0.000s
f10 start (CPU 3) at 0.000s
f11 start (CPU 2) at 0.000s
c0 start (CPU 3) at 0.000s
f11 done (CPU 2, target 0.300s, real 0.149s)
f0 done (CPU 1, target 0.500s, real 0.249s)
f10 done (CPU 0, target 0.500s, real 0.249s)
f1 done (CPU 2, target 0.500s, real 0.401s)
f5 start (CPU 2) at 0.402s
f4 start (CPU 2) at 0.402s
f3 done (CPU 0, target 0.500s, real 0.499s)
f2 done (CPU 1, target 0.500s, real 0.500s)
f7 start (CPU 1) at 0.500s
f6 start (CPU 1) at 0.500s
f4 done (CPU 2, target 0.500s, real 0.250s)
f9 start (CPU 2) at 0.652s
f6 done (CPU 1, target 0.500s, real 0.250s)
f8 start (CPU 1) at 0.750s
f5 done (CPU 0, target 0.500s, real 0.351s)
f7 done (CPU 2, target 0.500s, real 0.407s)
f8 done (CPU 1, target 0.500s, real 0.249s)
f9 done (CPU 0, target 0.500s, real 0.350s)
c0 done (CPU 3, target 2.500s, real 1.285s)
c1 start (CPU 2) at 1.285s
c1 done (CPU 2, target 2.200s, real 1.011s)
c2 start (CPU 3) at 2.296s
c2 done (CPU 3, target 2.000s, real 0.924s)
c3 start (CPU 2) at 3.220s
c3 done (CPU 2, target 1.800s, real 0.838s)
c4 start (CPU 3) at 4.059s
c4 done (CPU 3, target 1.600s, real 0.762s)
Program total time: 4.821s
all threads done

[stderr]
PROGRAM_TOTAL_NS=4821189087

=== baseline run (rc=0) ===
f0 start (CPU 1) at 0.000s
f1 start (CPU 2) at 0.000s
f3 start (CPU 0) at 0.000s
f5 start (CPU 3) at 0.000s
f6 start (CPU 0) at 0.010s
f2 start (CPU 2) at 0.014s
f8 start (CPU 1) at 0.014s
f7 start (CPU 0) at 0.014s
f11 start (CPU 0) at 0.018s
f9 start (CPU 1) at 0.018s
f4 start (CPU 2) at 0.018s
f10 start (CPU 1) at 0.026s
c0 start (CPU 0) at 0.026s
f5 done (CPU 3, target 0.500s, real 0.312s)
f1 done (CPU 3, target 0.500s, real 0.441s)
f2 done (CPU 3, target 0.500s, real 0.490s)
f4 done (CPU 2, target 0.500s, real 0.498s)
f11 done (CPU 2, target 0.300s, real 0.611s)
f6 done (CPU 3, target 0.500s, real 0.637s)
f7 done (CPU 3, target 0.500s, real 0.722s)
f10 done (CPU 3, target 0.500s, real 0.764s)
f0 done (CPU 1, target 0.500s, real 0.791s)
f3 done (CPU 3, target 0.500s, real 0.797s)
f9 done (CPU 0, target 0.500s, real 0.786s)
f8 done (CPU 1, target 0.500s, real 0.797s)
c0 done (CPU 2, target 2.500s, real 1.687s)
c1 start (CPU 0) at 1.713s
c1 done (CPU 2, target 2.200s, real 1.021s)
c2 start (CPU 0) at 2.734s
c2 done (CPU 2, target 2.000s, real 0.924s)
c3 start (CPU 0) at 3.658s
c3 done (CPU 2, target 1.800s, real 0.832s)
c4 start (CPU 0) at 4.490s
c4 done (CPU 2, target 1.600s, real 0.740s)
Program total time: 5.230s
all threads done

[stderr]
PROGRAM_TOTAL_NS=5230520366

=== prio run (rc=0) ===
f0 start (CPU 1) at 0.000s
f1 start (CPU 2) at 0.000s
f2 start (CPU 3) at 0.000s
f6 start (CPU 1) at 0.000s
f4 start (CPU 3) at 0.000s
f10 start (CPU 1) at 0.000s
f11 start (CPU 3) at 0.000s
c0 start (CPU 1) at 0.000s
f11 done (CPU 3, target 0.300s, real 0.166s)
f0 done (CPU 2, target 0.500s, real 0.247s)
f3 start (CPU 2) at 0.247s
f10 done (CPU 0, target 0.500s, real 0.248s)
f1 done (CPU 3, target 0.500s, real 0.416s)
f2 done (CPU 2, target 0.500s, real 0.496s)
f5 start (CPU 2) at 0.497s
f3 done (CPU 0, target 0.500s, real 0.253s)
f4 done (CPU 3, target 0.500s, real 0.666s)
f7 start (CPU 3) at 0.667s
f5 done (CPU 2, target 0.500s, real 0.250s)
f8 start (CPU 2) at 0.747s
f6 done (CPU 0, target 0.500s, real 0.750s)
f9 start (CPU 0) at 0.751s
f7 done (CPU 3, target 0.500s, real 0.256s)
f8 done (CPU 2, target 0.500s, real 0.249s)
f9 done (CPU 0, target 0.500s, real 0.250s)
c0 done (CPU 1, target 2.500s, real 1.291s)
c1 start (CPU 2) at 1.292s
c1 done (CPU 2, target 2.200s, real 1.016s)
c2 start (CPU 3) at 2.308s
c2 done (CPU 2, target 2.000s, real 0.923s)
c3 start (CPU 3) at 3.231s
c3 done (CPU 3, target 1.800s, real 0.850s)
c4 start (CPU 2) at 4.081s
c4 done (CPU 2, target 1.600s, real 0.736s)
Program total time: 4.817s
all threads done

[stderr]
PROGRAM_TOTAL_NS=4816830333

=== baseline run (rc=0) ===
f0 start (CPU 1) at 0.000s
f1 start (CPU 3) at 0.000s
f2 start (CPU 0) at 0.000s
f7 start (CPU 2) at 0.000s
f3 start (CPU 0) at 0.004s
f5 start (CPU 1) at 0.016s
f6 start (CPU 1) at 0.020s
f8 start (CPU 1) at 0.024s
f9 start (CPU 1) at 0.028s
f4 start (CPU 0) at 0.032s
f10 start (CPU 1) at 0.032s
f11 start (CPU 0) at 0.040s
c0 start (CPU 0) at 0.044s
f1 done (CPU 3, target 0.500s, real 0.251s)
f7 done (CPU 2, target 0.500s, real 0.250s)
f4 done (CPU 3, target 0.500s, real 0.429s)
f11 done (CPU 1, target 0.300s, real 0.536s)
f6 done (CPU 3, target 0.500s, real 0.635s)
f10 done (CPU 3, target 0.500s, real 0.710s)
f0 done (CPU 1, target 0.500s, real 0.764s)
f5 done (CPU 3, target 0.500s, real 0.764s)
f3 done (CPU 1, target 0.500s, real 0.782s)
f9 done (CPU 2, target 0.500s, real 0.761s)
f8 done (CPU 3, target 0.500s, real 0.779s)
f2 done (CPU 0, target 0.500s, real 0.812s)
c0 done (CPU 2, target 2.500s, real 1.707s)
c1 start (CPU 0) at 1.751s
c1 done (CPU 2, target 2.200s, real 1.018s)
c2 start (CPU 1) at 2.770s
c2 done (CPU 1, target 2.000s, real 0.928s)
c3 start (CPU 2) at 3.698s
c3 done (CPU 2, target 1.800s, real 0.833s)
c4 start (CPU 0) at 4.531s
c4 done (CPU 2, target 1.600s, real 0.744s)
Program total time: 5.275s
all threads done

[stderr]
PROGRAM_TOTAL_NS=5275497281

=== prio run (rc=0) ===
f0 start (CPU 1) at 0.000s
f1 start (CPU 2) at 0.000s
f2 start (CPU 3) at 0.000s
f6 start (CPU 1) at 0.000s
f3 start (CPU 1) at 0.000s
f5 start (CPU 2) at 0.000s
f10 start (CPU 1) at 0.000s
f11 start (CPU 2) at 0.000s
c0 start (CPU 1) at 0.000s
f11 done (CPU 2, target 0.300s, real 0.148s)
f10 done (CPU 0, target 0.500s, real 0.248s)
f0 done (CPU 3, target 0.500s, real 0.256s)
f4 start (CPU 3) at 0.256s
f1 done (CPU 2, target 0.500s, real 0.398s)
f2 done (CPU 0, target 0.500s, real 0.498s)
f3 done (CPU 3, target 0.500s, real 0.506s)
f7 start (CPU 3) at 0.507s
f4 done (CPU 2, target 0.500s, real 0.395s)
f9 start (CPU 2) at 0.652s
f8 start (CPU 2) at 0.652s
f5 done (CPU 0, target 0.500s, real 0.750s)
f6 done (CPU 3, target 0.500s, real 0.757s)
f7 done (CPU 2, target 0.500s, real 0.401s)
f8 done (CPU 0, target 0.500s, real 0.370s)
f9 done (CPU 3, target 0.500s, real 0.375s)
c0 done (CPU 1, target 2.500s, real 1.267s)
c1 start (CPU 1) at 1.268s
c1 done (CPU 1, target 2.200s, real 1.071s)
c2 start (CPU 0) at 2.339s
c2 done (CPU 2, target 2.000s, real 0.927s)
c3 start (CPU 3) at 3.266s
c3 done (CPU 3, target 1.800s, real 0.831s)
c4 start (CPU 2) at 4.098s
c4 done (CPU 2, target 1.600s, real 0.740s)
Program total time: 4.838s
all threads done

[stderr]
PROGRAM_TOTAL_NS=4837649447

=== baseline run (rc=0) ===
f0 start (CPU 1) at 0.000s
f1 start (CPU 0) at 0.000s
f2 start (CPU 3) at 0.000s
f5 start (CPU 2) at 0.000s
f6 start (CPU 0) at 0.012s
f7 start (CPU 0) at 0.016s
f3 start (CPU 3) at 0.016s
f8 start (CPU 1) at 0.016s
f4 start (CPU 3) at 0.020s
f11 start (CPU 0) at 0.020s
f9 start (CPU 1) at 0.020s
c0 start (CPU 0) at 0.024s
f10 start (CPU 1) at 0.028s
f5 done (CPU 2, target 0.500s, real 0.254s)
f3 done (CPU 2, target 0.500s, real 0.411s)
f2 done (CPU 2, target 0.500s, real 0.506s)
f4 done (CPU 3, target 0.500s, real 0.491s)
f11 done (CPU 2, target 0.300s, real 0.524s)
f9 done (CPU 3, target 0.500s, real 0.636s)
f8 done (CPU 2, target 0.500s, real 0.681s)
f1 done (CPU 3, target 0.500s, real 0.738s)
f7 done (CPU 3, target 0.500s, real 0.774s)
f6 done (CPU 0, target 0.500s, real 0.795s)
f10 done (CPU 1, target 0.500s, real 0.785s)
f0 done (CPU 3, target 0.500s, real 0.820s)
c0 done (CPU 2, target 2.500s, real 1.741s)
c1 start (CPU 0) at 1.766s
c1 done (CPU 2, target 2.200s, real 1.025s)
c2 start (CPU 0) at 2.791s
c2 done (CPU 2, target 2.000s, real 0.927s)
c3 start (CPU 0) at 3.718s
c3 done (CPU 2, target 1.800s, real 0.829s)
c4 start (CPU 0) at 4.547s
c4 done (CPU 2, target 1.600s, real 0.738s)
Program total time: 5.286s
all threads done

[stderr]
PROGRAM_TOTAL_NS=5285906045

=== prio run (rc=0) ===
f0 start (CPU 1) at 0.000s
f1 start (CPU 2) at 0.000s
f2 start (CPU 3) at 0.000s
f4 start (CPU 1) at 0.000s
f10 start (CPU 3) at 0.000s
f11 start (CPU 1) at 0.000s
c0 start (CPU 1) at 0.000s
f11 done (CPU 0, target 0.300s, real 0.149s)
f0 done (CPU 2, target 0.500s, real 0.248s)
f3 start (CPU 2) at 0.248s
f10 done (CPU 3, target 0.500s, real 0.250s)
f5 start (CPU 3) at 0.250s
f1 done (CPU 0, target 0.500s, real 0.401s)
f6 start (CPU 0) at 0.401s
f2 done (CPU 2, target 0.500s, real 0.499s)
f3 done (CPU 3, target 0.500s, real 0.255s)
f8 start (CPU 3) at 0.503s
f7 start (CPU 3) at 0.503s
f4 done (CPU 0, target 0.500s, real 0.652s)
f9 start (CPU 0) at 0.652s
f5 done (CPU 2, target 0.500s, real 0.506s)
f6 done (CPU 3, target 0.500s, real 0.363s)
f7 done (CPU 0, target 0.500s, real 0.400s)
f8 done (CPU 2, target 0.500s, real 0.503s)
f9 done (CPU 3, target 0.500s, real 0.364s)
c0 done (CPU 1, target 2.500s, real 1.248s)
c1 start (CPU 1) at 1.248s
c1 done (CPU 1, target 2.200s, real 1.068s)
c2 start (CPU 1) at 2.316s
c2 done (CPU 1, target 2.000s, real 0.973s)
c3 start (CPU 2) at 3.289s
c3 done (CPU 2, target 1.800s, real 0.839s)
c4 start (CPU 3) at 4.128s
c4 done (CPU 3, target 1.600s, real 0.741s)
Program total time: 4.869s
all threads done

[stderr]
PROGRAM_TOTAL_NS=4869240267

=== baseline run (rc=0) ===
f0 start (CPU 1) at 0.000s
f1 start (CPU 2) at 0.000s
f2 start (CPU 0) at 0.000s
f5 start (CPU 3) at 0.000s
f6 start (CPU 0) at 0.011s
f8 start (CPU 1) at 0.011s
f7 start (CPU 0) at 0.015s
f3 start (CPU 2) at 0.015s
f9 start (CPU 1) at 0.015s
f4 start (CPU 2) at 0.019s
c0 start (CPU 0) at 0.019s
f10 start (CPU 1) at 0.019s
f11 start (CPU 0) at 0.019s
f5 done (CPU 3, target 0.500s, real 0.386s)
f11 done (CPU 2, target 0.300s, real 0.396s)
f1 done (CPU 2, target 0.500s, real 0.510s)
f6 done (CPU 2, target 0.500s, real 0.628s)
f4 done (CPU 3, target 0.500s, real 0.620s)
f3 done (CPU 3, target 0.500s, real 0.643s)
f8 done (CPU 3, target 0.500s, real 0.728s)
f2 done (CPU 2, target 0.500s, real 0.741s)
f10 done (CPU 3, target 0.500s, real 0.764s)
f7 done (CPU 3, target 0.500s, real 0.787s)
f0 done (CPU 0, target 0.500s, real 0.812s)
f9 done (CPU 2, target 0.500s, real 0.817s)
c0 done (CPU 1, target 2.500s, real 1.690s)
c1 start (CPU 2) at 1.709s
c1 done (CPU 2, target 2.200s, real 1.020s)
c2 start (CPU 0) at 2.729s
c2 done (CPU 2, target 2.000s, real 0.930s)
c3 start (CPU 0) at 3.659s
c3 done (CPU 2, target 1.800s, real 0.835s)
c4 start (CPU 1) at 4.494s
c4 done (CPU 1, target 1.600s, real 0.752s)
Program total time: 5.246s
all threads done

[stderr]
PROGRAM_TOTAL_NS=5246400292

=== prio run (rc=0) ===
f0 start (CPU 1) at 0.000s
f4 start (CPU 3) at 0.000s
f5 start (CPU 1) at 0.000s
f1 start (CPU 2) at 0.000s
f10 start (CPU 1) at 0.000s
c0 start (CPU 1) at 0.000s
f11 start (CPU 2) at 0.000s
f11 done (CPU 2, target 0.300s, real 0.150s)
f10 done (CPU 0, target 0.500s, real 0.249s)
f3 start (CPU 0) at 0.250s
f2 start (CPU 3) at 0.000s
f0 done (CPU 3, target 0.500s, real 0.255s)
f1 done (CPU 2, target 0.500s, real 0.399s)
f6 start (CPU 2) at 0.399s
f2 done (CPU 0, target 0.500s, real 0.499s)
f7 start (CPU 0) at 0.499s
f3 done (CPU 3, target 0.500s, real 0.256s)
f4 done (CPU 2, target 0.500s, real 0.648s)
f8 start (CPU 2) at 0.649s
f5 done (CPU 0, target 0.500s, real 0.749s)
f6 done (CPU 3, target 0.500s, real 0.360s)
f9 start (CPU 3) at 0.759s
f7 done (CPU 2, target 0.500s, real 0.401s)
f8 done (CPU 0, target 0.500s, real 0.350s)
f9 done (CPU 3, target 0.500s, real 0.250s)
c0 done (CPU 1, target 2.500s, real 1.233s)
c1 start (CPU 0) at 1.233s
c1 done (CPU 2, target 2.200s, real 1.014s)
c2 start (CPU 3) at 2.247s
c2 done (CPU 3, target 2.000s, real 0.938s)
c3 start (CPU 2) at 3.185s
c3 done (CPU 2, target 1.800s, real 0.851s)
c4 start (CPU 3) at 4.036s
c4 done (CPU 3, target 1.600s, real 0.751s)
Program total time: 4.788s
all threads done

[stderr]
PROGRAM_TOTAL_NS=4788179359

=== baseline run (rc=0) ===
f0 start (CPU 1) at 0.000s
f1 start (CPU 3) at 0.000s
f2 start (CPU 0) at 0.000s
f7 start (CPU 2) at 0.000s
f11 start (CPU 0) at 0.010s
f10 start (CPU 1) at 0.010s
f8 start (CPU 1) at 0.010s
c0 start (CPU 0) at 0.014s
f9 start (CPU 1) at 0.010s
f3 start (CPU 0) at 0.026s
f5 start (CPU 1) at 0.026s
f4 start (CPU 0) at 0.030s
f6 start (CPU 1) at 0.030s
f1 done (CPU 3, target 0.500s, real 0.262s)
f7 done (CPU 2, target 0.500s, real 0.262s)
f8 done (CPU 3, target 0.500s, real 0.455s)
f11 done (CPU 0, target 0.300s, real 0.563s)
f4 done (CPU 0, target 0.500s, real 0.649s)
f10 done (CPU 3, target 0.500s, real 0.689s)
f2 done (CPU 3, target 0.500s, real 0.747s)
f3 done (CPU 3, target 0.500s, real 0.755s)
f5 done (CPU 0, target 0.500s, real 0.772s)
f6 done (CPU 3, target 0.500s, real 0.830s)
f0 done (CPU 0, target 0.500s, real 0.871s)
f9 done (CPU 1, target 0.500s, real 0.864s)
c0 done (CPU 2, target 2.500s, real 1.544s)
c1 start (CPU 0) at 1.558s
c1 done (CPU 2, target 2.200s, real 1.008s)
c2 start (CPU 0) at 2.566s
c2 done (CPU 2, target 2.000s, real 0.925s)
c3 start (CPU 0) at 3.492s
c3 done (CPU 2, target 1.800s, real 0.835s)
c4 start (CPU 0) at 4.327s
c4 done (CPU 2, target 1.600s, real 0.735s)
Program total time: 5.062s
all threads done

[stderr]
PROGRAM_TOTAL_NS=5062337729

=== prio run (rc=0) ===
f0 start (CPU 1) at 0.000s
f3 start (CPU 2) at 0.000s
f1 start (CPU 2) at 0.000s
f2 start (CPU 3) at 0.000s
f10 start (CPU 2) at 0.000s
f11 start (CPU 3) at 0.000s
c0 start (CPU 3) at 0.002s
f11 done (CPU 0, target 0.300s, real 0.149s)
f0 done (CPU 1, target 0.500s, real 0.246s)
f10 done (CPU 2, target 0.500s, real 0.255s)
f1 done (CPU 0, target 0.500s, real 0.400s)
f5 start (CPU 0) at 0.400s
f4 start (CPU 0) at 0.400s
f2 done (CPU 1, target 0.500s, real 0.497s)
f3 done (CPU 2, target 0.500s, real 0.506s)
f7 start (CPU 2) at 0.506s
f6 start (CPU 2) at 0.506s
f4 done (CPU 0, target 0.500s, real 0.250s)
f5 done (CPU 1, target 0.500s, real 0.345s)
f8 start (CPU 1) at 0.745s
f6 done (CPU 2, target 0.500s, real 0.250s)
f9 start (CPU 2) at 0.756s
f7 done (CPU 0, target 0.500s, real 0.394s)
f8 done (CPU 1, target 0.500s, real 0.249s)
f9 done (CPU 2, target 0.500s, real 0.250s)
c0 done (CPU 3, target 2.500s, real 1.242s)
c1 start (CPU 2) at 1.244s
c1 done (CPU 2, target 2.200s, real 1.033s)
c2 start (CPU 3) at 2.277s
c2 done (CPU 3, target 2.000s, real 0.933s)
c3 start (CPU 2) at 3.210s
c3 done (CPU 2, target 1.800s, real 0.846s)
c4 start (CPU 3) at 4.056s
c4 done (CPU 3, target 1.600s, real 0.755s)
Program total time: 4.811s
all threads done

[stderr]
PROGRAM_TOTAL_NS=4811046914

=== baseline run (rc=0) ===
f0 start (CPU 1) at 0.000s
f1 start (CPU 2) at 0.000s
f4 start (CPU 0) at 0.000s
f5 start (CPU 3) at 0.001s
f2 start (CPU 2) at 0.000s
f6 start (CPU 0) at 0.013s
f8 start (CPU 1) at 0.017s
f7 start (CPU 0) at 0.017s
f11 start (CPU 0) at 0.021s
f9 start (CPU 1) at 0.021s
c0 start (CPU 0) at 0.025s
f10 start (CPU 1) at 0.029s
f3 start (CPU 2) at 0.000s
f5 done (CPU 3, target 0.500s, real 0.372s)
f3 done (CPU 3, target 0.500s, real 0.471s)
f2 done (CPU 3, target 0.500s, real 0.507s)
f1 done (CPU 2, target 0.500s, real 0.514s)
f11 done (CPU 0, target 0.300s, real 0.584s)
f4 done (CPU 0, target 0.500s, real 0.720s)
f7 done (CPU 3, target 0.500s, real 0.707s)
f6 done (CPU 1, target 0.500s, real 0.752s)
f10 done (CPU 3, target 0.500s, real 0.775s)
f9 done (CPU 0, target 0.500s, real 0.805s)
f0 done (CPU 2, target 0.500s, real 0.827s)
f8 done (CPU 3, target 0.500s, real 0.824s)
c0 done (CPU 1, target 2.500s, real 1.640s)
c1 start (CPU 2) at 1.665s
c1 done (CPU 2, target 2.200s, real 1.010s)
c2 start (CPU 0) at 2.675s
c2 done (CPU 2, target 2.000s, real 0.927s)
c3 start (CPU 0) at 3.602s
c3 done (CPU 2, target 1.800s, real 0.829s)
c4 start (CPU 0) at 4.432s
c4 done (CPU 2, target 1.600s, real 0.751s)
Program total time: 5.184s
all threads done

[stderr]
PROGRAM_TOTAL_NS=5183581288

=== prio run (rc=0) ===
f0 start (CPU 1) at 0.000s
c0 start (CPU 1) at 0.001s
f10 start (CPU 1) at 0.000s
f11 start (CPU 1) at 0.000s
f11 done (CPU 3, target 0.300s, real 0.148s)
f1 start (CPU 2) at 0.000s
f10 done (CPU 0, target 0.500s, real 0.262s)
f2 start (CPU 3) at 0.000s
f0 done (CPU 2, target 0.500s, real 0.272s)
f3 start (CPU 3) at 0.000s
f1 done (CPU 3, target 0.500s, real 0.408s)
f4 start (CPU 1) at 0.000s
f3 done (CPU 2, target 0.500s, real 0.521s)
f5 start (CPU 2) at 0.000s
f2 done (CPU 0, target 0.500s, real 0.522s)
f6 start (CPU 1) at 0.000s
f4 done (CPU 3, target 0.500s, real 0.658s)
f7 start (CPU 3) at 0.000s
f6 done (CPU 3, target 0.500s, real 0.785s)
f8 start (CPU 3) at 0.000s
f5 done (CPU 2, target 0.500s, real 0.790s)
f9 start (CPU 3) at 0.000s
f7 done (CPU 0, target 0.500s, real 0.914s)
f8 done (CPU 3, target 0.500s, real 1.036s)
f9 done (CPU 2, target 0.500s, real 1.044s)
c0 done (CPU 1, target 2.500s, real 1.278s)
c1 start (CPU 0) at 1.278s
c1 done (CPU 2, target 2.200s, real 1.022s)
c2 start (CPU 3) at 2.301s
c2 done (CPU 3, target 2.000s, real 0.941s)
c3 start (CPU 2) at 3.242s
c3 done (CPU 2, target 1.800s, real 0.856s)
c4 start (CPU 3) at 4.098s
c4 done (CPU 3, target 1.600s, real 0.739s)
Program total time: 4.837s
all threads done

[stderr]
PROGRAM_TOTAL_NS=4837175973

=== baseline run (rc=0) ===
f0 start (CPU 1) at 0.000s
f1 start (CPU 2) at 0.000s
f3 start (CPU 0) at 0.000s
f5 start (CPU 3) at 0.000s
f8 start (CPU 1) at 0.009s
f6 start (CPU 0) at 0.009s
f9 start (CPU 1) at 0.013s
f7 start (CPU 0) at 0.013s
f2 start (CPU 2) at 0.013s
f10 start (CPU 1) at 0.017s
f4 start (CPU 2) at 0.017s
f11 start (CPU 0) at 0.017s
c0 start (CPU 0) at 0.021s
f5 done (CPU 3, target 0.500s, real 0.351s)
f1 done (CPU 3, target 0.500s, real 0.445s)
f4 done (CPU 3, target 0.500s, real 0.487s)
f2 done (CPU 2, target 0.500s, real 0.495s)
f6 done (CPU 2, target 0.500s, real 0.629s)
f9 done (CPU 3, target 0.500s, real 0.643s)
f11 done (CPU 3, target 0.300s, real 0.655s)
f7 done (CPU 2, target 0.500s, real 0.712s)
f3 done (CPU 0, target 0.500s, real 0.737s)
f0 done (CPU 1, target 0.500s, real 0.811s)
f10 done (CPU 2, target 0.500s, real 0.795s)
f8 done (CPU 0, target 0.500s, real 0.813s)
c0 done (CPU 3, target 2.500s, real 1.658s)
c1 start (CPU 0) at 1.679s
c1 done (CPU 2, target 2.200s, real 1.019s)
c2 start (CPU 0) at 2.698s
c2 done (CPU 2, target 2.000s, real 0.929s)
c3 start (CPU 0) at 3.627s
c3 done (CPU 2, target 1.800s, real 0.835s)
c4 start (CPU 0) at 4.462s
c4 done (CPU 2, target 1.600s, real 0.741s)
Program total time: 5.203s
all threads done

[stderr]
PROGRAM_TOTAL_NS=5202876762

=== prio run (rc=0) ===
f0 start (CPU 1) at 0.000s
f1 start (CPU 2) at 0.000s
f2 start (CPU 3) at 0.000s
f4 start (CPU 1) at 0.000s
f10 start (CPU 3) at 0.000s
f11 start (CPU 2) at 0.000s
c0 start (CPU 3) at 0.000s
f11 done (CPU 2, target 0.300s, real 0.146s)
f3 start (CPU 2) at 0.147s
f0 done (CPU 1, target 0.500s, real 0.248s)
f10 done (CPU 0, target 0.500s, real 0.256s)
f1 done (CPU 2, target 0.500s, real 0.397s)
f7 start (CPU 2) at 0.397s
f2 done (CPU 1, target 0.500s, real 0.499s)
f6 start (CPU 1) at 0.499s
f5 start (CPU 1) at 0.499s
f3 done (CPU 0, target 0.500s, real 0.359s)
f4 done (CPU 2, target 0.500s, real 0.647s)
f5 done (CPU 1, target 0.500s, real 0.249s)
f9 start (CPU 1) at 0.749s
f8 start (CPU 1) at 0.749s
f6 done (CPU 0, target 0.500s, real 0.255s)
f7 done (CPU 2, target 0.500s, real 0.498s)
f8 done (CPU 1, target 0.500s, real 0.252s)
f9 done (CPU 0, target 0.500s, real 0.257s)
c0 done (CPU 3, target 2.500s, real 1.247s)
c1 start (CPU 2) at 1.247s
c1 done (CPU 2, target 2.200s, real 1.043s)
c2 start (CPU 3) at 2.290s
c2 done (CPU 3, target 2.000s, real 0.933s)
c3 start (CPU 2) at 3.223s
c3 done (CPU 2, target 1.800s, real 0.849s)
c4 start (CPU 3) at 4.072s
c4 done (CPU 3, target 1.600s, real 0.747s)
Program total time: 4.820s
all threads done

[stderr]
PROGRAM_TOTAL_NS=4819632586

=== baseline run (rc=0) ===
f0 start (CPU 0) at 0.000s
f2 start (CPU 2) at 0.000s
f1 start (CPU 1) at 0.000s
f8 start (CPU 2) at 0.001s
f3 start (CPU 3) at 0.000s
f7 start (CPU 2) at 0.008s
f10 start (CPU 0) at 0.008s
f9 start (CPU 0) at 0.008s
c0 start (CPU 0) at 0.012s
f11 start (CPU 0) at 0.012s
f4 start (CPU 1) at 0.032s
f5 start (CPU 1) at 0.036s
f6 start (CPU 0) at 0.048s
f2 done (CPU 3, target 0.500s, real 0.379s)
f9 done (CPU 3, target 0.500s, real 0.459s)
f8 done (CPU 3, target 0.500s, real 0.504s)
f7 done (CPU 2, target 0.500s, real 0.504s)
f11 done (CPU 3, target 0.300s, real 0.545s)
f1 done (CPU 3, target 0.500s, real 0.678s)
f0 done (CPU 2, target 0.500s, real 0.750s)
f5 done (CPU 3, target 0.500s, real 0.718s)
f10 done (CPU 3, target 0.500s, real 0.798s)
f6 done (CPU 2, target 0.500s, real 0.760s)
f3 done (CPU 1, target 0.500s, real 0.827s)
f4 done (CPU 3, target 0.500s, real 0.812s)
c0 done (CPU 2, target 2.500s, real 1.727s)
c1 start (CPU 0) at 1.739s
c1 done (CPU 2, target 2.200s, real 1.012s)
c2 start (CPU 0) at 2.751s
c2 done (CPU 2, target 2.000s, real 0.920s)
c3 start (CPU 0) at 3.671s
c3 done (CPU 2, target 1.800s, real 0.829s)
c4 start (CPU 0) at 4.501s
c4 done (CPU 2, target 1.600s, real 0.737s)
Program total time: 5.238s
all threads done

[stderr]
PROGRAM_TOTAL_NS=5238109119

=== prio run (rc=0) ===
f0 start (CPU 1) at 0.000s
f1 start (CPU 2) at 0.000s
f2 start (CPU 3) at 0.000s
f10 start (CPU 3) at 0.000s
c0 start (CPU 2) at 0.000s
f11 start (CPU 0) at 0.000s
f11 done (CPU 0, target 0.300s, real 0.147s)
f0 done (CPU 1, target 0.500s, real 0.246s)
f10 done (CPU 3, target 0.500s, real 0.246s)
f3 start (CPU 3) at 0.247s
f1 done (CPU 0, target 0.500s, real 0.399s)
f4 start (CPU 0) at 0.399s
f3 done (CPU 3, target 0.500s, real 0.250s)
f5 start (CPU 3) at 0.497s
f2 done (CPU 1, target 0.500s, real 0.497s)
f6 start (CPU 1) at 0.498s
f4 done (CPU 0, target 0.500s, real 0.251s)
f7 start (CPU 0) at 0.650s
f5 done (CPU 3, target 0.500s, real 0.249s)
f8 start (CPU 3) at 0.746s
f6 done (CPU 1, target 0.500s, real 0.248s)
f9 start (CPU 1) at 0.746s
f7 done (CPU 0, target 0.500s, real 0.249s)
f8 done (CPU 3, target 0.500s, real 0.249s)
f9 done (CPU 1, target 0.500s, real 0.252s)
c0 done (CPU 2, target 2.500s, real 1.240s)
c1 start (CPU 3) at 1.240s
c1 done (CPU 3, target 2.200s, real 1.038s)
c2 start (CPU 2) at 2.279s
c2 done (CPU 2, target 2.000s, real 0.930s)
c3 start (CPU 3) at 3.209s
c3 done (CPU 3, target 1.800s, real 0.840s)
c4 start (CPU 2) at 4.049s
c4 done (CPU 2, target 1.600s, real 0.744s)
Program total time: 4.794s
all threads done

[stderr]
PROGRAM_TOTAL_NS=4793618592

