=== baseline run (rc=0) ===
f0 start (CPU 2) at 0.000s
f1 start (CPU 1) at 0.000s
f3 start (CPU 3) at 0.000s
f5 start (CPU 0) at 0.000s
f6 start (CPU 1) at 0.007s
f9 start (CPU 2) at 0.007s
f7 start (CPU 3) at 0.007s
f4 start (CPU 0) at 0.007s
f10 start (CPU 2) at 0.011s
c0 start (CPU 3) at 0.011s
f11 start (CPU 2) at 0.015s
f8 start (CPU 3) at 0.011s
f2 start (CPU 1) at 0.027s
f5 done (CPU 0, target 0.500s, real 0.147s)
f4 done (CPU 0, target 0.500s, real 0.143s)
f6 done (CPU 0, target 0.500s, real 0.170s)
f1 done (CPU 1, target 0.500s, real 0.184s)
f2 done (CPU 0, target 0.500s, real 0.167s)
f11 done (CPU 2, target 0.300s, real 0.185s)
f10 done (CPU 1, target 0.500s, real 0.203s)
f3 done (CPU 0, target 0.500s, real 0.236s)
f0 done (CPU 0, target 0.500s, real 0.237s)
f8 done (CPU 3, target 0.500s, real 0.231s)
f7 done (CPU 1, target 0.500s, real 0.235s)
f9 done (CPU 2, target 0.500s, real 0.235s)
c0 done (CPU 0, target 2.500s, real 0.516s)
c1 start (CPU 3) at 0.528s
c1 done (CPU 3, target 2.200s, real 0.310s)
c2 start (CPU 0) at 0.837s
c2 done (CPU 2, target 2.000s, real 0.278s)
c3 start (CPU 0) at 1.115s
c3 done (CPU 0, target 1.800s, real 0.247s)
c4 start (CPU 2) at 1.363s
c4 done (CPU 2, target 1.600s, real 0.220s)
Program total time: 1.583s
all threads done

[stderr]
PROGRAM_TOTAL_NS=1583084712

=== prio run (rc=0) ===
f0 start (CPU 1) at 0.000s
f1 start (CPU 2) at 0.000s
f2 start (CPU 3) at 0.000s
f3 start (CPU 1) at 0.000s
f10 start (CPU 3) at 0.000s
f11 start (CPU 2) at 0.000s
c0 start (CPU 2) at 0.000s
f11 done (CPU 0, target 0.300s, real 0.043s)
f0 done (CPU 1, target 0.500s, real 0.072s)
f5 start (CPU 1) at 0.072s
f10 done (CPU 3, target 0.500s, real 0.077s)
f7 start (CPU 3) at 0.077s
f1 done (CPU 0, target 0.500s, real 0.118s)
f4 start (CPU 0) at 0.119s
f2 done (CPU 1, target 0.500s, real 0.148s)
f3 done (CPU 3, target 0.500s, real 0.151s)
f6 start (CPU 3) at 0.152s
f4 done (CPU 0, target 0.500s, real 0.075s)
f9 start (CPU 0) at 0.194s
f5 done (CPU 1, target 0.500s, real 0.151s)
f8 start (CPU 1) at 0.223s
f6 done (CPU 3, target 0.500s, real 0.077s)
f7 done (CPU 0, target 0.500s, real 0.196s)
f9 done (CPU 3, target 0.500s, real 0.109s)
f8 done (CPU 1, target 0.500s, real 0.081s)
c0 done (CPU 2, target 2.500s, real 0.373s)
c1 start (CPU 3) at 0.373s
c1 done (CPU 3, target 2.200s, real 0.308s)
c2 start (CPU 2) at 0.681s
c2 done (CPU 2, target 2.000s, real 0.280s)
c3 start (CPU 3) at 0.961s
c3 done (CPU 3, target 1.800s, real 0.260s)
c4 start (CPU 2) at 1.222s
c4 done (CPU 2, target 1.600s, real 0.227s)
Program total time: 1.448s
all threads done

[stderr]
PROGRAM_TOTAL_NS=1448371406

=== baseline run (rc=0) ===
f1 start (CPU 3) at 0.000s
f3 start (CPU 0) at 0.000s
f0 start (CPU 1) at 0.000s
f2 start (CPU 0) at 0.000s
f7 start (CPU 2) at 0.000s
f4 start (CPU 1) at 0.016s
f5 start (CPU 1) at 0.024s
f10 start (CPU 1) at 0.028s
f11 start (CPU 1) at 0.032s
c0 start (CPU 1) at 0.036s
f6 start (CPU 0) at 0.044s
f8 start (CPU 0) at 0.048s
f9 start (CPU 0) at 0.052s
f1 done (CPU 3, target 0.500s, real 0.076s)
f7 done (CPU 2, target 0.500s, real 0.076s)
f10 done (CPU 3, target 0.500s, real 0.116s)
f9 done (CPU 3, target 0.500s, real 0.097s)
f2 done (CPU 3, target 0.500s, real 0.181s)
f5 done (CPU 2, target 0.500s, real 0.171s)
f11 done (CPU 3, target 0.300s, real 0.167s)
f6 done (CPU 2, target 0.500s, real 0.183s)
f3 done (CPU 2, target 0.500s, real 0.235s)
f4 done (CPU 3, target 0.500s, real 0.220s)
f0 done (CPU 1, target 0.500s, real 0.246s)
f8 done (CPU 0, target 0.500s, real 0.199s)
c0 done (CPU 1, target 2.500s, real 0.506s)
c1 start (CPU 2) at 0.542s
c1 done (CPU 2, target 2.200s, real 0.315s)
c2 start (CPU 0) at 0.857s
c2 done (CPU 2, target 2.000s, real 0.276s)
c3 start (CPU 0) at 1.133s
c3 done (CPU 0, target 1.800s, real 0.248s)
c4 start (CPU 2) at 1.381s
c4 done (CPU 2, target 1.600s, real 0.222s)
Program total time: 1.603s
all threads done

[stderr]
PROGRAM_TOTAL_NS=1603099974

=== prio run (rc=0) ===
f1 start (CPU 2) at 0.000s
f0 start (CPU 1) at 0.000s
f2 start (CPU 3) at 0.000s
c0 start (CPU 3) at 0.000s
f10 start (CPU 1) at 0.000s
f11 start (CPU 1) at 0.000s
f11 done (CPU 0, target 0.300s, real 0.045s)
f0 done (CPU 2, target 0.500s, real 0.084s)
f6 start (CPU 2) at 0.085s
f10 done (CPU 1, target 0.500s, real 0.084s)
f3 start (CPU 1) at 0.000s
f1 done (CPU 0, target 0.500s, real 0.122s)
f4 start (CPU 1) at 0.000s
f3 done (CPU 1, target 0.500s, real 0.159s)
f2 done (CPU 2, target 0.500s, real 0.160s)
f5 start (CPU 3) at 0.000s
f4 done (CPU 0, target 0.500s, real 0.196s)
f7 start (CPU 1) at 0.000s
f5 done (CPU 2, target 0.500s, real 0.235s)
f9 start (CPU 1) at 0.000s
f8 start (CPU 3) at 0.000s
f6 done (CPU 1, target 0.500s, real 0.152s)
f7 done (CPU 0, target 0.500s, real 0.272s)
f8 done (CPU 2, target 0.500s, real 0.310s)
f9 done (CPU 1, target 0.500s, real 0.310s)
c0 done (CPU 3, target 2.500s, real 0.384s)
c1 start (CPU 2) at 0.384s
c1 done (CPU 2, target 2.200s, real 0.307s)
c2 start (CPU 3) at 0.691s
c2 done (CPU 3, target 2.000s, real 0.274s)
c3 start (CPU 2) at 0.966s
c3 done (CPU 2, target 1.800s, real 0.257s)
c4 start (CPU 3) at 1.223s
c4 done (CPU 3, target 1.600s, real 0.225s)
Program total time: 1.448s
all threads done

[stderr]
PROGRAM_TOTAL_NS=1448169711

=== baseline run (rc=0) ===
f0 start (CPU 1) at 0.000s
f1 start (CPU 3) at 0.000s
f2 start (CPU 0) at 0.000s
f7 start (CPU 2) at 0.000s
f8 start (CPU 0) at 0.010s
f10 start (CPU 1) at 0.014s
f9 start (CPU 0) at 0.014s
f11 start (CPU 1) at 0.018s
f3 start (CPU 0) at 0.022s
c0 start (CPU 1) at 0.022s
f6 start (CPU 0) at 0.026s
f4 start (CPU 1) at 0.026s
f5 start (CPU 1) at 0.030s
f7 done (CPU 2, target 0.500s, real 0.071s)
f1 done (CPU 3, target 0.500s, real 0.079s)
f6 done (CPU 3, target 0.500s, real 0.119s)
f5 done (CPU 3, target 0.500s, real 0.126s)
f11 done (CPU 3, target 0.300s, real 0.154s)
f4 done (CPU 2, target 0.500s, real 0.179s)
f9 done (CPU 3, target 0.500s, real 0.193s)
f0 done (CPU 1, target 0.500s, real 0.222s)
f10 done (CPU 3, target 0.500s, real 0.220s)
f8 done (CPU 1, target 0.500s, real 0.234s)
f2 done (CPU 0, target 0.500s, real 0.247s)
f3 done (CPU 0, target 0.500s, real 0.237s)
c0 done (CPU 2, target 2.500s, real 0.498s)
c1 start (CPU 0) at 0.521s
c1 done (CPU 2, target 2.200s, real 0.312s)
c2 start (CPU 0) at 0.833s
c2 done (CPU 2, target 2.000s, real 0.276s)
c3 start (CPU 0) at 1.109s
c3 done (CPU 2, target 1.800s, real 0.248s)
c4 start (CPU 0) at 1.357s
c4 done (CPU 2, target 1.600s, real 0.220s)
Program total time: 1.577s
all threads done

[stderr]
PROGRAM_TOTAL_NS=1577424655

=== prio run (rc=0) ===
f0 start (CPU 1) at 0.000s
f1 start (CPU 2) at 0.000s
f2 start (CPU 3) at 0.000s
f10 start (CPU 3) at 0.000s
f11 start (CPU 2) at 0.000s
c0 start (CPU 3) at 0.000s
f11 done (CPU 2, target 0.300s, real 0.043s)
f0 done (CPU 1, target 0.500s, real 0.077s)
f10 done (CPU 0, target 0.500s, real 0.078s)
f3 start (CPU 0) at 0.079s
f1 done (CPU 2, target 0.500s, real 0.118s)
f4 start (CPU 2) at 0.118s
f2 done (CPU 1, target 0.500s, real 0.157s)
f5 start (CPU 1) at 0.157s
f3 done (CPU 0, target 0.500s, real 0.081s)
f6 start (CPU 0) at 0.160s
f4 done (CPU 2, target 0.500s, real 0.076s)
f7 start (CPU 2) at 0.194s
f5 done (CPU 1, target 0.500s, real 0.076s)
f8 start (CPU 1) at 0.233s
f6 done (CPU 0, target 0.500s, real 0.075s)
f9 start (CPU 0) at 0.235s
f7 done (CPU 2, target 0.500s, real 0.074s)
f8 done (CPU 1, target 0.500s, real 0.075s)
f9 done (CPU 0, target 0.500s, real 0.075s)
c0 done (CPU 3, target 2.500s, real 0.375s)
c1 start (CPU 2) at 0.376s
c1 done (CPU 2, target 2.200s, real 0.305s)
c2 start (CPU 3) at 0.681s
c2 done (CPU 3, target 2.000s, real 0.274s)
c3 start (CPU 2) at 0.955s
c3 done (CPU 2, target 1.800s, real 0.261s)
c4 start (CPU 3) at 1.217s
c4 done (CPU 3, target 1.600s, real 0.219s)
Program total time: 1.436s
all threads done

[stderr]
PROGRAM_TOTAL_NS=1435848095

=== baseline run (rc=0) ===
f0 start (CPU 2) at 0.000s
f1 start (CPU 1) at 0.000s
f2 start (CPU 3) at 0.000s
c0 start (CPU 0) at 0.000s
f11 start (CPU 0) at 0.002s
f5 start (CPU 1) at 0.006s
f10 start (CPU 0) at 0.014s
f7 start (CPU 2) at 0.014s
f4 start (CPU 0) at 0.018s
f6 start (CPU 1) at 0.018s
f8 start (CPU 1) at 0.022s
f9 start (CPU 1) at 0.026s
f3 start (CPU 0) at 0.034s
f2 done (CPU 3, target 0.500s, real 0.072s)
f0 done (CPU 2, target 0.500s, real 0.111s)
f7 done (CPU 3, target 0.500s, real 0.103s)
f10 done (CPU 2, target 0.500s, real 0.151s)
f6 done (CPU 3, target 0.500s, real 0.151s)
f11 done (CPU 2, target 0.300s, real 0.173s)
f5 done (CPU 3, target 0.500s, real 0.205s)
f3 done (CPU 2, target 0.500s, real 0.184s)
f4 done (CPU 2, target 0.500s, real 0.224s)
f9 done (CPU 3, target 0.500s, real 0.216s)
f8 done (CPU 1, target 0.500s, real 0.240s)
f1 done (CPU 1, target 0.500s, real 0.263s)
c0 done (CPU 2, target 2.500s, real 0.507s)
c1 start (CPU 0) at 0.507s
c1 done (CPU 2, target 2.200s, real 0.307s)
c2 start (CPU 0) at 0.815s
c2 done (CPU 2, target 2.000s, real 0.276s)
c3 start (CPU 0) at 1.091s
c3 done (CPU 0, target 1.800s, real 0.248s)
c4 start (CPU 2) at 1.340s
c4 done (CPU 2, target 1.600s, real 0.221s)
Program total time: 1.561s
all threads done

[stderr]
PROGRAM_TOTAL_NS=1561069131

=== prio run (rc=0) ===
f0 start (CPU 3) at 0.000s
f2 start (CPU 1) at 0.000s
f1 start (CPU 0) at 0.000s
f10 start (CPU 0) at 0.001s
f11 start (CPU 1) at 0.001s
c0 start (CPU 3) at 0.001s
f11 done (CPU 1, target 0.300s, real 0.045s)
f10 done (CPU 0, target 0.500s, real 0.073s)
f0 done (CPU 2, target 0.500s, real 0.074s)
f3 start (CPU 2) at 0.075s
f1 done (CPU 1, target 0.500s, real 0.125s)
f4 start (CPU 1) at 0.125s
f2 done (CPU 0, target 0.500s, real 0.148s)
f5 start (CPU 0) at 0.148s
f3 done (CPU 2, target 0.500s, real 0.073s)
f6 start (CPU 2) at 0.148s
f4 done (CPU 1, target 0.500s, real 0.075s)
f7 start (CPU 1) at 0.201s
f5 done (CPU 0, target 0.500s, real 0.075s)
f8 start (CPU 0) at 0.222s
f6 done (CPU 2, target 0.500s, real 0.075s)
f9 start (CPU 2) at 0.223s
f7 done (CPU 1, target 0.500s, real 0.077s)
f8 done (CPU 0, target 0.500s, real 0.074s)
f9 done (CPU 2, target 0.500s, real 0.075s)
c0 done (CPU 3, target 2.500s, real 0.379s)
c1 start (CPU 3) at 0.380s
c1 done (CPU 3, target 2.200s, real 0.305s)
c2 start (CPU 3) at 0.685s
c2 done (CPU 3, target 2.000s, real 0.275s)
c3 start (CPU 3) at 0.961s
c3 done (CPU 3, target 1.800s, real 0.250s)
c4 start (CPU 0) at 1.211s
c4 done (CPU 0, target 1.600s, real 0.220s)
Program total time: 1.431s
all threads done

[stderr]
PROGRAM_TOTAL_NS=1430907319

=== baseline run (rc=0) ===
f0 start (CPU 2) at 0.000s
f1 start (CPU 1) at 0.000s
f2 start (CPU 3) at 0.000s
f7 start (CPU 0) at 0.000s
f3 start (CPU 3) at 0.004s
f4 start (CPU 3) at 0.008s
f5 start (CPU 2) at 0.016s
f6 start (CPU 2) at 0.020s
f8 start (CPU 2) at 0.024s
f9 start (CPU 2) at 0.028s
f10 start (CPU 2) at 0.032s
f11 start (CPU 2) at 0.036s
c0 start (CPU 3) at 0.048s
f1 done (CPU 1, target 0.500s, real 0.075s)
f7 done (CPU 0, target 0.500s, real 0.078s)
f3 done (CPU 0, target 0.500s, real 0.129s)
f8 done (CPU 1, target 0.500s, real 0.127s)
f0 done (CPU 0, target 0.500s, real 0.178s)
f2 done (CPU 3, target 0.500s, real 0.224s)
f11 done (CPU 0, target 0.300s, real 0.192s)
f9 done (CPU 0, target 0.500s, real 0.208s)
f4 done (CPU 0, target 0.500s, real 0.234s)
f10 done (CPU 2, target 0.500s, real 0.223s)
f6 done (CPU 3, target 0.500s, real 0.236s)
f5 done (CPU 0, target 0.500s, real 0.248s)
c0 done (CPU 1, target 2.500s, real 0.439s)
c1 start (CPU 2) at 0.486s
c1 done (CPU 2, target 2.200s, real 0.314s)
c2 start (CPU 0) at 0.800s
c2 done (CPU 2, target 2.000s, real 0.281s)
c3 start (CPU 0) at 1.081s
c3 done (CPU 0, target 1.800s, real 0.247s)
c4 start (CPU 3) at 1.328s
c4 done (CPU 3, target 1.600s, real 0.221s)
Program total time: 1.549s
all threads done

[stderr]
PROGRAM_TOTAL_NS=1549320411

=== prio run (rc=0) ===
f0 start (CPU 1) at 0.000s
f1 start (CPU 2) at 0.000s
f2 start (CPU 3) at 0.000s
f3 start (CPU 2) at 0.000s
f10 start (CPU 1) at 0.000s
c0 start (CPU 1) at 0.000s
f11 start (CPU 3) at 0.000s
f11 done (CPU 3, target 0.300s, real 0.044s)
f4 start (CPU 3) at 0.044s
f10 done (CPU 0, target 0.500s, real 0.073s)
f9 start (CPU 0) at 0.074s
f0 done (CPU 2, target 0.500s, real 0.076s)
f5 start (CPU 2) at 0.076s
f1 done (CPU 3, target 0.500s, real 0.123s)
f2 done (CPU 0, target 0.500s, real 0.148s)
f3 done (CPU 2, target 0.500s, real 0.156s)
f7 start (CPU 2) at 0.156s
f6 start (CPU 2) at 0.156s
f4 done (CPU 3, target 0.500s, real 0.155s)
f8 start (CPU 3) at 0.200s
f5 done (CPU 0, target 0.500s, real 0.150s)
f6 done (CPU 2, target 0.500s, real 0.076s)
f7 done (CPU 3, target 0.500s, real 0.116s)
f8 done (CPU 0, target 0.500s, real 0.105s)
f9 done (CPU 2, target 0.500s, real 0.233s)
c0 done (CPU 1, target 2.500s, real 0.388s)
c1 start (CPU 3) at 0.389s
c1 done (CPU 3, target 2.200s, real 0.305s)
c2 start (CPU 2) at 0.694s
c2 done (CPU 2, target 2.000s, real 0.276s)
c3 start (CPU 3) at 0.970s
c3 done (CPU 3, target 1.800s, real 0.253s)
c4 start (CPU 2) at 1.223s
c4 done (CPU 2, target 1.600s, real 0.221s)
Program total time: 1.445s
all threads done

[stderr]
PROGRAM_TOTAL_NS=1444605712

=== baseline run (rc=0) ===
f0 start (CPU 3) at 0.000s
f1 start (CPU 0) at 0.000s
f2 start (CPU 2) at 0.000s
c0 start (CPU 1) at 0.000s
f11 start (CPU 1) at 0.004s
f10 start (CPU 1) at 0.008s
f5 start (CPU 0) at 0.008s
f7 start (CPU 3) at 0.008s
f4 start (CPU 1) at 0.012s
f6 start (CPU 0) at 0.012s
f8 start (CPU 0) at 0.016s
f9 start (CPU 0) at 0.020s
f3 start (CPU 1) at 0.032s
f2 done (CPU 2, target 0.500s, real 0.081s)
f0 done (CPU 2, target 0.500s, real 0.114s)
f7 done (CPU 3, target 0.500s, real 0.110s)
f11 done (CPU 1, target 0.300s, real 0.153s)
f1 done (CPU 3, target 0.500s, real 0.168s)
f4 done (CPU 3, target 0.500s, real 0.176s)
f10 done (CPU 2, target 0.500s, real 0.204s)
f9 done (CPU 0, target 0.500s, real 0.216s)
f3 done (CPU 1, target 0.500s, real 0.210s)
f5 done (CPU 0, target 0.500s, real 0.235s)
f8 done (CPU 0, target 0.500s, real 0.237s)
f6 done (CPU 2, target 0.500s, real 0.244s)
c0 done (CPU 3, target 2.500s, real 0.500s)
c1 start (CPU 0) at 0.501s
c1 done (CPU 2, target 2.200s, real 0.307s)
c2 start (CPU 0) at 0.807s
c2 done (CPU 2, target 2.000s, real 0.276s)
c3 start (CPU 0) at 1.083s
c3 done (CPU 0, target 1.800s, real 0.247s)
c4 start (CPU 2) at 1.330s
c4 done (CPU 2, target 1.600s, real 0.221s)
Program total time: 1.551s
all threads done

[stderr]
PROGRAM_TOTAL_NS=1550976791

=== prio run (rc=0) ===
f1 start (CPU 2) at 0.000s
f0 start (CPU 1) at 0.000s
f2 start (CPU 0) at 0.000s
f3 start (CPU 2) at 0.000s
f10 start (CPU 0) at 0.000s
f11 start (CPU 2) at 0.000s
c0 start (CPU 0) at 0.000s
f11 done (CPU 2, target 0.300s, real 0.045s)
f10 done (CPU 3, target 0.500s, real 0.073s)
f0 done (CPU 1, target 0.500s, real 0.086s)
f4 start (CPU 1) at 0.086s
f1 done (CPU 2, target 0.500s, real 0.125s)
f7 start (CPU 2) at 0.125s
f5 start (CPU 2) at 0.125s
f2 done (CPU 3, target 0.500s, real 0.154s)
f6 start (CPU 3) at 0.154s
f3 done (CPU 1, target 0.500s, real 0.164s)
f8 start (CPU 1) at 0.164s
f4 done (CPU 2, target 0.500s, real 0.114s)
f9 start (CPU 2) at 0.200s
f5 done (CPU 3, target 0.500s, real 0.104s)
f6 done (CPU 1, target 0.500s, real 0.086s)
f7 done (CPU 2, target 0.500s, real 0.150s)
f8 done (CPU 3, target 0.500s, real 0.140s)
f9 done (CPU 1, target 0.500s, real 0.115s)
c0 done (CPU 0, target 2.500s, real 0.394s)
c1 start (CPU 1) at 0.394s
c1 done (CPU 1, target 2.200s, real 0.304s)
c2 start (CPU 0) at 0.698s
c2 done (CPU 0, target 2.000s, real 0.275s)
c3 start (CPU 1) at 0.973s
c3 done (CPU 1, target 1.800s, real 0.253s)
c4 start (CPU 0) at 1.226s
c4 done (CPU 0, target 1.600s, real 0.220s)
Program total time: 1.446s
all threads done

[stderr]
PROGRAM_TOTAL_NS=1446169861

=== baseline run (rc=0) ===
f0 start (CPU 2) at 0.000s
f1 start (CPU 1) at 0.000s
f2 start (CPU 3) at 0.000s
f7 start (CPU 0) at 0.000s
f3 start (CPU 3) at 0.000s
f5 start (CPU 2) at 0.012s
f6 start (CPU 2) at 0.016s
f8 start (CPU 2) at 0.020s
f9 start (CPU 2) at 0.024s
f4 start (CPU 3) at 0.032s
f10 start (CPU 2) at 0.032s
f11 start (CPU 3) at 0.036s
c0 start (CPU 3) at 0.044s
f1 done (CPU 1, target 0.500s, real 0.072s)
f7 done (CPU 0, target 0.500s, real 0.074s)
f11 done (CPU 1, target 0.300s, real 0.073s)
f2 done (CPU 0, target 0.500s, real 0.131s)
f8 done (CPU 1, target 0.500s, real 0.150s)
f5 done (CPU 2, target 0.500s, real 0.178s)
f6 done (CPU 1, target 0.500s, real 0.195s)
f3 done (CPU 0, target 0.500s, real 0.216s)
f4 done (CPU 2, target 0.500s, real 0.190s)
f0 done (CPU 0, target 0.500s, real 0.229s)
f9 done (CPU 3, target 0.500s, real 0.214s)
f10 done (CPU 1, target 0.500s, real 0.211s)
c0 done (CPU 2, target 2.500s, real 0.476s)
c1 start (CPU 0) at 0.520s
c1 done (CPU 2, target 2.200s, real 0.304s)
c2 start (CPU 0) at 0.824s
c2 done (CPU 2, target 2.000s, real 0.275s)
c3 start (CPU 0) at 1.099s
c3 done (CPU 2, target 1.800s, real 0.247s)
c4 start (CPU 0) at 1.347s
c4 done (CPU 2, target 1.600s, real 0.221s)
Program total time: 1.568s
all threads done

[stderr]
PROGRAM_TOTAL_NS=1568483989

=== prio run (rc=0) ===
f0 start (CPU 3) at 0.000s
f1 start (CPU 0) at 0.000s
f2 start (CPU 1) at 0.000s
f8 start (CPU 3) at 0.000s
f10 start (CPU 3) at 0.000s
f11 start (CPU 0) at 0.000s
c0 start (CPU 0) at 0.000s
f11 done (CPU 2, target 0.300s, real 0.050s)
f10 done (CPU 3, target 0.500s, real 0.072s)
f3 start (CPU 3) at 0.072s
f0 done (CPU 1, target 0.500s, real 0.085s)
f4 start (CPU 1) at 0.086s
f1 done (CPU 2, target 0.500s, real 0.125s)
f5 start (CPU 2) at 0.125s
f2 done (CPU 3, target 0.500s, real 0.148s)
f7 start (CPU 3) at 0.148s
f6 start (CPU 3) at 0.148s
f3 done (CPU 1, target 0.500s, real 0.088s)
f4 done (CPU 2, target 0.500s, real 0.115s)
f5 done (CPU 3, target 0.500s, real 0.098s)
f6 done (CPU 1, target 0.500s, real 0.088s)
f9 start (CPU 1) at 0.236s
f7 done (CPU 2, target 0.500s, real 0.128s)
f8 done (CPU 3, target 0.500s, real 0.298s)
f9 done (CPU 1, target 0.500s, real 0.075s)
c0 done (CPU 0, target 2.500s, real 0.373s)
c1 start (CPU 1) at 0.374s
c1 done (CPU 1, target 2.200s, real 0.307s)
c2 start (CPU 0) at 0.681s
c2 done (CPU 0, target 2.000s, real 0.275s)
c3 start (CPU 1) at 0.955s
c3 done (CPU 1, target 1.800s, real 0.257s)
c4 start (CPU 0) at 1.212s
c4 done (CPU 0, target 1.600s, real 0.235s)
Program total time: 1.447s
all threads done

[stderr]
PROGRAM_TOTAL_NS=1447504445

=== baseline run (rc=0) ===
f0 start (CPU 3) at 0.000s
f1 start (CPU 1) at 0.000s
f3 start (CPU 2) at 0.000s
f2 start (CPU 1) at 0.000s
f4 start (CPU 2) at 0.013s
f7 start (CPU 3) at 0.013s
f5 start (CPU 2) at 0.022s
f6 start (CPU 3) at 0.013s
f8 start (CPU 3) at 0.026s
f10 start (CPU 2) at 0.026s
f9 start (CPU 3) at 0.030s
f11 start (CPU 2) at 0.034s
c0 start (CPU 2) at 0.038s
f1 done (CPU 1, target 0.500s, real 0.072s)
f2 done (CPU 0, target 0.500s, real 0.081s)
f4 done (CPU 1, target 0.500s, real 0.126s)
f6 done (CPU 0, target 0.500s, real 0.127s)
f0 done (CPU 1, target 0.500s, real 0.181s)
f11 done (CPU 2, target 0.300s, real 0.181s)
f7 done (CPU 1, target 0.500s, real 0.208s)
f5 done (CPU 1, target 0.500s, real 0.226s)
f3 done (CPU 2, target 0.500s, real 0.248s)
f8 done (CPU 2, target 0.500s, real 0.227s)
f10 done (CPU 1, target 0.500s, real 0.229s)
f9 done (CPU 3, target 0.500s, real 0.226s)
c0 done (CPU 2, target 2.500s, real 0.449s)
c1 start (CPU 0) at 0.487s
c1 done (CPU 0, target 2.200s, real 0.313s)
c2 start (CPU 3) at 0.799s
c2 done (CPU 3, target 2.000s, real 0.276s)
c3 start (CPU 0) at 1.075s
c3 done (CPU 0, target 1.800s, real 0.248s)
c4 start (CPU 2) at 1.323s
c4 done (CPU 2, target 1.600s, real 0.221s)
Program total time: 1.545s
all threads done

[stderr]
PROGRAM_TOTAL_NS=1544806738

=== prio run (rc=0) ===
f0 start (CPU 3) at 0.000s
f1 start (CPU 0) at 0.000s
f2 start (CPU 1) at 0.000s
f3 start (CPU 0) at 0.000s
f9 start (CPU 3) at 0.000s
f10 start (CPU 0) at 0.000s
f11 start (CPU 1) at 0.000s
c0 start (CPU 0) at 0.000s
f11 done (CPU 1, target 0.300s, real 0.045s)
f10 done (CPU 2, target 0.500s, real 0.073s)
f0 done (CPU 3, target 0.500s, real 0.074s)
f4 start (CPU 3) at 0.074s
f1 done (CPU 1, target 0.500s, real 0.120s)
f7 start (CPU 1) at 0.120s
f5 start (CPU 1) at 0.120s
f2 done (CPU 2, target 0.500s, real 0.148s)
f6 start (CPU 2) at 0.148s
f3 done (CPU 3, target 0.500s, real 0.151s)
f8 start (CPU 3) at 0.151s
f4 done (CPU 1, target 0.500s, real 0.122s)
f5 done (CPU 2, target 0.500s, real 0.103s)
f6 done (CPU 3, target 0.500s, real 0.080s)
f7 done (CPU 1, target 0.500s, real 0.154s)
f8 done (CPU 2, target 0.500s, real 0.147s)
f9 done (CPU 3, target 0.500s, real 0.308s)
c0 done (CPU 0, target 2.500s, real 0.384s)
c1 start (CPU 1) at 0.385s
c1 done (CPU 1, target 2.200s, real 0.306s)
c2 start (CPU 0) at 0.691s
c2 done (CPU 0, target 2.000s, real 0.273s)
c3 start (CPU 1) at 0.964s
c3 done (CPU 1, target 1.800s, real 0.261s)
c4 start (CPU 0) at 1.225s
c4 done (CPU 0, target 1.600s, real 0.230s)
Program total time: 1.455s
all threads done

[stderr]
PROGRAM_TOTAL_NS=1455352226

=== baseline run (rc=0) ===
f1 start (CPU 1) at 0.000s
f3 start (CPU 3) at 0.000s
f0 start (CPU 3) at 0.000s
f2 start (CPU 3) at 0.000s
f6 start (CPU 0) at 0.000s
f4 start (CPU 2) at 0.027s
f5 start (CPU 2) at 0.031s
f10 start (CPU 2) at 0.039s
f11 start (CPU 2) at 0.043s
f7 start (CPU 3) at 0.043s
f8 start (CPU 3) at 0.047s
c0 start (CPU 2) at 0.051s
f9 start (CPU 3) at 0.051s
f6 done (CPU 0, target 0.500s, real 0.072s)
f1 done (CPU 1, target 0.500s, real 0.073s)
f5 done (CPU 0, target 0.500s, real 0.110s)
f8 done (CPU 1, target 0.500s, real 0.100s)
f0 done (CPU 1, target 0.500s, real 0.172s)
f9 done (CPU 0, target 0.500s, real 0.150s)
f3 done (CPU 1, target 0.500s, real 0.206s)
f2 done (CPU 1, target 0.500s, real 0.212s)
f11 done (CPU 3, target 0.300s, real 0.172s)
f10 done (CPU 0, target 0.500s, real 0.193s)
f4 done (CPU 1, target 0.500s, real 0.207s)
f7 done (CPU 3, target 0.500s, real 0.200s)
c0 done (CPU 2, target 2.500s, real 0.471s)
c1 start (CPU 0) at 0.522s
c1 done (CPU 0, target 2.200s, real 0.308s)
c2 start (CPU 3) at 0.830s
c2 done (CPU 3, target 2.000s, real 0.294s)
c3 start (CPU 0) at 1.125s
c3 done (CPU 0, target 1.800s, real 0.246s)
c4 start (CPU 3) at 1.371s
c4 done (CPU 3, target 1.600s, real 0.223s)
Program total time: 1.594s
all threads done

[stderr]
PROGRAM_TOTAL_NS=1594387328

=== prio run (rc=0) ===
f0 start (CPU 2) at 0.000s
f3 start (CPU 0) at 0.000s
f1 start (CPU 0) at 0.000s
f10 start (CPU 0) at 0.000s
c0 start (CPU 1) at 0.000s
f11 start (CPU 1) at 0.000s
f11 done (CPU 3, target 0.300s, real 0.046s)
f2 start (CPU 1) at 0.000s
f0 done (CPU 2, target 0.500s, real 0.074s)
f10 done (CPU 0, target 0.500s, real 0.076s)
f5 start (CPU 0) at 0.077s
f4 start (CPU 0) at 0.077s
f1 done (CPU 3, target 0.500s, real 0.120s)
f2 done (CPU 2, target 0.500s, real 0.150s)
f3 done (CPU 0, target 0.500s, real 0.153s)
f8 start (CPU 0) at 0.153s
f6 start (CPU 0) at 0.153s
f4 done (CPU 3, target 0.500s, real 0.117s)
f7 start (CPU 3) at 0.194s
f5 done (CPU 2, target 0.500s, real 0.148s)
f9 start (CPU 2) at 0.225s
f6 done (CPU 0, target 0.500s, real 0.076s)
f7 done (CPU 3, target 0.500s, real 0.075s)
f8 done (CPU 2, target 0.500s, real 0.146s)
f9 done (CPU 0, target 0.500s, real 0.079s)
c0 done (CPU 1, target 2.500s, real 0.373s)
c1 start (CPU 0) at 0.374s
c1 done (CPU 0, target 2.200s, real 0.307s)
c2 start (CPU 1) at 0.681s
c2 done (CPU 1, target 2.000s, real 0.276s)
c3 start (CPU 0) at 0.957s
c3 done (CPU 0, target 1.800s, real 0.258s)
c4 start (CPU 1) at 1.215s
c4 done (CPU 1, target 1.600s, real 0.222s)
Program total time: 1.437s
all threads done

[stderr]
PROGRAM_TOTAL_NS=1437162252

=== baseline run (rc=0) ===
f0 start (CPU 0) at 0.000s
f2 start (CPU 1) at 0.000s
f1 start (CPU 2) at 0.000s
c0 start (CPU 3) at 0.000s
f11 start (CPU 3) at 0.005s
f5 start (CPU 2) at 0.009s
f10 start (CPU 3) at 0.009s
f6 start (CPU 2) at 0.013s
f4 start (CPU 3) at 0.013s
f7 start (CPU 0) at 0.013s
f8 start (CPU 2) at 0.017s
f9 start (CPU 2) at 0.025s
f3 start (CPU 3) at 0.037s
f2 done (CPU 1, target 0.500s, real 0.083s)
f0 done (CPU 0, target 0.500s, real 0.142s)
f3 done (CPU 1, target 0.500s, real 0.110s)
f7 done (CPU 0, target 0.500s, real 0.141s)
f11 done (CPU 3, target 0.300s, real 0.188s)
f9 done (CPU 1, target 0.500s, real 0.170s)
f1 done (CPU 2, target 0.500s, real 0.205s)
f10 done (CPU 3, target 0.500s, real 0.213s)
f4 done (CPU 1, target 0.500s, real 0.214s)
f8 done (CPU 3, target 0.500s, real 0.229s)
f5 done (CPU 1, target 0.500s, real 0.249s)
f6 done (CPU 0, target 0.500s, real 0.246s)
c0 done (CPU 2, target 2.500s, real 0.511s)
c1 start (CPU 0) at 0.511s
c1 done (CPU 0, target 2.200s, real 0.312s)
c2 start (CPU 2) at 0.823s
c2 done (CPU 2, target 2.000s, real 0.289s)
c3 start (CPU 0) at 1.112s
c3 done (CPU 0, target 1.800s, real 0.249s)
c4 start (CPU 3) at 1.361s
c4 done (CPU 3, target 1.600s, real 0.223s)
Program total time: 1.584s
all threads done

[stderr]
PROGRAM_TOTAL_NS=1584027856

=== prio run (rc=0) ===
f0 start (CPU 2) at 0.000s
f1 start (CPU 0) at 0.000s
f6 start (CPU 2) at 0.000s
f2 start (CPU 1) at 0.000s
f10 start (CPU 1) at 0.000s
f11 start (CPU 2) at 0.000s
c0 start (CPU 2) at 0.000s
f11 done (CPU 3, target 0.300s, real 0.045s)
f10 done (CPU 1, target 0.500s, real 0.075s)
f0 done (CPU 0, target 0.500s, real 0.075s)
f3 start (CPU 2) at 0.000s
f1 done (CPU 3, target 0.500s, real 0.120s)
f4 start (CPU 1) at 0.000s
f2 done (CPU 1, target 0.500s, real 0.150s)
f8 start (CPU 1) at 0.151s
f5 start (CPU 2) at 0.000s
f3 done (CPU 0, target 0.500s, real 0.151s)
f4 done (CPU 3, target 0.500s, real 0.195s)
f7 start (CPU 3) at 0.195s
f5 done (CPU 1, target 0.500s, real 0.225s)
f9 start (CPU 1) at 0.225s
f6 done (CPU 0, target 0.500s, real 0.225s)
f7 done (CPU 3, target 0.500s, real 0.075s)
f8 done (CPU 1, target 0.500s, real 0.149s)
f9 done (CPU 0, target 0.500s, real 0.075s)
c0 done (CPU 2, target 2.500s, real 0.375s)
c1 start (CPU 0) at 0.376s
c1 done (CPU 0, target 2.200s, real 0.324s)
c2 start (CPU 1) at 0.700s
c2 done (CPU 1, target 2.000s, real 0.281s)
c3 start (CPU 0) at 0.980s
c3 done (CPU 0, target 1.800s, real 0.261s)
c4 start (CPU 1) at 1.242s
c4 done (CPU 1, target 1.600s, real 0.231s)
Program total time: 1.473s
all threads done

[stderr]
PROGRAM_TOTAL_NS=1473164216

=== baseline run (rc=0) ===
f0 start (CPU 2) at 0.000s
f1 start (CPU 0) at 0.000s
f3 start (CPU 3) at 0.000s
f2 start (CPU 1) at 0.000s
f5 start (CPU 3) at 0.001s
f6 start (CPU 3) at 0.003s
f7 start (CPU 2) at 0.013s
f4 start (CPU 0) at 0.017s
f8 start (CPU 2) at 0.017s
f9 start (CPU 2) at 0.021s
f10 start (CPU 2) at 0.025s
f11 start (CPU 3) at 0.041s
c0 start (CPU 3) at 0.045s
f2 done (CPU 1, target 0.500s, real 0.075s)
f1 done (CPU 0, target 0.500s, real 0.111s)
f4 done (CPU 1, target 0.500s, real 0.099s)
f6 done (CPU 1, target 0.500s, real 0.163s)
f7 done (CPU 0, target 0.500s, real 0.155s)
f9 done (CPU 0, target 0.500s, real 0.192s)
f11 done (CPU 3, target 0.300s, real 0.174s)
f10 done (CPU 0, target 0.500s, real 0.211s)
f0 done (CPU 2, target 0.500s, real 0.240s)
f3 done (CPU 3, target 0.500s, real 0.243s)
f5 done (CPU 2, target 0.500s, real 0.247s)
f8 done (CPU 0, target 0.500s, real 0.235s)
c0 done (CPU 1, target 2.500s, real 0.461s)
c1 start (CPU 2) at 0.506s
c1 done (CPU 2, target 2.200s, real 0.310s)
c2 start (CPU 0) at 0.816s
c2 done (CPU 0, target 2.000s, real 0.292s)
c3 start (CPU 2) at 1.108s
c3 done (CPU 2, target 1.800s, real 0.248s)
c4 start (CPU 0) at 1.356s
c4 done (CPU 0, target 1.600s, real 0.230s)
Program total time: 1.586s
all threads done

[stderr]
PROGRAM_TOTAL_NS=1585945823

=== prio run (rc=0) ===
f0 start (CPU 1) at 0.000s
f1 start (CPU 2) at 0.000s
f2 start (CPU 3) at 0.000s
f7 start (CPU 1) at 0.000s
f11 start (CPU 1) at 0.000s
f10 start (CPU 3) at 0.000s
c0 start (CPU 3) at 0.001s
f11 done (CPU 1, target 0.300s, real 0.044s)
f0 done (CPU 2, target 0.500s, real 0.081s)
f3 start (CPU 2) at 0.081s
f10 done (CPU 0, target 0.500s, real 0.082s)
f1 done (CPU 1, target 0.500s, real 0.118s)
f4 start (CPU 1) at 0.118s
f2 done (CPU 2, target 0.500s, real 0.156s)
f6 start (CPU 2) at 0.156s
f5 start (CPU 2) at 0.156s
f3 done (CPU 0, target 0.500s, real 0.077s)
f4 done (CPU 1, target 0.500s, real 0.076s)
f5 done (CPU 2, target 0.500s, real 0.076s)
f8 start (CPU 2) at 0.232s
f6 done (CPU 0, target 0.500s, real 0.076s)
f9 start (CPU 0) at 0.233s
f7 done (CPU 1, target 0.500s, real 0.269s)
f9 done (CPU 0, target 0.500s, real 0.075s)
f8 done (CPU 2, target 0.500s, real 0.075s)
c0 done (CPU 3, target 2.500s, real 0.375s)
c1 start (CPU 2) at 0.376s
c1 done (CPU 2, target 2.200s, real 0.306s)
c2 start (CPU 3) at 0.681s
c2 done (CPU 3, target 2.000s, real 0.292s)
c3 start (CPU 2) at 0.974s
c3 done (CPU 2, target 1.800s, real 0.277s)
c4 start (CPU 3) at 1.251s
c4 done (CPU 3, target 1.600s, real 0.239s)
Program total time: 1.490s
all threads done

[stderr]
PROGRAM_TOTAL_NS=1490495794

=== baseline run (rc=0) ===
f0 start (CPU 2) at 0.000s
f1 start (CPU 1) at 0.000s
f2 start (CPU 3) at 0.000s
c0 start (CPU 0) at 0.001s
f9 start (CPU 0) at 0.002s
f7 start (CPU 2) at 0.010s
f3 start (CPU 1) at 0.000s
f8 start (CPU 0) at 0.010s
f5 start (CPU 0) at 0.010s
f4 start (CPU 0) at 0.026s
f11 start (CPU 1) at 0.026s
f10 start (CPU 1) at 0.026s
f6 start (CPU 1) at 0.038s
f2 done (CPU 3, target 0.500s, real 0.085s)
f8 done (CPU 3, target 0.500s, real 0.123s)
f0 done (CPU 2, target 0.500s, real 0.151s)
f7 done (CPU 3, target 0.500s, real 0.153s)
f9 done (CPU 3, target 0.500s, real 0.198s)
f1 done (CPU 2, target 0.500s, real 0.212s)
f11 done (CPU 1, target 0.300s, real 0.197s)
f5 done (CPU 0, target 0.500s, real 0.222s)
f4 done (CPU 0, target 0.500s, real 0.210s)
f6 done (CPU 2, target 0.500s, real 0.213s)
f3 done (CPU 1, target 0.500s, real 0.262s)
f10 done (CPU 0, target 0.500s, real 0.244s)
c0 done (CPU 3, target 2.500s, real 0.505s)
c1 start (CPU 0) at 0.506s
c1 done (CPU 0, target 2.200s, real 0.309s)
c2 start (CPU 2) at 0.815s
c2 done (CPU 2, target 2.000s, real 0.276s)
c3 start (CPU 0) at 1.091s
c3 done (CPU 2, target 1.800s, real 0.249s)
c4 start (CPU 0) at 1.340s
c4 done (CPU 0, target 1.600s, real 0.229s)
Program total time: 1.569s
all threads done

[stderr]
PROGRAM_TOTAL_NS=1569527642

=== prio run (rc=0) ===
f1 start (CPU 0) at 0.000s
f4 start (CPU 3) at 0.000s
f0 start (CPU 3) at 0.000s
f2 start (CPU 2) at 0.000s
f3 start (CPU 1) at 0.000s
c0 start (CPU 1) at 0.000s
f10 start (CPU 1) at 0.000s
f11 start (CPU 3) at 0.000s
f11 done (CPU 3, target 0.300s, real 0.047s)
f10 done (CPU 2, target 0.500s, real 0.074s)
f0 done (CPU 0, target 0.500s, real 0.087s)
f1 done (CPU 3, target 0.500s, real 0.125s)
f2 done (CPU 2, target 0.500s, real 0.149s)
f6 start (CPU 2) at 0.149s
f5 start (CPU 2) at 0.149s
f3 done (CPU 0, target 0.500s, real 0.165s)
f8 start (CPU 0) at 0.165s
f4 done (CPU 3, target 0.500s, real 0.200s)
f7 start (CPU 3) at 0.200s
f5 done (CPU 2, target 0.500s, real 0.075s)
f6 done (CPU 0, target 0.500s, real 0.091s)
f9 start (CPU 0) at 0.240s
f7 done (CPU 3, target 0.500s, real 0.075s)
f8 done (CPU 2, target 0.500s, real 0.134s)
f9 done (CPU 0, target 0.500s, real 0.075s)
c0 done (CPU 1, target 2.500s, real 0.375s)
c1 start (CPU 0) at 0.376s
c1 done (CPU 0, target 2.200s, real 0.307s)
c2 start (CPU 1) at 0.683s
c2 done (CPU 1, target 2.000s, real 0.283s)
c3 start (CPU 0) at 0.966s
c3 done (CPU 0, target 1.800s, real 0.247s)
c4 start (CPU 1) at 1.213s
c4 done (CPU 1, target 1.600s, real 0.230s)
Program total time: 1.444s
all threads done

[stderr]
PROGRAM_TOTAL_NS=1444068302

=== baseline run (rc=0) ===
f0 start (CPU 3) at 0.000s
f1 start (CPU 0) at 0.000s
f2 start (CPU 2) at 0.000s
f3 start (CPU 1) at 0.000s
f4 start (CPU 0) at 0.013s
f8 start (CPU 3) at 0.013s
f5 start (CPU 2) at 0.013s
f6 start (CPU 2) at 0.017s
f7 start (CPU 3) at 0.013s
f9 start (CPU 3) at 0.017s
f11 start (CPU 2) at 0.019s
f10 start (CPU 3) at 0.021s
c0 start (CPU 2) at 0.025s
f3 done (CPU 1, target 0.500s, real 0.075s)
f4 done (CPU 1, target 0.500s, real 0.123s)
f1 done (CPU 1, target 0.500s, real 0.146s)
f7 done (CPU 0, target 0.500s, real 0.143s)
f11 done (CPU 0, target 0.300s, real 0.150s)
f5 done (CPU 1, target 0.500s, real 0.180s)
f10 done (CPU 3, target 0.500s, real 0.179s)
f0 done (CPU 1, target 0.500s, real 0.220s)
f9 done (CPU 3, target 0.500s, real 0.215s)
f2 done (CPU 3, target 0.500s, real 0.236s)
f8 done (CPU 1, target 0.500s, real 0.227s)
f6 done (CPU 0, target 0.500s, real 0.233s)
c0 done (CPU 2, target 2.500s, real 0.510s)
c1 start (CPU 0) at 0.536s
c1 done (CPU 2, target 2.200s, real 0.316s)
c2 start (CPU 0) at 0.852s
c2 done (CPU 0, target 2.000s, real 0.298s)
c3 start (CPU 2) at 1.151s
c3 done (CPU 2, target 1.800s, real 0.259s)
c4 start (CPU 0) at 1.410s
c4 done (CPU 2, target 1.600s, real 0.243s)
Program total time: 1.654s
all threads done

[stderr]
PROGRAM_TOTAL_NS=1654060573

=== prio run (rc=0) ===
f0 start (CPU 3) at 0.000s
f2 start (CPU 1) at 0.000s
f1 start (CPU 0) at 0.000s
f10 start (CPU 1) at 0.000s
c0 start (CPU 0) at 0.000s
f11 start (CPU 2) at 0.000s
f11 done (CPU 2, target 0.300s, real 0.047s)
f0 done (CPU 3, target 0.500s, real 0.074s)
f10 done (CPU 1, target 0.500s, real 0.077s)
f3 start (CPU 1) at 0.077s
f1 done (CPU 2, target 0.500s, real 0.131s)
f4 start (CPU 2) at 0.131s
f3 done (CPU 1, target 0.500s, real 0.074s)
f5 start (CPU 1) at 0.151s
f2 done (CPU 3, target 0.500s, real 0.161s)
f6 start (CPU 3) at 0.161s
f4 done (CPU 2, target 0.500s, real 0.081s)
f7 start (CPU 2) at 0.212s
f5 done (CPU 1, target 0.500s, real 0.074s)
f8 start (CPU 1) at 0.225s
f6 done (CPU 3, target 0.500s, real 0.079s)
f9 start (CPU 3) at 0.240s
f7 done (CPU 2, target 0.500s, real 0.073s)
f8 done (CPU 1, target 0.500s, real 0.082s)
f9 done (CPU 3, target 0.500s, real 0.076s)
c0 done (CPU 0, target 2.500s, real 0.378s)
c1 start (CPU 1) at 0.379s
c1 done (CPU 1, target 2.200s, real 0.330s)
c2 start (CPU 0) at 0.709s
c2 done (CPU 0, target 2.000s, real 0.296s)
c3 start (CPU 1) at 1.005s
c3 done (CPU 1, target 1.800s, real 0.256s)
c4 start (CPU 0) at 1.261s
c4 done (CPU 0, target 1.600s, real 0.220s)
Program total time: 1.482s
all threads done

[stderr]
PROGRAM_TOTAL_NS=1481556605

=== baseline run (rc=0) ===
f0 start (CPU 3) at 0.000s
f1 start (CPU 1) at 0.000s
f3 start (CPU 2) at 0.000s
f2 start (CPU 0) at 0.003s
f4 start (CPU 2) at 0.015s
f7 start (CPU 3) at 0.015s
f6 start (CPU 3) at 0.015s
f5 start (CPU 2) at 0.019s
f10 start (CPU 2) at 0.023s
f11 start (CPU 2) at 0.027s
f8 start (CPU 3) at 0.027s
c0 start (CPU 2) at 0.031s
f9 start (CPU 3) at 0.035s
f1 done (CPU 1, target 0.500s, real 0.072s)
f2 done (CPU 0, target 0.500s, real 0.083s)
f11 done (CPU 0, target 0.300s, real 0.094s)
f6 done (CPU 1, target 0.500s, real 0.126s)
f5 done (CPU 1, target 0.500s, real 0.172s)
f3 done (CPU 1, target 0.500s, real 0.202s)
f7 done (CPU 0, target 0.500s, real 0.188s)
f4 done (CPU 2, target 0.500s, real 0.202s)
f10 done (CPU 0, target 0.500s, real 0.197s)
f0 done (CPU 2, target 0.500s, real 0.235s)
f8 done (CPU 1, target 0.500s, real 0.210s)
f9 done (CPU 0, target 0.500s, real 0.219s)
c0 done (CPU 3, target 2.500s, real 0.505s)
c1 start (CPU 0) at 0.536s
c1 done (CPU 2, target 2.200s, real 0.304s)
c2 start (CPU 0) at 0.840s
c2 done (CPU 0, target 2.000s, real 0.274s)
c3 start (CPU 2) at 1.115s
c3 done (CPU 2, target 1.800s, real 0.257s)
c4 start (CPU 0) at 1.372s
c4 done (CPU 0, target 1.600s, real 0.219s)
Program total time: 1.591s
all threads done

[stderr]
PROGRAM_TOTAL_NS=1591394074

=== prio run (rc=0) ===
f0 start (CPU 3) at 0.000s
f1 start (CPU 0) at 0.000s
f2 start (CPU 1) at 0.000s
c0 start (CPU 3) at 0.000s
f10 start (CPU 1) at 0.000s
f11 start (CPU 1) at 0.000s
f11 done (CPU 2, target 0.300s, real 0.043s)
f10 done (CPU 1, target 0.500s, real 0.074s)
f4 start (CPU 1) at 0.000s
f0 done (CPU 0, target 0.500s, real 0.084s)
f5 start (CPU 0) at 0.084s
f3 start (CPU 0) at 0.084s
f1 done (CPU 2, target 0.500s, real 0.118s)
f2 done (CPU 1, target 0.500s, real 0.150s)
f6 start (CPU 1) at 0.000s
f3 done (CPU 0, target 0.500s, real 0.078s)
f7 start (CPU 0) at 0.162s
f4 done (CPU 2, target 0.500s, real 0.197s)
f5 done (CPU 1, target 0.500s, real 0.142s)
f8 start (CPU 1) at 0.000s
f6 done (CPU 0, target 0.500s, real 0.247s)
f9 start (CPU 3) at 0.000s
f7 done (CPU 2, target 0.500s, real 0.111s)
f8 done (CPU 1, target 0.500s, real 0.300s)
f9 done (CPU 0, target 0.500s, real 0.322s)
c0 done (CPU 3, target 2.500s, real 0.386s)
c1 start (CPU 2) at 0.387s
c1 done (CPU 0, target 2.200s, real 0.317s)
c2 start (CPU 1) at 0.704s
c2 done (CPU 1, target 2.000s, real 0.280s)
c3 start (CPU 0) at 0.984s
c3 done (CPU 0, target 1.800s, real 0.248s)
c4 start (CPU 1) at 1.232s
c4 done (CPU 1, target 1.600s, real 0.218s)
Program total time: 1.450s
all threads done

[stderr]
PROGRAM_TOTAL_NS=1450390931

=== baseline run (rc=0) ===
f0 start (CPU 1) at 0.000s
f1 start (CPU 3) at 0.000s
f2 start (CPU 0) at 0.000s
c0 start (CPU 2) at 0.000s
f11 start (CPU 2) at 0.003s
f5 start (CPU 3) at 0.011s
f7 start (CPU 0) at 0.011s
f10 start (CPU 2) at 0.011s
f6 start (CPU 3) at 0.015s
f4 start (CPU 2) at 0.023s
f8 start (CPU 3) at 0.023s
f9 start (CPU 3) at 0.027s
f3 start (CPU 2) at 0.039s
f0 done (CPU 1, target 0.500s, real 0.070s)
f7 done (CPU 1, target 0.500s, real 0.097s)
f2 done (CPU 0, target 0.500s, real 0.109s)
f11 done (CPU 0, target 0.300s, real 0.157s)
f9 done (CPU 0, target 0.500s, real 0.171s)
f6 done (CPU 1, target 0.500s, real 0.188s)
f8 done (CPU 0, target 0.500s, real 0.203s)
f1 done (CPU 0, target 0.500s, real 0.228s)
f5 done (CPU 1, target 0.500s, real 0.217s)
f10 done (CPU 2, target 0.500s, real 0.230s)
f4 done (CPU 0, target 0.500s, real 0.220s)
f3 done (CPU 2, target 0.500s, real 0.211s)
c0 done (CPU 3, target 2.500s, real 0.505s)
c1 start (CPU 0) at 0.505s
c1 done (CPU 2, target 2.200s, real 0.303s)
c2 start (CPU 0) at 0.808s
c2 done (CPU 0, target 2.000s, real 0.275s)
c3 start (CPU 2) at 1.083s
c3 done (CPU 2, target 1.800s, real 0.251s)
c4 start (CPU 0) at 1.334s
c4 done (CPU 2, target 1.600s, real 0.219s)
Program total time: 1.553s
all threads done

[stderr]
PROGRAM_TOTAL_NS=1553255466

=== prio run (rc=0) ===
f0 start (CPU 1) at 0.000s
f1 start (CPU 2) at 0.000s
f2 start (CPU 3) at 0.000s
f3 start (CPU 2) at 0.000s
f10 start (CPU 2) at 0.000s
f11 start (CPU 2) at 0.000s
c0 start (CPU 3) at 0.000s
f11 done (CPU 2, target 0.300s, real 0.042s)
f10 done (CPU 0, target 0.500s, real 0.071s)
f0 done (CPU 1, target 0.500s, real 0.072s)
f1 done (CPU 2, target 0.500s, real 0.118s)
f5 start (CPU 2) at 0.118s
f4 start (CPU 2) at 0.118s
f2 done (CPU 0, target 0.500s, real 0.147s)
f3 done (CPU 1, target 0.500s, real 0.148s)
f6 start (CPU 1) at 0.148s
f4 done (CPU 2, target 0.500s, real 0.076s)
f7 start (CPU 2) at 0.195s
f5 done (CPU 0, target 0.500s, real 0.104s)
f8 start (CPU 0) at 0.222s
f6 done (CPU 1, target 0.500s, real 0.076s)
f9 start (CPU 1) at 0.224s
f7 done (CPU 2, target 0.500s, real 0.075s)
f8 done (CPU 0, target 0.500s, real 0.075s)
f9 done (CPU 1, target 0.500s, real 0.075s)
c0 done (CPU 3, target 2.500s, real 0.381s)
c1 start (CPU 2) at 0.382s
c1 done (CPU 2, target 2.200s, real 0.310s)
c2 start (CPU 3) at 0.692s
c2 done (CPU 3, target 2.000s, real 0.286s)
c3 start (CPU 2) at 0.978s
c3 done (CPU 2, target 1.800s, real 0.250s)
c4 start (CPU 3) at 1.228s
c4 done (CPU 3, target 1.600s, real 0.238s)
Program total time: 1.467s
all threads done

[stderr]
PROGRAM_TOTAL_NS=1466842107

=== baseline run (rc=0) ===
f0 start (CPU 1) at 0.000s
f2 start (CPU 0) at 0.000s
f1 start (CPU 3) at 0.000s
f7 start (CPU 2) at 0.000s
f8 start (CPU 1) at 0.012s
f9 start (CPU 1) at 0.016s
f3 start (CPU 0) at 0.016s
f4 start (CPU 0) at 0.020s
f10 start (CPU 1) at 0.020s
f11 start (CPU 1) at 0.025s
c0 start (CPU 1) at 0.028s
f5 start (CPU 1) at 0.040s
f6 start (CPU 1) at 0.052s
f7 done (CPU 2, target 0.500s, real 0.075s)
f1 done (CPU 3, target 0.500s, real 0.076s)
f2 done (CPU 3, target 0.500s, real 0.121s)
f4 done (CPU 2, target 0.500s, real 0.149s)
f5 done (CPU 3, target 0.500s, real 0.148s)
f10 done (CPU 2, target 0.500s, real 0.176s)
f0 done (CPU 3, target 0.500s, real 0.225s)
f11 done (CPU 1, target 0.300s, real 0.201s)
f3 done (CPU 0, target 0.500s, real 0.217s)
f9 done (CPU 1, target 0.500s, real 0.240s)
f8 done (CPU 2, target 0.500s, real 0.248s)
f6 done (CPU 3, target 0.500s, real 0.212s)
c0 done (CPU 2, target 2.500s, real 0.492s)
c1 start (CPU 0) at 0.520s
c1 done (CPU 2, target 2.200s, real 0.303s)
c2 start (CPU 0) at 0.824s
c2 done (CPU 2, target 2.000s, real 0.274s)
c3 start (CPU 0) at 1.098s
c3 done (CPU 0, target 1.800s, real 0.250s)
c4 start (CPU 2) at 1.348s
c4 done (CPU 2, target 1.600s, real 0.219s)
Program total time: 1.567s
all threads done

[stderr]
PROGRAM_TOTAL_NS=1567005417

=== prio run (rc=0) ===
f0 start (CPU 1) at 0.000s
f1 start (CPU 2) at 0.000s
f2 start (CPU 3) at 0.000s
c0 start (CPU 1) at 0.000s
f10 start (CPU 1) at 0.000s
f11 start (CPU 1) at 0.000s
f11 done (CPU 3, target 0.300s, real 0.042s)
f10 done (CPU 0, target 0.500s, real 0.075s)
f0 done (CPU 2, target 0.500s, real 0.075s)
f3 start (CPU 2) at 0.000s
f1 done (CPU 3, target 0.500s, real 0.117s)
f4 start (CPU 3) at 0.117s
f2 done (CPU 0, target 0.500s, real 0.150s)
f5 start (CPU 1) at 0.000s
f3 done (CPU 2, target 0.500s, real 0.151s)
f6 start (CPU 1) at 0.000s
f4 done (CPU 3, target 0.500s, real 0.075s)
f7 start (CPU 3) at 0.193s
f6 done (CPU 2, target 0.500s, real 0.226s)
f8 start (CPU 1) at 0.000s
f5 done (CPU 0, target 0.500s, real 0.226s)
f9 start (CPU 1) at 0.000s
f7 done (CPU 3, target 0.500s, real 0.076s)
f9 done (CPU 0, target 0.500s, real 0.301s)
f8 done (CPU 2, target 0.500s, real 0.302s)
c0 done (CPU 1, target 2.500s, real 0.388s)
c1 start (CPU 2) at 0.388s
c1 done (CPU 2, target 2.200s, real 0.313s)
c2 start (CPU 3) at 0.702s
c2 done (CPU 3, target 2.000s, real 0.282s)
c3 start (CPU 2) at 0.984s
c3 done (CPU 2, target 1.800s, real 0.248s)
c4 start (CPU 3) at 1.232s
c4 done (CPU 3, target 1.600s, real 0.220s)
Program total time: 1.452s
all threads done

[stderr]
PROGRAM_TOTAL_NS=1451814305

=== baseline run (rc=0) ===
f0 start (CPU 1) at 0.000s
f1 start (CPU 2) at 0.000s
f3 start (CPU 0) at 0.000s
f2 start (CPU 3) at 0.000s
f5 start (CPU 0) at 0.003s
f4 start (CPU 2) at 0.015s
f8 start (CPU 1) at 0.015s
f9 start (CPU 1) at 0.019s
f7 start (CPU 1) at 0.015s
f10 start (CPU 1) at 0.023s
f6 start (CPU 0) at 0.027s
f11 start (CPU 0) at 0.031s
c0 start (CPU 0) at 0.035s
f2 done (CPU 3, target 0.500s, real 0.075s)
f4 done (CPU 3, target 0.500s, real 0.135s)
f1 done (CPU 3, target 0.500s, real 0.168s)
f7 done (CPU 2, target 0.500s, real 0.156s)
f6 done (CPU 3, target 0.500s, real 0.194s)
f11 done (CPU 2, target 0.300s, real 0.198s)
f5 done (CPU 0, target 0.500s, real 0.238s)
f3 done (CPU 3, target 0.500s, real 0.249s)
f0 done (CPU 1, target 0.500s, real 0.259s)
f8 done (CPU 0, target 0.500s, real 0.244s)
f9 done (CPU 3, target 0.500s, real 0.253s)
f10 done (CPU 1, target 0.500s, real 0.249s)
c0 done (CPU 2, target 2.500s, real 0.502s)
c1 start (CPU 0) at 0.537s
c1 done (CPU 2, target 2.200s, real 0.309s)
c2 start (CPU 0) at 0.846s
c2 done (CPU 2, target 2.000s, real 0.287s)
c3 start (CPU 0) at 1.134s
c3 done (CPU 2, target 1.800s, real 0.255s)
c4 start (CPU 0) at 1.389s
c4 done (CPU 2, target 1.600s, real 0.220s)
Program total time: 1.610s
all threads done

[stderr]
PROGRAM_TOTAL_NS=1609754321

=== prio run (rc=0) ===
f0 start (CPU 1) at 0.000s
f1 start (CPU 2) at 0.000s
f2 start (CPU 3) at 0.000s
f4 start (CPU 1) at 0.000s
f10 start (CPU 1) at 0.000s
f11 start (CPU 3) at 0.000s
c0 start (CPU 3) at 0.000s
f11 done (CPU 0, target 0.300s, real 0.050s)
f10 done (CPU 1, target 0.500s, real 0.071s)
f3 start (CPU 1) at 0.072s
f0 done (CPU 2, target 0.500s, real 0.078s)
f1 done (CPU 0, target 0.500s, real 0.125s)
f2 done (CPU 1, target 0.500s, real 0.147s)
f6 start (CPU 1) at 0.147s
f5 start (CPU 1) at 0.148s
f3 done (CPU 2, target 0.500s, real 0.082s)
f4 done (CPU 0, target 0.500s, real 0.201s)
f7 start (CPU 0) at 0.201s
f5 done (CPU 1, target 0.500s, real 0.075s)
f8 start (CPU 1) at 0.222s
f6 done (CPU 2, target 0.500s, real 0.082s)
f9 start (CPU 2) at 0.229s
f7 done (CPU 0, target 0.500s, real 0.075s)
f8 done (CPU 1, target 0.500s, real 0.075s)
f9 done (CPU 2, target 0.500s, real 0.074s)
c0 done (CPU 3, target 2.500s, real 0.371s)
c1 start (CPU 2) at 0.372s
c1 done (CPU 2, target 2.200s, real 0.315s)
c2 start (CPU 3) at 0.687s
c2 done (CPU 3, target 2.000s, real 0.277s)
c3 start (CPU 2) at 0.963s
c3 done (CPU 2, target 1.800s, real 0.247s)
c4 start (CPU 3) at 1.211s
c4 done (CPU 3, target 1.600s, real 0.219s)
Program total time: 1.430s
all threads done

[stderr]
PROGRAM_TOTAL_NS=1429826152

=== baseline run (rc=0) ===
f1 start (CPU 1) at 0.000s
f0 start (CPU 2) at 0.000s
f3 start (CPU 3) at 0.000s
c0 start (CPU 0) at 0.000s
f6 start (CPU 1) at 0.008s
f8 start (CPU 2) at 0.009s
f4 start (CPU 0) at 0.009s
f9 start (CPU 3) at 0.009s
f5 start (CPU 0) at 0.009s
f7 start (CPU 1) at 0.013s
f10 start (CPU 1) at 0.021s
f2 start (CPU 2) at 0.025s
f11 start (CPU 1) at 0.029s
f9 done (CPU 3, target 0.500s, real 0.091s)
f3 done (CPU 2, target 0.500s, real 0.176s)
f0 done (CPU 2, target 0.500s, real 0.183s)
f11 done (CPU 0, target 0.300s, real 0.161s)
f2 done (CPU 2, target 0.500s, real 0.170s)
f8 done (CPU 3, target 0.500s, real 0.187s)
f4 done (CPU 3, target 0.500s, real 0.211s)
f5 done (CPU 0, target 0.500s, real 0.214s)
f7 done (CPU 1, target 0.500s, real 0.215s)
f6 done (CPU 1, target 0.500s, real 0.237s)
f1 done (CPU 2, target 0.500s, real 0.246s)
f10 done (CPU 3, target 0.500s, real 0.228s)
c0 done (CPU 2, target 2.500s, real 0.513s)
c1 start (CPU 0) at 0.514s
c1 done (CPU 2, target 2.200s, real 0.303s)
c2 start (CPU 0) at 0.817s
c2 done (CPU 0, target 2.000s, real 0.278s)
c3 start (CPU 2) at 1.094s
c3 done (CPU 2, target 1.800s, real 0.254s)
c4 start (CPU 1) at 1.348s
c4 done (CPU 1, target 1.600s, real 0.220s)
Program total time: 1.569s
all threads done

[stderr]
PROGRAM_TOTAL_NS=1568750035

=== prio run (rc=0) ===
f0 start (CPU 3) at 0.000s
f1 start (CPU 0) at 0.000s
f2 start (CPU 1) at 0.000s
f3 start (CPU 0) at 0.000s
f9 start (CPU 3) at 0.001s
c0 start (CPU 3) at 0.001s
f10 start (CPU 0) at 0.001s
f11 start (CPU 1) at 0.001s
f11 done (CPU 1, target 0.300s, real 0.044s)
f0 done (CPU 2, target 0.500s, real 0.072s)
f10 done (CPU 0, target 0.500s, real 0.079s)
f1 done (CPU 1, target 0.500s, real 0.119s)
f4 start (CPU 1) at 0.119s
f2 done (CPU 2, target 0.500s, real 0.148s)
f5 start (CPU 2) at 0.148s
f3 done (CPU 0, target 0.500s, real 0.155s)
f7 start (CPU 0) at 0.156s
f6 start (CPU 0) at 0.156s
f4 done (CPU 1, target 0.500s, real 0.075s)
f8 start (CPU 1) at 0.195s
f5 done (CPU 2, target 0.500s, real 0.075s)
f6 done (CPU 0, target 0.500s, real 0.075s)
f7 done (CPU 1, target 0.500s, real 0.119s)
f8 done (CPU 2, target 0.500s, real 0.109s)
f9 done (CPU 0, target 0.500s, real 0.305s)
c0 done (CPU 3, target 2.500s, real 0.373s)
c1 start (CPU 3) at 0.374s
c1 done (CPU 3, target 2.200s, real 0.318s)
c2 start (CPU 3) at 0.692s
c2 done (CPU 3, target 2.000s, real 0.277s)
c3 start (CPU 0) at 0.968s
c3 done (CPU 0, target 1.800s, real 0.249s)
c4 start (CPU 1) at 1.217s
c4 done (CPU 1, target 1.600s, real 0.221s)
Program total time: 1.438s
all threads done

[stderr]
PROGRAM_TOTAL_NS=1438061982

=== baseline run (rc=0) ===
f0 start (CPU 3) at 0.000s
f1 start (CPU 0) at 0.000s
f2 start (CPU 2) at 0.000s
f7 start (CPU 1) at 0.000s
f4 start (CPU 3) at 0.014s
f6 start (CPU 2) at 0.014s
f5 start (CPU 3) at 0.018s
f3 start (CPU 2) at 0.014s
f8 start (CPU 2) at 0.022s
f10 start (CPU 3) at 0.022s
f11 start (CPU 3) at 0.026s
f9 start (CPU 2) at 0.026s
c0 start (CPU 3) at 0.030s
f1 done (CPU 0, target 0.500s, real 0.074s)
f7 done (CPU 1, target 0.500s, real 0.076s)
f3 done (CPU 1, target 0.500s, real 0.132s)
f5 done (CPU 1, target 0.500s, real 0.131s)
f11 done (CPU 1, target 0.300s, real 0.137s)
f8 done (CPU 0, target 0.500s, real 0.171s)
f2 done (CPU 1, target 0.500s, real 0.198s)
f0 done (CPU 0, target 0.500s, real 0.216s)
f4 done (CPU 3, target 0.500s, real 0.218s)
f9 done (CPU 1, target 0.500s, real 0.208s)
f6 done (CPU 3, target 0.500s, real 0.235s)
f10 done (CPU 2, target 0.500s, real 0.232s)
c0 done (CPU 2, target 2.500s, real 0.491s)
c1 start (CPU 0) at 0.521s
c1 done (CPU 2, target 2.200s, real 0.304s)
c2 start (CPU 1) at 0.826s
c2 done (CPU 1, target 2.000s, real 0.278s)
c3 start (CPU 2) at 1.104s
c3 done (CPU 2, target 1.800s, real 0.254s)
c4 start (CPU 0) at 1.358s
c4 done (CPU 1, target 1.600s, real 0.221s)
Program total time: 1.578s
all threads done

[stderr]
PROGRAM_TOTAL_NS=1578506301

=== prio run (rc=0) ===
f0 start (CPU 3) at 0.000s
f1 start (CPU 0) at 0.000s
f2 start (CPU 1) at 0.000s
f10 start (CPU 0) at 0.000s
c0 start (CPU 0) at 0.001s
f11 start (CPU 1) at 0.001s
f11 done (CPU 1, target 0.300s, real 0.046s)
f0 done (CPU 3, target 0.500s, real 0.073s)
f5 start (CPU 3) at 0.073s
f3 start (CPU 3) at 0.073s
f10 done (CPU 2, target 0.500s, real 0.074s)
f7 start (CPU 2) at 0.075s
f4 start (CPU 2) at 0.075s
f1 done (CPU 1, target 0.500s, real 0.122s)
f8 start (CPU 1) at 0.122s
f2 done (CPU 3, target 0.500s, real 0.148s)
f3 done (CPU 2, target 0.500s, real 0.077s)
f6 start (CPU 2) at 0.150s
f4 done (CPU 1, target 0.500s, real 0.122s)
f5 done (CPU 3, target 0.500s, real 0.150s)
f9 start (CPU 3) at 0.224s
f6 done (CPU 2, target 0.500s, real 0.075s)
f7 done (CPU 1, target 0.500s, real 0.198s)
f8 done (CPU 3, target 0.500s, real 0.176s)
f9 done (CPU 2, target 0.500s, real 0.076s)
c0 done (CPU 0, target 2.500s, real 0.382s)
c1 start (CPU 1) at 0.383s
c1 done (CPU 1, target 2.200s, real 0.321s)
c2 start (CPU 0) at 0.704s
c2 done (CPU 0, target 2.000s, real 0.274s)
c3 start (CPU 1) at 0.979s
c3 done (CPU 1, target 1.800s, real 0.248s)
c4 start (CPU 0) at 1.226s
c4 done (CPU 0, target 1.600s, real 0.229s)
Program total time: 1.456s
all threads done

[stderr]
PROGRAM_TOTAL_NS=1455909526

=== baseline run (rc=0) ===
f0 start (CPU 2) at 0.000s
f1 start (CPU 0) at 0.000s
f2 start (CPU 3) at 0.000s
f4 start (CPU 1) at 0.000s
f8 start (CPU 2) at 0.009s
f5 start (CPU 0) at 0.009s
f6 start (CPU 3) at 0.009s
f3 start (CPU 1) at 0.009s
f7 start (CPU 3) at 0.013s
f9 start (CPU 2) at 0.013s
f10 start (CPU 2) at 0.017s
f11 start (CPU 3) at 0.021s
c0 start (CPU 3) at 0.025s
f5 done (CPU 0, target 0.500s, real 0.101s)
f1 done (CPU 0, target 0.500s, real 0.142s)
f4 done (CPU 0, target 0.500s, real 0.156s)
f3 done (CPU 1, target 0.500s, real 0.152s)
f2 done (CPU 1, target 0.500s, real 0.203s)
f11 done (CPU 2, target 0.300s, real 0.189s)
f10 done (CPU 1, target 0.500s, real 0.216s)
f9 done (CPU 3, target 0.500s, real 0.232s)
f0 done (CPU 2, target 0.500s, real 0.250s)
f8 done (CPU 2, target 0.500s, real 0.243s)
f7 done (CPU 0, target 0.500s, real 0.240s)
f6 done (CPU 0, target 0.500s, real 0.250s)
c0 done (CPU 3, target 2.500s, real 0.501s)
c1 start (CPU 0) at 0.526s
c1 done (CPU 2, target 2.200s, real 0.304s)
c2 start (CPU 0) at 0.830s
c2 done (CPU 2, target 2.000s, real 0.280s)
c3 start (CPU 0) at 1.110s
c3 done (CPU 2, target 1.800s, real 0.249s)
c4 start (CPU 0) at 1.360s
c4 done (CPU 2, target 1.600s, real 0.221s)
Program total time: 1.580s
all threads done

[stderr]
PROGRAM_TOTAL_NS=1580539426

=== prio run (rc=0) ===
f0 start (CPU 3) at 0.000s
f1 start (CPU 0) at 0.000s
f2 start (CPU 1) at 0.000s
f6 start (CPU 3) at 0.000s
f3 start (CPU 0) at 0.000s
f10 start (CPU 0) at 0.000s
f11 start (CPU 3) at 0.000s
c0 start (CPU 3) at 0.000s
f11 done (CPU 2, target 0.300s, real 0.041s)
f10 done (CPU 0, target 0.500s, real 0.070s)
f5 start (CPU 0) at 0.071s
f4 start (CPU 0) at 0.071s
f0 done (CPU 1, target 0.500s, real 0.072s)
f1 done (CPU 2, target 0.500s, real 0.116s)
f2 done (CPU 0, target 0.500s, real 0.145s)
f7 start (CPU 0) at 0.146s
f3 done (CPU 1, target 0.500s, real 0.146s)
f4 done (CPU 2, target 0.500s, real 0.120s)
f9 start (CPU 2) at 0.191s
f5 done (CPU 0, target 0.500s, real 0.150s)
f8 start (CPU 0) at 0.221s
f6 done (CPU 1, target 0.500s, real 0.221s)
f7 done (CPU 2, target 0.500s, real 0.123s)
f8 done (CPU 0, target 0.500s, real 0.075s)
f9 done (CPU 1, target 0.500s, real 0.106s)
c0 done (CPU 3, target 2.500s, real 0.372s)
c1 start (CPU 2) at 0.372s
c1 done (CPU 0, target 2.200s, real 0.316s)
c2 start (CPU 1) at 0.688s
c2 done (CPU 1, target 2.000s, real 0.274s)
c3 start (CPU 0) at 0.962s
c3 done (CPU 0, target 1.800s, real 0.247s)
c4 start (CPU 1) at 1.209s
c4 done (CPU 1, target 1.600s, real 0.219s)
Program total time: 1.429s
all threads done

[stderr]
PROGRAM_TOTAL_NS=1428957469

=== baseline run (rc=0) ===
f0 start (CPU 3) at 0.000s
f1 start (CPU 1) at 0.000s
f3 start (CPU 2) at 0.000s
f4 start (CPU 0) at 0.000s
f5 start (CPU 2) at 0.010s
f2 start (CPU 1) at 0.014s
f6 start (CPU 2) at 0.014s
f7 start (CPU 3) at 0.014s
f8 start (CPU 3) at 0.018s
f11 start (CPU 2) at 0.018s
c0 start (CPU 2) at 0.022s
f9 start (CPU 3) at 0.022s
f10 start (CPU 3) at 0.026s
f4 done (CPU 0, target 0.500s, real 0.074s)
f1 done (CPU 1, target 0.500s, real 0.111s)
f2 done (CPU 0, target 0.500s, real 0.110s)
f3 done (CPU 1, target 0.500s, real 0.163s)
f10 done (CPU 3, target 0.500s, real 0.154s)
f11 done (CPU 3, target 0.300s, real 0.170s)
f0 done (CPU 1, target 0.500s, real 0.199s)
f7 done (CPU 1, target 0.500s, real 0.219s)
f6 done (CPU 2, target 0.500s, real 0.231s)
f5 done (CPU 2, target 0.500s, real 0.239s)
f9 done (CPU 1, target 0.500s, real 0.228s)
f8 done (CPU 0, target 0.500s, real 0.232s)
c0 done (CPU 3, target 2.500s, real 0.491s)
c1 start (CPU 0) at 0.513s
c1 done (CPU 2, target 2.200s, real 0.303s)
c2 start (CPU 0) at 0.816s
c2 done (CPU 2, target 2.000s, real 0.293s)
c3 start (CPU 0) at 1.109s
c3 done (CPU 2, target 1.800s, real 0.252s)
c4 start (CPU 0) at 1.362s
c4 done (CPU 2, target 1.600s, real 0.221s)
Program total time: 1.583s
all threads done

[stderr]
PROGRAM_TOTAL_NS=1583126603

=== prio run (rc=0) ===
f0 start (CPU 0) at 0.000s
f2 start (CPU 3) at 0.000s
f3 start (CPU 2) at 0.000s
f11 start (CPU 3) at 0.000s
f10 start (CPU 2) at 0.000s
c0 start (CPU 3) at 0.000s
f11 done (CPU 1, target 0.300s, real 0.045s)
f1 start (CPU 2) at 0.000s
f0 done (CPU 0, target 0.500s, real 0.073s)
f10 done (CPU 2, target 0.500s, real 0.073s)
f7 start (CPU 2) at 0.073s
f1 done (CPU 1, target 0.500s, real 0.121s)
f4 start (CPU 1) at 0.121s
f2 done (CPU 0, target 0.500s, real 0.148s)
f5 start (CPU 0) at 0.148s
f3 done (CPU 2, target 0.500s, real 0.149s)
f9 start (CPU 2) at 0.149s
f6 start (CPU 2) at 0.149s
f4 done (CPU 1, target 0.500s, real 0.075s)
f5 done (CPU 0, target 0.500s, real 0.075s)
f8 start (CPU 0) at 0.223s
f6 done (CPU 2, target 0.500s, real 0.076s)
f7 done (CPU 1, target 0.500s, real 0.198s)
f8 done (CPU 0, target 0.500s, real 0.076s)
f9 done (CPU 2, target 0.500s, real 0.150s)
c0 done (CPU 3, target 2.500s, real 0.374s)
c1 start (CPU 2) at 0.375s
c1 done (CPU 2, target 2.200s, real 0.321s)
c2 start (CPU 3) at 0.696s
c2 done (CPU 3, target 2.000s, real 0.278s)
c3 start (CPU 2) at 0.974s
c3 done (CPU 2, target 1.800s, real 0.247s)
c4 start (CPU 3) at 1.221s
c4 done (CPU 3, target 1.600s, real 0.220s)
Program total time: 1.441s
all threads done

[stderr]
PROGRAM_TOTAL_NS=1441132716

=== baseline run (rc=0) ===
f1 start (CPU 2) at 0.000s
f4 start (CPU 0) at 0.000s
f2 start (CPU 1) at 0.000s
f5 start (CPU 3) at 0.000s
f6 start (CPU 2) at 0.014s
f3 start (CPU 1) at 0.000s
f8 start (CPU 0) at 0.014s
f9 start (CPU 0) at 0.014s
c0 start (CPU 0) at 0.014s
f0 start (CPU 0) at 0.000s
f7 start (CPU 1) at 0.043s
f10 start (CPU 1) at 0.051s
f11 start (CPU 1) at 0.055s
f5 done (CPU 3, target 0.500s, real 0.076s)
f1 done (CPU 3, target 0.500s, real 0.119s)
f0 done (CPU 2, target 0.500s, real 0.174s)
f6 done (CPU 2, target 0.500s, real 0.171s)
f11 done (CPU 2, target 0.300s, real 0.146s)
f2 done (CPU 1, target 0.500s, real 0.215s)
f4 done (CPU 0, target 0.500s, real 0.240s)
f8 done (CPU 0, target 0.500s, real 0.234s)
f3 done (CPU 1, target 0.500s, real 0.255s)
f9 done (CPU 0, target 0.500s, real 0.247s)
f10 done (CPU 1, target 0.500s, real 0.216s)
f7 done (CPU 2, target 0.500s, real 0.226s)
c0 done (CPU 3, target 2.500s, real 0.461s)
c1 start (CPU 0) at 0.475s
c1 done (CPU 2, target 2.200s, real 0.302s)
c2 start (CPU 0) at 0.778s
c2 done (CPU 2, target 2.000s, real 0.280s)
c3 start (CPU 0) at 1.057s
c3 done (CPU 2, target 1.800s, real 0.251s)
c4 start (CPU 0) at 1.309s
c4 done (CPU 2, target 1.600s, real 0.220s)
Program total time: 1.530s
all threads done

[stderr]
PROGRAM_TOTAL_NS=1529782145

=== prio run (rc=0) ===
f0 start (CPU 1) at 0.000s
f2 start (CPU 3) at 0.000s
f3 start (CPU 2) at 0.000s
f1 start (CPU 2) at 0.000s
f10 start (CPU 2) at 0.000s
f11 start (CPU 3) at 0.000s
c0 start (CPU 3) at 0.000s
f11 done (CPU 0, target 0.300s, real 0.044s)
f7 start (CPU 0) at 0.044s
f10 done (CPU 2, target 0.500s, real 0.074s)
f0 done (CPU 1, target 0.500s, real 0.075s)
f1 done (CPU 0, target 0.500s, real 0.119s)
f4 start (CPU 0) at 0.119s
f2 done (CPU 2, target 0.500s, real 0.149s)
f9 start (CPU 2) at 0.149s
f5 start (CPU 2) at 0.149s
f3 done (CPU 1, target 0.500s, real 0.149s)
f6 start (CPU 1) at 0.150s
f4 done (CPU 0, target 0.500s, real 0.081s)
f5 done (CPU 2, target 0.500s, real 0.075s)
f8 start (CPU 2) at 0.224s
f6 done (CPU 1, target 0.500s, real 0.077s)
f7 done (CPU 0, target 0.500s, real 0.234s)
f8 done (CPU 2, target 0.500s, real 0.078s)
f9 done (CPU 1, target 0.500s, real 0.154s)
c0 done (CPU 3, target 2.500s, real 0.382s)
c1 start (CPU 2) at 0.382s
c1 done (CPU 2, target 2.200s, real 0.318s)
c2 start (CPU 3) at 0.701s
c2 done (CPU 3, target 2.000s, real 0.277s)
c3 start (CPU 2) at 0.977s
c3 done (CPU 2, target 1.800s, real 0.249s)
c4 start (CPU 3) at 1.227s
c4 done (CPU 3, target 1.600s, real 0.220s)
Program total time: 1.447s
all threads done

[stderr]
PROGRAM_TOTAL_NS=1447195582

=== baseline run (rc=0) ===
f0 start (CPU 1) at 0.000s
f1 start (CPU 2) at 0.000s
f2 start (CPU 0) at 0.000s
f3 start (CPU 0) at 0.003s
f7 start (CPU 3) at 0.003s
f5 start (CPU 1) at 0.015s
f6 start (CPU 1) at 0.023s
f8 start (CPU 1) at 0.027s
f4 start (CPU 0) at 0.031s
f11 start (CPU 0) at 0.035s
f9 start (CPU 1) at 0.035s
c0 start (CPU 0) at 0.039s
f10 start (CPU 1) at 0.039s
f1 done (CPU 2, target 0.500s, real 0.075s)
f7 done (CPU 3, target 0.500s, real 0.075s)
f8 done (CPU 3, target 0.500s, real 0.163s)
f11 done (CPU 1, target 0.300s, real 0.158s)
f2 done (CPU 0, target 0.500s, real 0.236s)
f5 done (CPU 1, target 0.500s, real 0.226s)
f3 done (CPU 0, target 0.500s, real 0.242s)
f10 done (CPU 1, target 0.500s, real 0.211s)
f4 done (CPU 0, target 0.500s, real 0.223s)
f0 done (CPU 2, target 0.500s, real 0.257s)
f6 done (CPU 1, target 0.500s, real 0.241s)
f9 done (CPU 2, target 0.500s, real 0.234s)
c0 done (CPU 3, target 2.500s, real 0.424s)
c1 start (CPU 0) at 0.464s
c1 done (CPU 0, target 2.200s, real 0.302s)
c2 start (CPU 3) at 0.766s
c2 done (CPU 3, target 2.000s, real 0.277s)
c3 start (CPU 1) at 1.043s
c3 done (CPU 1, target 1.800s, real 0.252s)
c4 start (CPU 3) at 1.295s
c4 done (CPU 3, target 1.600s, real 0.221s)
Program total time: 1.516s
all threads done

[stderr]
PROGRAM_TOTAL_NS=1516474299

=== prio run (rc=0) ===
f0 start (CPU 1) at 0.000s
f1 start (CPU 2) at 0.000s
f2 start (CPU 3) at 0.000s
f10 start (CPU 3) at 0.000s
f11 start (CPU 0) at 0.000s
c0 start (CPU 2) at 0.000s
f11 done (CPU 0, target 0.300s, real 0.044s)
f0 done (CPU 1, target 0.500s, real 0.073s)
f10 done (CPU 3, target 0.500s, real 0.073s)
f3 start (CPU 3) at 0.074s
f1 done (CPU 0, target 0.500s, real 0.118s)
f4 start (CPU 0) at 0.118s
f2 done (CPU 1, target 0.500s, real 0.147s)
f5 start (CPU 1) at 0.147s
f3 done (CPU 3, target 0.500s, real 0.074s)
f6 start (CPU 3) at 0.148s
f4 done (CPU 0, target 0.500s, real 0.075s)
f7 start (CPU 0) at 0.193s
f5 done (CPU 1, target 0.500s, real 0.075s)
f8 start (CPU 1) at 0.222s
f6 done (CPU 3, target 0.500s, real 0.076s)
f9 start (CPU 3) at 0.223s
f7 done (CPU 0, target 0.500s, real 0.076s)
f8 done (CPU 1, target 0.500s, real 0.075s)
f9 done (CPU 3, target 0.500s, real 0.076s)
c0 done (CPU 2, target 2.500s, real 0.374s)
c1 start (CPU 3) at 0.375s
c1 done (CPU 3, target 2.200s, real 0.321s)
c2 start (CPU 2) at 0.696s
c2 done (CPU 2, target 2.000s, real 0.279s)
c3 start (CPU 3) at 0.975s
c3 done (CPU 3, target 1.800s, real 0.249s)
c4 start (CPU 2) at 1.224s
c4 done (CPU 2, target 1.600s, real 0.221s)
Program total time: 1.445s
all threads done

[stderr]
PROGRAM_TOTAL_NS=1444894510

=== baseline run (rc=0) ===
f0 start (CPU 1) at 0.000s
f2 start (CPU 0) at 0.000s
f1 start (CPU 3) at 0.000s
f3 start (CPU 3) at 0.000s
f4 start (CPU 2) at 0.001s
f5 start (CPU 1) at 0.013s
f6 start (CPU 1) at 0.017s
f9 start (CPU 1) at 0.021s
f10 start (CPU 1) at 0.025s
f7 start (CPU 0) at 0.041s
f8 start (CPU 0) at 0.049s
f11 start (CPU 0) at 0.053s
c0 start (CPU 0) at 0.057s
f4 done (CPU 2, target 0.500s, real 0.075s)
f3 done (CPU 3, target 0.500s, real 0.081s)
f7 done (CPU 2, target 0.500s, real 0.113s)
f8 done (CPU 2, target 0.500s, real 0.159s)
f11 done (CPU 2, target 0.300s, real 0.164s)
f1 done (CPU 2, target 0.500s, real 0.245s)
f2 done (CPU 0, target 0.500s, real 0.251s)
f6 done (CPU 2, target 0.500s, real 0.267s)
f9 done (CPU 0, target 0.500s, real 0.265s)
f5 done (CPU 2, target 0.500s, real 0.284s)
f0 done (CPU 1, target 0.500s, real 0.307s)
f10 done (CPU 1, target 0.500s, real 0.292s)
c0 done (CPU 3, target 2.500s, real 0.406s)
c1 start (CPU 0) at 0.463s
c1 done (CPU 2, target 2.200s, real 0.304s)
c2 start (CPU 0) at 0.768s
c2 done (CPU 2, target 2.000s, real 0.279s)
c3 start (CPU 0) at 1.046s
c3 done (CPU 2, target 1.800s, real 0.258s)
c4 start (CPU 0) at 1.305s
c4 done (CPU 2, target 1.600s, real 0.221s)
Program total time: 1.526s
all threads done

[stderr]
PROGRAM_TOTAL_NS=1526084425

=== prio run (rc=0) ===
f0 start (CPU 1) at 0.000s
f1 start (CPU 2) at 0.000s
f2 start (CPU 3) at 0.000s
f7 start (CPU 1) at 0.000s
f5 start (CPU 3) at 0.000s
f11 start (CPU 1) at 0.000s
c0 start (CPU 3) at 0.000s
f10 start (CPU 0) at 0.000s
f11 done (CPU 1, target 0.300s, real 0.042s)
f0 done (CPU 2, target 0.500s, real 0.072s)
f3 start (CPU 2) at 0.072s
f10 done (CPU 0, target 0.500s, real 0.073s)
f1 done (CPU 1, target 0.500s, real 0.118s)
f9 start (CPU 1) at 0.118s
f4 start (CPU 1) at 0.118s
f2 done (CPU 2, target 0.500s, real 0.147s)
f6 start (CPU 2) at 0.148s
f3 done (CPU 0, target 0.500s, real 0.077s)
f4 done (CPU 1, target 0.500s, real 0.075s)
f5 done (CPU 2, target 0.500s, real 0.222s)
f8 start (CPU 2) at 0.223s
f6 done (CPU 0, target 0.500s, real 0.077s)
f7 done (CPU 1, target 0.500s, real 0.269s)
f8 done (CPU 2, target 0.500s, real 0.075s)
f9 done (CPU 0, target 0.500s, real 0.182s)
c0 done (CPU 3, target 2.500s, real 0.373s)
c1 start (CPU 2) at 0.373s
c1 done (CPU 2, target 2.200s, real 0.327s)
c2 start (CPU 3) at 0.700s
c2 done (CPU 3, target 2.000s, real 0.276s)
c3 start (CPU 2) at 0.976s
c3 done (CPU 2, target 1.800s, real 0.246s)
c4 start (CPU 3) at 1.222s
c4 done (CPU 3, target 1.600s, real 0.219s)
Program total time: 1.442s
all threads done

[stderr]
PROGRAM_TOTAL_NS=1442116582

=== baseline run (rc=0) ===
f0 start (CPU 1) at 0.000s
f1 start (CPU 3) at 0.000s
f6 start (CPU 0) at 0.000s
f10 start (CPU 2) at 0.000s
f3 start (CPU 3) at 0.000s
f9 start (CPU 0) at 0.002s
f4 start (CPU 3) at 0.000s
f2 start (CPU 0) at 0.000s
c0 start (CPU 1) at 0.014s
f5 start (CPU 3) at 0.000s
f7 start (CPU 1) at 0.022s
f8 start (CPU 1) at 0.026s
f11 start (CPU 0) at 0.054s
f10 done (CPU 2, target 0.500s, real 0.092s)
f1 done (CPU 3, target 0.500s, real 0.128s)
f4 done (CPU 2, target 0.500s, real 0.173s)
f3 done (CPU 2, target 0.500s, real 0.174s)
f7 done (CPU 3, target 0.500s, real 0.162s)
f11 done (CPU 0, target 0.300s, real 0.153s)
f5 done (CPU 0, target 0.500s, real 0.231s)
f2 done (CPU 2, target 0.500s, real 0.234s)
f0 done (CPU 0, target 0.500s, real 0.238s)
f6 done (CPU 2, target 0.500s, real 0.247s)
f9 done (CPU 0, target 0.500s, real 0.254s)
f8 done (CPU 1, target 0.500s, real 0.232s)
c0 done (CPU 3, target 2.500s, real 0.487s)
c1 start (CPU 0) at 0.501s
c1 done (CPU 2, target 2.200s, real 0.304s)
c2 start (CPU 0) at 0.805s
c2 done (CPU 2, target 2.000s, real 0.280s)
c3 start (CPU 0) at 1.085s
c3 done (CPU 2, target 1.800s, real 0.257s)
c4 start (CPU 0) at 1.342s
c4 done (CPU 2, target 1.600s, real 0.220s)
Program total time: 1.563s
all threads done

[stderr]
PROGRAM_TOTAL_NS=1562686068

=== prio run (rc=0) ===
f0 start (CPU 1) at 0.000s
f1 start (CPU 2) at 0.000s
f2 start (CPU 0) at 0.000s
f5 start (CPU 2) at 0.000s
f10 start (CPU 2) at 0.000s
f11 start (CPU 0) at 0.000s
c0 start (CPU 2) at 0.001s
f11 done (CPU 3, target 0.300s, real 0.045s)
f0 done (CPU 1, target 0.500s, real 0.073s)
f3 start (CPU 1) at 0.073s
f10 done (CPU 0, target 0.500s, real 0.077s)
f4 start (CPU 0) at 0.077s
f1 done (CPU 3, target 0.500s, real 0.121s)
f2 done (CPU 1, target 0.500s, real 0.149s)
f6 start (CPU 1) at 0.149s
f3 done (CPU 0, target 0.500s, real 0.080s)
f4 done (CPU 3, target 0.500s, real 0.118s)
f7 start (CPU 3) at 0.196s
f5 done (CPU 1, target 0.500s, real 0.224s)
f8 start (CPU 1) at 0.224s
f6 done (CPU 0, target 0.500s, real 0.079s)
f9 start (CPU 0) at 0.228s
f7 done (CPU 3, target 0.500s, real 0.075s)
f8 done (CPU 1, target 0.500s, real 0.077s)
f9 done (CPU 0, target 0.500s, real 0.075s)
c0 done (CPU 2, target 2.500s, real 0.382s)
c1 start (CPU 2) at 0.383s
c1 done (CPU 2, target 2.200s, real 0.322s)
c2 start (CPU 0) at 0.705s
c2 done (CPU 0, target 2.000s, real 0.278s)
c3 start (CPU 1) at 0.983s
c3 done (CPU 1, target 1.800s, real 0.250s)
c4 start (CPU 0) at 1.233s
c4 done (CPU 0, target 1.600s, real 0.221s)
Program total time: 1.454s
all threads done

[stderr]
PROGRAM_TOTAL_NS=1454420972

=== baseline run (rc=0) ===
f0 start (CPU 2) at 0.000s
f1 start (CPU 1) at 0.000s
f3 start (CPU 3) at 0.000s
f2 start (CPU 0) at 0.000s
f7 start (CPU 2) at 0.015s
f11 start (CPU 3) at 0.015s
f8 start (CPU 2) at 0.019s
f9 start (CPU 2) at 0.023s
f5 start (CPU 3) at 0.015s
f4 start (CPU 1) at 0.015s
f10 start (CPU 2) at 0.027s
c0 start (CPU 3) at 0.027s
f6 start (CPU 3) at 0.015s
f2 done (CPU 0, target 0.500s, real 0.075s)
f6 done (CPU 0, target 0.500s, real 0.127s)
f1 done (CPU 1, target 0.500s, real 0.145s)
f4 done (CPU 0, target 0.500s, real 0.146s)
f9 done (CPU 1, target 0.500s, real 0.168s)
f11 done (CPU 3, target 0.300s, real 0.182s)
f0 done (CPU 1, target 0.500s, real 0.214s)
f3 done (CPU 0, target 0.500s, real 0.215s)
f10 done (CPU 3, target 0.500s, real 0.206s)
f5 done (CPU 1, target 0.500s, real 0.218s)
f8 done (CPU 1, target 0.500s, real 0.228s)
f7 done (CPU 2, target 0.500s, real 0.238s)
c0 done (CPU 2, target 2.500s, real 0.484s)
c1 start (CPU 0) at 0.511s
c1 done (CPU 0, target 2.200s, real 0.304s)
c2 start (CPU 3) at 0.815s
c2 done (CPU 3, target 2.000s, real 0.280s)
c3 start (CPU 0) at 1.096s
c3 done (CPU 0, target 1.800s, real 0.252s)
c4 start (CPU 2) at 1.348s
c4 done (CPU 2, target 1.600s, real 0.221s)
Program total time: 1.569s
all threads done

[stderr]
PROGRAM_TOTAL_NS=1569071623

=== prio run (rc=0) ===
f0 start (CPU 1) at 0.000s
f1 start (CPU 2) at 0.000s
f2 start (CPU 3) at 0.000s
f4 start (CPU 1) at 0.000s
f10 start (CPU 1) at 0.000s
f3 start (CPU 2) at 0.000s
f11 start (CPU 2) at 0.000s
c0 start (CPU 1) at 0.000s
f11 done (CPU 2, target 0.300s, real 0.044s)
f10 done (CPU 0, target 0.500s, real 0.072s)
f0 done (CPU 3, target 0.500s, real 0.084s)
f5 start (CPU 3) at 0.084s
f1 done (CPU 2, target 0.500s, real 0.119s)
f9 start (CPU 2) at 0.119s
f2 done (CPU 0, target 0.500s, real 0.147s)
f6 start (CPU 0) at 0.147s
f3 done (CPU 3, target 0.500s, real 0.157s)
f7 start (CPU 3) at 0.158s
f4 done (CPU 2, target 0.500s, real 0.193s)
f8 start (CPU 2) at 0.194s
f5 done (CPU 0, target 0.500s, real 0.138s)
f6 done (CPU 3, target 0.500s, real 0.086s)
f7 done (CPU 2, target 0.500s, real 0.111s)
f8 done (CPU 0, target 0.500s, real 0.103s)
f9 done (CPU 3, target 0.500s, real 0.192s)
c0 done (CPU 1, target 2.500s, real 0.375s)
c1 start (CPU 1) at 0.375s
c1 done (CPU 1, target 2.200s, real 0.326s)
c2 start (CPU 2) at 0.702s
c2 done (CPU 2, target 2.000s, real 0.277s)
c3 start (CPU 3) at 0.979s
c3 done (CPU 3, target 1.800s, real 0.255s)
c4 start (CPU 2) at 1.234s
c4 done (CPU 2, target 1.600s, real 0.220s)
Program total time: 1.454s
all threads done

[stderr]
PROGRAM_TOTAL_NS=1454369991

=== baseline run (rc=0) ===
f0 start (CPU 1) at 0.000s
f1 start (CPU 2) at 0.000s
f3 start (CPU 0) at 0.000s
f4 start (CPU 3) at 0.000s
f5 start (CPU 0) at 0.009s
f9 start (CPU 1) at 0.009s
f6 start (CPU 0) at 0.013s
f2 start (CPU 2) at 0.000s
f8 start (CPU 1) at 0.009s
f11 start (CPU 0) at 0.017s
f7 start (CPU 1) at 0.009s
f10 start (CPU 1) at 0.021s
c0 start (CPU 0) at 0.021s
f4 done (CPU 3, target 0.500s, real 0.096s)
f1 done (CPU 2, target 0.500s, real 0.099s)
f2 done (CPU 3, target 0.500s, real 0.160s)
f0 done (CPU 3, target 0.500s, real 0.183s)
f11 done (CPU 0, target 0.300s, real 0.182s)
f3 done (CPU 0, target 0.500s, real 0.231s)
f9 done (CPU 1, target 0.500s, real 0.228s)
f6 done (CPU 0, target 0.500s, real 0.231s)
f10 done (CPU 2, target 0.500s, real 0.223s)
f8 done (CPU 0, target 0.500s, real 0.237s)
f7 done (CPU 2, target 0.500s, real 0.243s)
f5 done (CPU 1, target 0.500s, real 0.247s)
c0 done (CPU 3, target 2.500s, real 0.482s)
c1 start (CPU 0) at 0.504s
c1 done (CPU 0, target 2.200s, real 0.303s)
c2 start (CPU 3) at 0.807s
c2 done (CPU 3, target 2.000s, real 0.278s)
c3 start (CPU 0) at 1.084s
c3 done (CPU 2, target 1.800s, real 0.250s)
c4 start (CPU 0) at 1.334s
c4 done (CPU 2, target 1.600s, real 0.221s)
Program total time: 1.555s
all threads done

[stderr]
PROGRAM_TOTAL_NS=1555325263

=== prio run (rc=0) ===
f0 start (CPU 0) at 0.000s
f1 start (CPU 2) at 0.000s
f2 start (CPU 3) at 0.000s
f4 start (CPU 0) at 0.000s
f3 start (CPU 2) at 0.000s
f10 start (CPU 3) at 0.000s
c0 start (CPU 3) at 0.000s
f11 start (CPU 2) at 0.000s
f11 done (CPU 2, target 0.300s, real 0.042s)
f10 done (CPU 1, target 0.500s, real 0.072s)
f0 done (CPU 0, target 0.500s, real 0.073s)
f1 done (CPU 2, target 0.500s, real 0.117s)
f6 start (CPU 2) at 0.117s
f3 done (CPU 0, target 0.500s, real 0.147s)
f2 done (CPU 1, target 0.500s, real 0.148s)
f5 start (CPU 0) at 0.148s
f4 done (CPU 2, target 0.500s, real 0.193s)
f9 start (CPU 2) at 0.194s
f7 start (CPU 2) at 0.194s
f6 done (CPU 1, target 0.500s, real 0.105s)
f8 start (CPU 1) at 0.223s
f5 done (CPU 0, target 0.500s, real 0.075s)
f7 done (CPU 2, target 0.500s, real 0.075s)
f8 done (CPU 1, target 0.500s, real 0.075s)
f9 done (CPU 0, target 0.500s, real 0.105s)
c0 done (CPU 3, target 2.500s, real 0.375s)
c1 start (CPU 2) at 0.375s
c1 done (CPU 2, target 2.200s, real 0.319s)
c2 start (CPU 3) at 0.694s
c2 done (CPU 3, target 2.000s, real 0.279s)
c3 start (CPU 2) at 0.973s
c3 done (CPU 2, target 1.800s, real 0.249s)
c4 start (CPU 3) at 1.221s
c4 done (CPU 3, target 1.600s, real 0.221s)
Program total time: 1.443s
all threads done

[stderr]
PROGRAM_TOTAL_NS=1443026756

=== baseline run (rc=0) ===
f0 start (CPU 0) at 0.000s
f1 start (CPU 2) at 0.000s
f3 start (CPU 1) at 0.000s
f2 start (CPU 3) at 0.000s
f6 start (CPU 0) at 0.015s
f4 start (CPU 1) at 0.015s
f7 start (CPU 0) at 0.019s
f5 start (CPU 1) at 0.019s
f10 start (CPU 1) at 0.023s
f8 start (CPU 0) at 0.023s
f11 start (CPU 1) at 0.027s
f9 start (CPU 0) at 0.027s
c0 start (CPU 1) at 0.031s
f1 done (CPU 2, target 0.500s, real 0.074s)
f2 done (CPU 3, target 0.500s, real 0.074s)
f4 done (CPU 3, target 0.500s, real 0.123s)
f6 done (CPU 2, target 0.500s, real 0.144s)
f11 done (CPU 2, target 0.300s, real 0.138s)
f0 done (CPU 2, target 0.500s, real 0.206s)
f3 done (CPU 1, target 0.500s, real 0.230s)
f10 done (CPU 2, target 0.500s, real 0.216s)
f5 done (CPU 1, target 0.500s, real 0.234s)
f9 done (CPU 1, target 0.500s, real 0.233s)
f7 done (CPU 0, target 0.500s, real 0.245s)
f8 done (CPU 2, target 0.500s, real 0.245s)
c0 done (CPU 3, target 2.500s, real 0.471s)
c1 start (CPU 0) at 0.502s
c1 done (CPU 2, target 2.200s, real 0.305s)
c2 start (CPU 0) at 0.807s
c2 done (CPU 2, target 2.000s, real 0.282s)
c3 start (CPU 0) at 1.089s
c3 done (CPU 0, target 1.800s, real 0.250s)
c4 start (CPU 2) at 1.338s
c4 done (CPU 2, target 1.600s, real 0.220s)
Program total time: 1.559s
all threads done

[stderr]
PROGRAM_TOTAL_NS=1558601074

=== prio run (rc=0) ===
f0 start (CPU 1) at 0.000s
f2 start (CPU 3) at 0.000s
f5 start (CPU 1) at 0.000s
f3 start (CPU 2) at 0.000s
f1 start (CPU 2) at 0.000s
f10 start (CPU 1) at 0.000s
f11 start (CPU 3) at 0.000s
c0 start (CPU 3) at 0.000s
f11 done (CPU 0, target 0.300s, real 0.043s)
f0 done (CPU 2, target 0.500s, real 0.073s)
f10 done (CPU 1, target 0.500s, real 0.073s)
f1 done (CPU 0, target 0.500s, real 0.118s)
f4 start (CPU 0) at 0.118s
f2 done (CPU 2, target 0.500s, real 0.147s)
f3 done (CPU 1, target 0.500s, real 0.148s)
f7 start (CPU 1) at 0.148s
f6 start (CPU 1) at 0.148s
f4 done (CPU 0, target 0.500s, real 0.075s)
f5 done (CPU 2, target 0.500s, real 0.222s)
f8 start (CPU 2) at 0.222s
f6 done (CPU 1, target 0.500s, real 0.075s)
f9 start (CPU 1) at 0.223s
f7 done (CPU 0, target 0.500s, real 0.120s)
f8 done (CPU 2, target 0.500s, real 0.074s)
f9 done (CPU 1, target 0.500s, real 0.077s)
c0 done (CPU 3, target 2.500s, real 0.375s)
c1 start (CPU 2) at 0.375s
c1 done (CPU 2, target 2.200s, real 0.316s)
c2 start (CPU 3) at 0.691s
c2 done (CPU 3, target 2.000s, real 0.274s)
c3 start (CPU 2) at 0.966s
c3 done (CPU 2, target 1.800s, real 0.249s)
c4 start (CPU 3) at 1.214s
c4 done (CPU 3, target 1.600s, real 0.221s)
Program total time: 1.435s
all threads done

[stderr]
PROGRAM_TOTAL_NS=1435413580

=== baseline run (rc=0) ===
f0 start (CPU 1) at 0.000s
f3 start (CPU 0) at 0.000s
f4 start (CPU 2) at 0.000s
f7 start (CPU 3) at 0.000s
f2 start (CPU 3) at 0.000s
f1 start (CPU 2) at 0.000s
f5 start (CPU 0) at 0.014s
f6 start (CPU 0) at 0.018s
f8 start (CPU 0) at 0.022s
c0 start (CPU 0) at 0.026s
f9 start (CPU 1) at 0.030s
f10 start (CPU 1) at 0.034s
f11 start (CPU 1) at 0.038s
f7 done (CPU 3, target 0.500s, real 0.076s)
f1 done (CPU 3, target 0.500s, real 0.105s)
f4 done (CPU 2, target 0.500s, real 0.122s)
f0 done (CPU 3, target 0.500s, real 0.156s)
f11 done (CPU 1, target 0.300s, real 0.165s)
f10 done (CPU 3, target 0.500s, real 0.173s)
f9 done (CPU 3, target 0.500s, real 0.196s)
f2 done (CPU 1, target 0.500s, real 0.238s)
f8 done (CPU 1, target 0.500s, real 0.224s)
f3 done (CPU 0, target 0.500s, real 0.248s)
f6 done (CPU 3, target 0.500s, real 0.231s)
f5 done (CPU 0, target 0.500s, real 0.237s)
c0 done (CPU 2, target 2.500s, real 0.480s)
c1 start (CPU 0) at 0.506s
c1 done (CPU 0, target 2.200s, real 0.303s)
c2 start (CPU 2) at 0.809s
c2 done (CPU 2, target 2.000s, real 0.278s)
c3 start (CPU 0) at 1.087s
c3 done (CPU 2, target 1.800s, real 0.250s)
c4 start (CPU 0) at 1.337s
c4 done (CPU 0, target 1.600s, real 0.221s)
Program total time: 1.558s
all threads done

[stderr]
PROGRAM_TOTAL_NS=1558454799

=== prio run (rc=0) ===
f0 start (CPU 0) at 0.000s
f1 start (CPU 2) at 0.000s
f2 start (CPU 3) at 0.000s
f3 start (CPU 2) at 0.000s
f10 start (CPU 3) at 0.000s
f11 start (CPU 2) at 0.000s
c0 start (CPU 3) at 0.000s
f11 done (CPU 2, target 0.300s, real 0.042s)
f0 done (CPU 0, target 0.500s, real 0.071s)
f10 done (CPU 1, target 0.500s, real 0.072s)
f1 done (CPU 2, target 0.500s, real 0.116s)
f4 start (CPU 2) at 0.117s
f2 done (CPU 0, target 0.500s, real 0.148s)
f6 start (CPU 0) at 0.148s
f5 start (CPU 0) at 0.148s
f3 done (CPU 1, target 0.500s, real 0.152s)
f4 done (CPU 2, target 0.500s, real 0.098s)
f8 start (CPU 2) at 0.215s
f7 start (CPU 2) at 0.215s
f5 done (CPU 0, target 0.500s, real 0.075s)
f6 done (CPU 1, target 0.500s, real 0.104s)
f9 start (CPU 1) at 0.252s
f7 done (CPU 2, target 0.500s, real 0.083s)
f8 done (CPU 0, target 0.500s, real 0.085s)
f9 done (CPU 1, target 0.500s, real 0.078s)
c0 done (CPU 3, target 2.500s, real 0.376s)
c1 start (CPU 2) at 0.377s
c1 done (CPU 2, target 2.200s, real 0.321s)
c2 start (CPU 3) at 0.698s
c2 done (CPU 3, target 2.000s, real 0.278s)
c3 start (CPU 2) at 0.977s
c3 done (CPU 2, target 1.800s, real 0.247s)
c4 start (CPU 3) at 1.224s
c4 done (CPU 3, target 1.600s, real 0.221s)
Program total time: 1.446s
all threads done

[stderr]
PROGRAM_TOTAL_NS=1445793724

=== baseline run (rc=0) ===
f1 start (CPU 2) at 0.000s
f0 start (CPU 0) at 0.000s
f2 start (CPU 1) at 0.000s
f7 start (CPU 3) at 0.000s
f4 start (CPU 0) at 0.015s
f3 start (CPU 1) at 0.015s
f5 start (CPU 0) at 0.019s
f6 start (CPU 1) at 0.019s
f8 start (CPU 1) at 0.023s
f10 start (CPU 0) at 0.023s
f9 start (CPU 1) at 0.027s
f11 start (CPU 0) at 0.027s
c0 start (CPU 0) at 0.031s
f1 done (CPU 2, target 0.500s, real 0.076s)
f7 done (CPU 3, target 0.500s, real 0.076s)
f11 done (CPU 2, target 0.300s, real 0.089s)
f9 done (CPU 3, target 0.500s, real 0.115s)
f10 done (CPU 3, target 0.500s, real 0.170s)
f0 done (CPU 0, target 0.500s, real 0.204s)
f4 done (CPU 0, target 0.500s, real 0.201s)
f5 done (CPU 2, target 0.500s, real 0.203s)
f2 done (CPU 2, target 0.500s, real 0.235s)
f3 done (CPU 0, target 0.500s, real 0.238s)
f6 done (CPU 1, target 0.500s, real 0.240s)
f8 done (CPU 2, target 0.500s, real 0.242s)
c0 done (CPU 3, target 2.500s, real 0.473s)
c1 start (CPU 0) at 0.504s
c1 done (CPU 0, target 2.200s, real 0.303s)
c2 start (CPU 3) at 0.807s
c2 done (CPU 3, target 2.000s, real 0.285s)
c3 start (CPU 0) at 1.093s
c3 done (CPU 2, target 1.800s, real 0.259s)
c4 start (CPU 0) at 1.352s
c4 done (CPU 2, target 1.600s, real 0.229s)
Program total time: 1.582s
all threads done

[stderr]
PROGRAM_TOTAL_NS=1581617548

=== prio run (rc=0) ===
f0 start (CPU 1) at 0.000s
f2 start (CPU 3) at 0.000s
f4 start (CPU 1) at 0.000s
f3 start (CPU 2) at 0.000s
f10 start (CPU 2) at 0.000s
f11 start (CPU 1) at 0.000s
c0 start (CPU 2) at 0.000s
f11 done (CPU 1, target 0.300s, real 0.054s)
f1 start (CPU 2) at 0.000s
f10 done (CPU 0, target 0.500s, real 0.080s)
f0 done (CPU 3, target 0.500s, real 0.085s)
f6 start (CPU 3) at 0.085s
f1 done (CPU 1, target 0.500s, real 0.132s)
f5 start (CPU 1) at 0.132s
f3 done (CPU 3, target 0.500s, real 0.170s)
f2 done (CPU 0, target 0.500s, real 0.174s)
f7 start (CPU 0) at 0.174s
f4 done (CPU 1, target 0.500s, real 0.222s)
f9 start (CPU 1) at 0.222s
f6 done (CPU 0, target 0.500s, real 0.173s)
f8 start (CPU 0) at 0.259s
f5 done (CPU 3, target 0.500s, real 0.129s)
f7 done (CPU 1, target 0.500s, real 0.126s)
f8 done (CPU 0, target 0.500s, real 0.076s)
f9 done (CPU 3, target 0.500s, real 0.127s)
c0 done (CPU 2, target 2.500s, real 0.410s)
c1 start (CPU 3) at 0.410s
c1 done (CPU 3, target 2.200s, real 0.319s)
c2 start (CPU 2) at 0.729s
c2 done (CPU 2, target 2.000s, real 0.291s)
c3 start (CPU 3) at 1.020s
c3 done (CPU 3, target 1.800s, real 0.264s)
c4 start (CPU 2) at 1.284s
c4 done (CPU 2, target 1.600s, real 0.230s)
Program total time: 1.514s
all threads done

[stderr]
PROGRAM_TOTAL_NS=1513829049

=== baseline run (rc=0) ===
f0 start (CPU 1) at 0.000s
f1 start (CPU 2) at 0.000s
f2 start (CPU 0) at 0.000s
f7 start (CPU 3) at 0.000s
f8 start (CPU 1) at 0.013s
f11 start (CPU 0) at 0.013s
f9 start (CPU 1) at 0.017s
c0 start (CPU 0) at 0.017s
f3 start (CPU 0) at 0.021s
f10 start (CPU 1) at 0.021s
f5 start (CPU 1) at 0.025s
f4 start (CPU 0) at 0.025s
f6 start (CPU 1) at 0.033s
f1 done (CPU 2, target 0.500s, real 0.076s)
f7 done (CPU 3, target 0.500s, real 0.076s)
f4 done (CPU 3, target 0.500s, real 0.115s)
f11 done (CPU 2, target 0.300s, real 0.154s)
f5 done (CPU 2, target 0.500s, real 0.142s)
f8 done (CPU 3, target 0.500s, real 0.176s)
f2 done (CPU 2, target 0.500s, real 0.202s)
f9 done (CPU 3, target 0.500s, real 0.203s)
f0 done (CPU 3, target 0.500s, real 0.228s)
f6 done (CPU 1, target 0.500s, real 0.203s)
f3 done (CPU 2, target 0.500s, real 0.216s)
f10 done (CPU 0, target 0.500s, real 0.248s)
c0 done (CPU 2, target 2.500s, real 0.527s)
c1 start (CPU 0) at 0.543s
c1 done (CPU 2, target 2.200s, real 0.303s)
c2 start (CPU 0) at 0.846s
c2 done (CPU 0, target 2.000s, real 0.281s)
c3 start (CPU 2) at 1.127s
c3 done (CPU 2, target 1.800s, real 0.248s)
c4 start (CPU 1) at 1.375s
c4 done (CPU 1, target 1.600s, real 0.220s)
Program total time: 1.595s
all threads done

[stderr]
PROGRAM_TOTAL_NS=1595377279

=== prio run (rc=0) ===
f0 start (CPU 1) at 0.000s
f1 start (CPU 2) at 0.000s
f2 start (CPU 3) at 0.000s
f10 start (CPU 3) at 0.001s
f11 start (CPU 0) at 0.001s
c0 start (CPU 2) at 0.001s
f11 done (CPU 0, target 0.300s, real 0.043s)
f10 done (CPU 3, target 0.500s, real 0.073s)
f0 done (CPU 1, target 0.500s, real 0.076s)
f3 start (CPU 2) at 0.000s
f1 done (CPU 0, target 0.500s, real 0.117s)
f4 start (CPU 0) at 0.118s
f2 done (CPU 3, target 0.500s, real 0.149s)
f5 start (CPU 3) at 0.149s
f3 done (CPU 1, target 0.500s, real 0.152s)
f6 start (CPU 1) at 0.152s
f4 done (CPU 0, target 0.500s, real 0.075s)
f7 start (CPU 0) at 0.192s
f5 done (CPU 3, target 0.500s, real 0.076s)
f8 start (CPU 3) at 0.225s
f6 done (CPU 1, target 0.500s, real 0.075s)
f9 start (CPU 1) at 0.227s
f7 done (CPU 0, target 0.500s, real 0.075s)
f8 done (CPU 3, target 0.500s, real 0.075s)
f9 done (CPU 1, target 0.500s, real 0.077s)
c0 done (CPU 2, target 2.500s, real 0.382s)
c1 start (CPU 3) at 0.382s
c1 done (CPU 3, target 2.200s, real 0.305s)
c2 start (CPU 2) at 0.687s
c2 done (CPU 2, target 2.000s, real 0.277s)
c3 start (CPU 3) at 0.964s
c3 done (CPU 3, target 1.800s, real 0.246s)
c4 start (CPU 2) at 1.211s
c4 done (CPU 2, target 1.600s, real 0.229s)
Program total time: 1.440s
all threads done

[stderr]
PROGRAM_TOTAL_NS=1440069617

=== baseline run (rc=0) ===
f0 start (CPU 1) at 0.000s
f1 start (CPU 3) at 0.000s
f2 start (CPU 0) at 0.000s
f7 start (CPU 2) at 0.001s
f3 start (CPU 0) at 0.003s
f5 start (CPU 1) at 0.019s
f6 start (CPU 1) at 0.023s
f8 start (CPU 1) at 0.031s
f4 start (CPU 0) at 0.031s
f9 start (CPU 1) at 0.035s
f11 start (CPU 0) at 0.035s
f10 start (CPU 1) at 0.039s
c0 start (CPU 0) at 0.039s
f1 done (CPU 3, target 0.500s, real 0.075s)
f7 done (CPU 2, target 0.500s, real 0.083s)
f6 done (CPU 3, target 0.500s, real 0.119s)
f4 done (CPU 3, target 0.500s, real 0.160s)
f3 done (CPU 3, target 0.500s, real 0.195s)
f11 done (CPU 2, target 0.300s, real 0.188s)
f9 done (CPU 3, target 0.500s, real 0.196s)
f8 done (CPU 0, target 0.500s, real 0.208s)
f0 done (CPU 0, target 0.500s, real 0.243s)
f2 done (CPU 2, target 0.500s, real 0.243s)
f5 done (CPU 1, target 0.500s, real 0.252s)
f10 done (CPU 0, target 0.500s, real 0.237s)
c0 done (CPU 2, target 2.500s, real 0.481s)
c1 start (CPU 0) at 0.520s
c1 done (CPU 2, target 2.200s, real 0.303s)
c2 start (CPU 0) at 0.823s
c2 done (CPU 2, target 2.000s, real 0.286s)
c3 start (CPU 0) at 1.110s
c3 done (CPU 0, target 1.800s, real 0.248s)
c4 start (CPU 2) at 1.357s
c4 done (CPU 2, target 1.600s, real 0.221s)
Program total time: 1.579s
all threads done

[stderr]
PROGRAM_TOTAL_NS=1578662801

=== prio run (rc=0) ===
f1 start (CPU 2) at 0.000s
f0 start (CPU 0) at 0.000s
f2 start (CPU 3) at 0.000s
f3 start (CPU 2) at 0.000s
f10 start (CPU 2) at 0.000s
f11 start (CPU 3) at 0.000s
c0 start (CPU 2) at 0.000s
f11 done (CPU 3, target 0.300s, real 0.043s)
f0 done (CPU 0, target 0.500s, real 0.072s)
f10 done (CPU 1, target 0.500s, real 0.073s)
f1 done (CPU 3, target 0.500s, real 0.118s)
f6 start (CPU 3) at 0.118s
f4 start (CPU 3) at 0.118s
f2 done (CPU 0, target 0.500s, real 0.147s)
f5 start (CPU 0) at 0.148s
f3 done (CPU 1, target 0.500s, real 0.148s)
f7 start (CPU 1) at 0.149s
f4 done (CPU 3, target 0.500s, real 0.075s)
f5 done (CPU 0, target 0.500s, real 0.075s)
f8 start (CPU 0) at 0.223s
f6 done (CPU 1, target 0.500s, real 0.106s)
f9 start (CPU 1) at 0.224s
f7 done (CPU 3, target 0.500s, real 0.120s)
f8 done (CPU 0, target 0.500s, real 0.075s)
f9 done (CPU 1, target 0.500s, real 0.074s)
c0 done (CPU 2, target 2.500s, real 0.374s)
c1 start (CPU 3) at 0.374s
c1 done (CPU 3, target 2.200s, real 0.306s)
c2 start (CPU 2) at 0.680s
c2 done (CPU 2, target 2.000s, real 0.277s)
c3 start (CPU 3) at 0.957s
c3 done (CPU 3, target 1.800s, real 0.247s)
c4 start (CPU 2) at 1.204s
c4 done (CPU 2, target 1.600s, real 0.233s)
Program total time: 1.437s
all threads done

[stderr]
PROGRAM_TOTAL_NS=1437372706

=== baseline run (rc=0) ===
f0 start (CPU 0) at 0.000s
f2 start (CPU 1) at 0.000s
f1 start (CPU 3) at 0.000s
f3 start (CPU 2) at 0.000s
f5 start (CPU 1) at 0.016s
f6 start (CPU 1) at 0.016s
f4 start (CPU 3) at 0.017s
f7 start (CPU 0) at 0.017s
f8 start (CPU 0) at 0.021s
f11 start (CPU 1) at 0.021s
f9 start (CPU 0) at 0.025s
c0 start (CPU 1) at 0.025s
f10 start (CPU 0) at 0.033s
f3 done (CPU 2, target 0.500s, real 0.081s)
f1 done (CPU 2, target 0.500s, real 0.115s)
f4 done (CPU 3, target 0.500s, real 0.106s)
f2 done (CPU 3, target 0.500s, real 0.174s)
f7 done (CPU 3, target 0.500s, real 0.195s)
f11 done (CPU 1, target 0.300s, real 0.196s)
f0 done (CPU 3, target 0.500s, real 0.219s)
f10 done (CPU 2, target 0.500s, real 0.194s)
f8 done (CPU 3, target 0.500s, real 0.210s)
f5 done (CPU 1, target 0.500s, real 0.234s)
f9 done (CPU 0, target 0.500s, real 0.227s)
f6 done (CPU 3, target 0.500s, real 0.237s)
c0 done (CPU 2, target 2.500s, real 0.514s)
c1 start (CPU 0) at 0.539s
c1 done (CPU 2, target 2.200s, real 0.312s)
c2 start (CPU 0) at 0.851s
c2 done (CPU 2, target 2.000s, real 0.284s)
c3 start (CPU 0) at 1.136s
c3 done (CPU 2, target 1.800s, real 0.267s)
c4 start (CPU 0) at 1.403s
c4 done (CPU 2, target 1.600s, real 0.224s)
Program total time: 1.627s
all threads done

[stderr]
PROGRAM_TOTAL_NS=1627488973

=== prio run (rc=0) ===
f1 start (CPU 2) at 0.000s
f2 start (CPU 1) at 0.000s
f0 start (CPU 1) at 0.000s
f3 start (CPU 2) at 0.000s
f4 start (CPU 1) at 0.000s
f10 start (CPU 2) at 0.000s
f11 start (CPU 1) at 0.000s
c0 start (CPU 1) at 0.000s
f11 done (CPU 0, target 0.300s, real 0.045s)
f10 done (CPU 2, target 0.500s, real 0.073s)
f0 done (CPU 3, target 0.500s, real 0.074s)
f1 done (CPU 0, target 0.500s, real 0.120s)
f7 start (CPU 0) at 0.120s
f5 start (CPU 0) at 0.120s
f2 done (CPU 2, target 0.500s, real 0.147s)
f6 start (CPU 2) at 0.148s
f3 done (CPU 3, target 0.500s, real 0.153s)
f4 done (CPU 0, target 0.500s, real 0.195s)
f9 start (CPU 0) at 0.195s
f8 start (CPU 0) at 0.195s
f5 done (CPU 2, target 0.500s, real 0.108s)
f6 done (CPU 3, target 0.500s, real 0.086s)
f7 done (CPU 0, target 0.500s, real 0.150s)
f9 done (CPU 3, target 0.500s, real 0.120s)
f8 done (CPU 2, target 0.500s, real 0.120s)
c0 done (CPU 1, target 2.500s, real 0.390s)
c1 start (CPU 2) at 0.390s
c1 done (CPU 2, target 2.200s, real 0.307s)
c2 start (CPU 3) at 0.697s
c2 done (CPU 3, target 2.000s, real 0.276s)
c3 start (CPU 2) at 0.974s
c3 done (CPU 2, target 1.800s, real 0.252s)
c4 start (CPU 3) at 1.226s
c4 done (CPU 3, target 1.600s, real 0.229s)
Program total time: 1.455s
all threads done

[stderr]
PROGRAM_TOTAL_NS=1455388894

=== baseline run (rc=0) ===
f0 start (CPU 1) at 0.000s
f1 start (CPU 2) at 0.000s
f2 start (CPU 0) at 0.000s
f3 start (CPU 3) at 0.000s
f7 start (CPU 1) at 0.015s
f11 start (CPU 0) at 0.016s
f5 start (CPU 0) at 0.015s
f9 start (CPU 1) at 0.019s
f4 start (CPU 2) at 0.015s
f10 start (CPU 1) at 0.023s
c0 start (CPU 0) at 0.024s
f6 start (CPU 0) at 0.016s
f8 start (CPU 1) at 0.019s
f3 done (CPU 3, target 0.500s, real 0.089s)
f4 done (CPU 3, target 0.500s, real 0.131s)
f6 done (CPU 3, target 0.500s, real 0.176s)
f11 done (CPU 0, target 0.300s, real 0.178s)
f1 done (CPU 2, target 0.500s, real 0.213s)
f8 done (CPU 2, target 0.500s, real 0.201s)
f5 done (CPU 3, target 0.500s, real 0.216s)
f2 done (CPU 0, target 0.500s, real 0.232s)
f0 done (CPU 2, target 0.500s, real 0.245s)
f10 done (CPU 1, target 0.500s, real 0.233s)
f9 done (CPU 3, target 0.500s, real 0.237s)
f7 done (CPU 2, target 0.500s, real 0.245s)
c0 done (CPU 0, target 2.500s, real 0.505s)
c1 start (CPU 2) at 0.528s
c1 done (CPU 2, target 2.200s, real 0.312s)
c2 start (CPU 0) at 0.841s
c2 done (CPU 2, target 2.000s, real 0.280s)
c3 start (CPU 0) at 1.121s
c3 done (CPU 2, target 1.800s, real 0.249s)
c4 start (CPU 1) at 1.369s
c4 done (CPU 1, target 1.600s, real 0.222s)
Program total time: 1.591s
all threads done

[stderr]
PROGRAM_TOTAL_NS=1591419844

=== prio run (rc=0) ===
f0 start (CPU 1) at 0.000s
f1 start (CPU 2) at 0.000s
f2 start (CPU 3) at 0.000s
f6 start (CPU 1) at 0.000s
f4 start (CPU 3) at 0.000s
f10 start (CPU 1) at 0.000s
c0 start (CPU 1) at 0.000s
f11 start (CPU 3) at 0.000s
f11 done (CPU 3, target 0.300s, real 0.047s)
f0 done (CPU 2, target 0.500s, real 0.074s)
f3 start (CPU 2) at 0.074s
f10 done (CPU 0, target 0.500s, real 0.084s)
f1 done (CPU 3, target 0.500s, real 0.122s)
f2 done (CPU 2, target 0.500s, real 0.149s)
f5 start (CPU 2) at 0.150s
f3 done (CPU 0, target 0.500s, real 0.087s)
f4 done (CPU 3, target 0.500s, real 0.198s)
f7 start (CPU 3) at 0.198s
f5 done (CPU 2, target 0.500s, real 0.075s)
f8 start (CPU 2) at 0.225s
f6 done (CPU 0, target 0.500s, real 0.235s)
f9 start (CPU 0) at 0.236s
f7 done (CPU 3, target 0.500s, real 0.075s)
f8 done (CPU 2, target 0.500s, real 0.075s)
f9 done (CPU 0, target 0.500s, real 0.075s)
c0 done (CPU 1, target 2.500s, real 0.376s)
c1 start (CPU 1) at 0.376s
c1 done (CPU 1, target 2.200s, real 0.314s)
c2 start (CPU 2) at 0.690s
c2 done (CPU 2, target 2.000s, real 0.279s)
c3 start (CPU 3) at 0.969s
c3 done (CPU 3, target 1.800s, real 0.251s)
c4 start (CPU 2) at 1.220s
c4 done (CPU 2, target 1.600s, real 0.221s)
Program total time: 1.440s
all threads done

[stderr]
PROGRAM_TOTAL_NS=1440492368

=== baseline run (rc=0) ===
f0 start (CPU 1) at 0.000s
f1 start (CPU 3) at 0.000s
f2 start (CPU 0) at 0.000s
f7 start (CPU 2) at 0.000s
f3 start (CPU 0) at 0.002s
f5 start (CPU 1) at 0.013s
f6 start (CPU 1) at 0.018s
f8 start (CPU 1) at 0.022s
f4 start (CPU 0) at 0.025s
f11 start (CPU 0) at 0.029s
f9 start (CPU 1) at 0.029s
f10 start (CPU 1) at 0.033s
c0 start (CPU 0) at 0.033s
f1 done (CPU 3, target 0.500s, real 0.074s)
f7 done (CPU 2, target 0.500s, real 0.074s)
f9 done (CPU 1, target 0.500s, real 0.135s)
f8 done (CPU 3, target 0.500s, real 0.159s)
f11 done (CPU 0, target 0.300s, real 0.154s)
f4 done (CPU 1, target 0.500s, real 0.175s)
f2 done (CPU 1, target 0.500s, real 0.210s)
f0 done (CPU 2, target 0.500s, real 0.232s)
f3 done (CPU 2, target 0.500s, real 0.233s)
f5 done (CPU 1, target 0.500s, real 0.226s)
f10 done (CPU 2, target 0.500s, real 0.210s)
f6 done (CPU 3, target 0.500s, real 0.227s)
c0 done (CPU 0, target 2.500s, real 0.474s)
c1 start (CPU 2) at 0.508s
c1 done (CPU 2, target 2.200s, real 0.313s)
c2 start (CPU 0) at 0.821s
c2 done (CPU 2, target 2.000s, real 0.277s)
c3 start (CPU 0) at 1.099s
c3 done (CPU 2, target 1.800s, real 0.249s)
c4 start (CPU 0) at 1.348s
c4 done (CPU 0, target 1.600s, real 0.221s)
Program total time: 1.569s
all threads done

[stderr]
PROGRAM_TOTAL_NS=1569217572

=== prio run (rc=0) ===
f1 start (CPU 2) at 0.000s
f0 start (CPU 1) at 0.000s
f8 start (CPU 0) at 0.001s
c0 start (CPU 2) at 0.001s
f10 start (CPU 0) at 0.000s
f11 start (CPU 2) at 0.001s
f11 done (CPU 3, target 0.300s, real 0.042s)
f10 done (CPU 0, target 0.500s, real 0.072s)
f2 start (CPU 3) at 0.000s
f0 done (CPU 1, target 0.500s, real 0.074s)
f3 start (CPU 0) at 0.000s
f1 done (CPU 3, target 0.500s, real 0.118s)
f4 start (CPU 3) at 0.000s
f2 done (CPU 0, target 0.500s, real 0.148s)
f5 start (CPU 1) at 0.000s
f3 done (CPU 1, target 0.500s, real 0.149s)
f6 start (CPU 3) at 0.000s
f4 done (CPU 3, target 0.500s, real 0.195s)
f7 start (CPU 1) at 0.001s
f6 done (CPU 1, target 0.500s, real 0.224s)
f5 done (CPU 0, target 0.500s, real 0.226s)
f9 start (CPU 1) at 0.001s
f7 done (CPU 3, target 0.500s, real 0.270s)
f8 done (CPU 1, target 0.500s, real 0.303s)
f9 done (CPU 0, target 0.500s, real 0.305s)
c0 done (CPU 2, target 2.500s, real 0.376s)
c1 start (CPU 3) at 0.377s
c1 done (CPU 3, target 2.200s, real 0.308s)
c2 start (CPU 2) at 0.685s
c2 done (CPU 2, target 2.000s, real 0.278s)
c3 start (CPU 3) at 0.962s
c3 done (CPU 3, target 1.800s, real 0.256s)
c4 start (CPU 2) at 1.219s
c4 done (CPU 2, target 1.600s, real 0.223s)
Program total time: 1.442s
all threads done

[stderr]
PROGRAM_TOTAL_NS=1442452391

=== baseline run (rc=0) ===
f0 start (CPU 1) at 0.000s
f1 start (CPU 0) at 0.000s
f6 start (CPU 3) at 0.000s
f7 start (CPU 2) at 0.000s
f2 start (CPU 0) at 0.015s
f3 start (CPU 1) at 0.015s
f5 start (CPU 0) at 0.019s
f4 start (CPU 1) at 0.019s
c0 start (CPU 1) at 0.023s
f8 start (CPU 0) at 0.023s
f9 start (CPU 0) at 0.027s
f10 start (CPU 0) at 0.031s
f11 start (CPU 0) at 0.036s
f6 done (CPU 3, target 0.500s, real 0.071s)
f7 done (CPU 2, target 0.500s, real 0.074s)
f1 done (CPU 3, target 0.500s, real 0.127s)
f2 done (CPU 2, target 0.500s, real 0.127s)
f11 done (CPU 0, target 0.300s, real 0.157s)
f5 done (CPU 1, target 0.500s, real 0.176s)
f9 done (CPU 0, target 0.500s, real 0.201s)
f10 done (CPU 1, target 0.500s, real 0.200s)
f0 done (CPU 2, target 0.500s, real 0.251s)
f4 done (CPU 1, target 0.500s, real 0.240s)
f3 done (CPU 0, target 0.500s, real 0.244s)
f8 done (CPU 2, target 0.500s, real 0.244s)
c0 done (CPU 3, target 2.500s, real 0.457s)
c1 start (CPU 0) at 0.480s
c1 done (CPU 2, target 2.200s, real 0.311s)
c2 start (CPU 0) at 0.792s
c2 done (CPU 0, target 2.000s, real 0.279s)
c3 start (CPU 2) at 1.070s
c3 done (CPU 2, target 1.800s, real 0.249s)
c4 start (CPU 0) at 1.320s
c4 done (CPU 0, target 1.600s, real 0.221s)
Program total time: 1.541s
all threads done

[stderr]
PROGRAM_TOTAL_NS=1541232670

=== prio run (rc=0) ===
f0 start (CPU 0) at 0.000s
f1 start (CPU 2) at 0.000s
f2 start (CPU 3) at 0.000s
f10 start (CPU 3) at 0.000s
c0 start (CPU 2) at 0.000s
f11 start (CPU 1) at 0.000s
f11 done (CPU 1, target 0.300s, real 0.042s)
f10 done (CPU 3, target 0.500s, real 0.072s)
f0 done (CPU 0, target 0.500s, real 0.073s)
f3 start (CPU 0) at 0.073s
f1 done (CPU 3, target 0.500s, real 0.117s)
f4 start (CPU 3) at 0.117s
f3 done (CPU 0, target 0.500s, real 0.075s)
f5 start (CPU 0) at 0.148s
f2 done (CPU 1, target 0.500s, real 0.148s)
f6 start (CPU 1) at 0.148s
f4 done (CPU 3, target 0.500s, real 0.079s)
f7 start (CPU 3) at 0.196s
f5 done (CPU 0, target 0.500s, real 0.077s)
f8 start (CPU 0) at 0.225s
f6 done (CPU 1, target 0.500s, real 0.081s)
f9 start (CPU 1) at 0.229s
f7 done (CPU 3, target 0.500s, real 0.075s)
f8 done (CPU 0, target 0.500s, real 0.075s)
f9 done (CPU 1, target 0.500s, real 0.075s)
c0 done (CPU 2, target 2.500s, real 0.371s)
c1 start (CPU 3) at 0.372s
c1 done (CPU 3, target 2.200s, real 0.305s)
c2 start (CPU 2) at 0.676s
c2 done (CPU 2, target 2.000s, real 0.276s)
c3 start (CPU 3) at 0.953s
c3 done (CPU 3, target 1.800s, real 0.256s)
c4 start (CPU 2) at 1.208s
c4 done (CPU 2, target 1.600s, real 0.225s)
Program total time: 1.433s
all threads done

[stderr]
PROGRAM_TOTAL_NS=1433390964

=== baseline run (rc=0) ===
f0 start (CPU 2) at 0.000s
f1 start (CPU 1) at 0.000s
f2 start (CPU 3) at 0.000s
c0 start (CPU 0) at 0.000s
f11 start (CPU 0) at 0.002s
f5 start (CPU 1) at 0.010s
f10 start (CPU 0) at 0.010s
f6 start (CPU 1) at 0.014s
f7 start (CPU 3) at 0.010s
f4 start (CPU 0) at 0.018s
f8 start (CPU 1) at 0.018s
f9 start (CPU 1) at 0.022s
f3 start (CPU 0) at 0.038s
f0 done (CPU 2, target 0.500s, real 0.085s)
f7 done (CPU 2, target 0.500s, real 0.107s)
f2 done (CPU 3, target 0.500s, real 0.122s)
f4 done (CPU 0, target 0.500s, real 0.156s)
f9 done (CPU 3, target 0.500s, real 0.156s)
f11 done (CPU 2, target 0.300s, real 0.189s)
f1 done (CPU 0, target 0.500s, real 0.218s)
f8 done (CPU 0, target 0.500s, real 0.228s)
f10 done (CPU 2, target 0.500s, real 0.240s)
f3 done (CPU 2, target 0.500s, real 0.220s)
f6 done (CPU 1, target 0.500s, real 0.248s)
f5 done (CPU 1, target 0.500s, real 0.256s)
c0 done (CPU 3, target 2.500s, real 0.505s)
c1 start (CPU 0) at 0.505s
c1 done (CPU 2, target 2.200s, real 0.312s)
c2 start (CPU 0) at 0.817s
c2 done (CPU 2, target 2.000s, real 0.275s)
c3 start (CPU 0) at 1.092s
c3 done (CPU 2, target 1.800s, real 0.255s)
c4 start (CPU 0) at 1.347s
c4 done (CPU 0, target 1.600s, real 0.233s)
Program total time: 1.580s
all threads done

[stderr]
PROGRAM_TOTAL_NS=1580040482

=== prio run (rc=0) ===
f0 start (CPU 3) at 0.000s
f1 start (CPU 0) at 0.000s
f2 start (CPU 1) at 0.000s
f6 start (CPU 3) at 0.000s
f10 start (CPU 3) at 0.000s
f11 start (CPU 1) at 0.000s
c0 start (CPU 3) at 0.000s
f11 done (CPU 1, target 0.300s, real 0.044s)
f0 done (CPU 0, target 0.500s, real 0.075s)
f3 start (CPU 0) at 0.075s
f10 done (CPU 2, target 0.500s, real 0.075s)
f1 done (CPU 1, target 0.500s, real 0.119s)
f4 start (CPU 1) at 0.119s
f3 done (CPU 2, target 0.500s, real 0.076s)
f5 start (CPU 2) at 0.150s
f2 done (CPU 0, target 0.500s, real 0.152s)
f7 start (CPU 0) at 0.152s
f4 done (CPU 1, target 0.500s, real 0.076s)
f5 done (CPU 2, target 0.500s, real 0.074s)
f8 start (CPU 2) at 0.225s
f6 done (CPU 0, target 0.500s, real 0.227s)
f9 start (CPU 0) at 0.228s
f7 done (CPU 1, target 0.500s, real 0.118s)
f8 done (CPU 2, target 0.500s, real 0.075s)
f9 done (CPU 0, target 0.500s, real 0.075s)
c0 done (CPU 3, target 2.500s, real 0.372s)
c1 start (CPU 3) at 0.373s
c1 done (CPU 3, target 2.200s, real 0.309s)
c2 start (CPU 3) at 0.682s
c2 done (CPU 3, target 2.000s, real 0.297s)
c3 start (CPU 2) at 0.979s
c3 done (CPU 0, target 1.800s, real 0.259s)
c4 start (CPU 1) at 1.238s
c4 done (CPU 1, target 1.600s, real 0.219s)
Program total time: 1.457s
all threads done

[stderr]
PROGRAM_TOTAL_NS=1457081086

=== baseline run (rc=0) ===
f0 start (CPU 3) at 0.000s
f1 start (CPU 0) at 0.000s
f2 start (CPU 2) at 0.000s
f7 start (CPU 1) at 0.000s
f3 start (CPU 2) at 0.014s
f6 start (CPU 3) at 0.015s
f5 start (CPU 3) at 0.014s
f4 start (CPU 2) at 0.019s
f11 start (CPU 2) at 0.022s
f8 start (CPU 3) at 0.026s
c0 start (CPU 2) at 0.026s
f9 start (CPU 3) at 0.030s
f10 start (CPU 3) at 0.034s
f1 done (CPU 0, target 0.500s, real 0.075s)
f7 done (CPU 1, target 0.500s, real 0.079s)
f5 done (CPU 0, target 0.500s, real 0.155s)
f11 done (CPU 2, target 0.300s, real 0.174s)
f0 done (CPU 3, target 0.500s, real 0.242s)
f3 done (CPU 0, target 0.500s, real 0.228s)
f4 done (CPU 0, target 0.500s, real 0.238s)
f2 done (CPU 2, target 0.500s, real 0.257s)
f8 done (CPU 0, target 0.500s, real 0.242s)
f9 done (CPU 0, target 0.500s, real 0.241s)
f10 done (CPU 2, target 0.500s, real 0.238s)
f6 done (CPU 3, target 0.500s, real 0.264s)
c0 done (CPU 1, target 2.500s, real 0.411s)
c1 start (CPU 2) at 0.438s
c1 done (CPU 2, target 2.200s, real 0.313s)
c2 start (CPU 0) at 0.751s
c2 done (CPU 2, target 2.000s, real 0.276s)
c3 start (CPU 0) at 1.027s
c3 done (CPU 2, target 1.800s, real 0.248s)
c4 start (CPU 0) at 1.275s
c4 done (CPU 0, target 1.600s, real 0.220s)
Program total time: 1.495s
all threads done

[stderr]
PROGRAM_TOTAL_NS=1495208316

=== prio run (rc=0) ===
f0 start (CPU 3) at 0.000s
f1 start (CPU 0) at 0.000s
f2 start (CPU 2) at 0.000s
f10 start (CPU 2) at 0.001s
f11 start (CPU 0) at 0.001s
c0 start (CPU 0) at 0.001s
f11 done (CPU 1, target 0.300s, real 0.046s)
f10 done (CPU 2, target 0.500s, real 0.071s)
f0 done (CPU 3, target 0.500s, real 0.072s)
f3 start (CPU 3) at 0.072s
f1 done (CPU 1, target 0.500s, real 0.119s)
f4 start (CPU 1) at 0.119s
f2 done (CPU 2, target 0.500s, real 0.145s)
f5 start (CPU 2) at 0.146s
f3 done (CPU 3, target 0.500s, real 0.076s)
f6 start (CPU 3) at 0.148s
f4 done (CPU 1, target 0.500s, real 0.075s)
f7 start (CPU 1) at 0.194s
f5 done (CPU 2, target 0.500s, real 0.075s)
f8 start (CPU 2) at 0.221s
f6 done (CPU 3, target 0.500s, real 0.076s)
f9 start (CPU 3) at 0.225s
f7 done (CPU 1, target 0.500s, real 0.075s)
f8 done (CPU 2, target 0.500s, real 0.075s)
f9 done (CPU 3, target 0.500s, real 0.075s)
c0 done (CPU 0, target 2.500s, real 0.371s)
c1 start (CPU 2) at 0.372s
c1 done (CPU 2, target 2.200s, real 0.308s)
c2 start (CPU 3) at 0.680s
c2 done (CPU 3, target 2.000s, real 0.282s)
c3 start (CPU 2) at 0.962s
c3 done (CPU 2, target 1.800s, real 0.258s)
c4 start (CPU 3) at 1.220s
c4 done (CPU 3, target 1.600s, real 0.225s)
Program total time: 1.446s
all threads done

[stderr]
PROGRAM_TOTAL_NS=1445802309

=== baseline run (rc=0) ===
f0 start (CPU 0) at 0.000s
f1 start (CPU 2) at 0.000s
f6 start (CPU 3) at 0.001s
f2 start (CPU 1) at 0.000s
f7 start (CPU 0) at 0.011s
f9 start (CPU 1) at 0.011s
f8 start (CPU 0) at 0.015s
f10 start (CPU 1) at 0.015s
f11 start (CPU 0) at 0.019s
f3 start (CPU 2) at 0.015s
c0 start (CPU 0) at 0.023s
f5 start (CPU 2) at 0.015s
f4 start (CPU 1) at 0.027s
f6 done (CPU 3, target 0.500s, real 0.074s)
f5 done (CPU 3, target 0.500s, real 0.113s)
f1 done (CPU 3, target 0.500s, real 0.148s)
f3 done (CPU 2, target 0.500s, real 0.138s)
f7 done (CPU 3, target 0.500s, real 0.183s)
f9 done (CPU 1, target 0.500s, real 0.187s)
f0 done (CPU 3, target 0.500s, real 0.215s)
f11 done (CPU 2, target 0.300s, real 0.197s)
f10 done (CPU 2, target 0.500s, real 0.223s)
f2 done (CPU 2, target 0.500s, real 0.239s)
f4 done (CPU 3, target 0.500s, real 0.216s)
f8 done (CPU 0, target 0.500s, real 0.234s)
c0 done (CPU 1, target 2.500s, real 0.486s)
c1 start (CPU 2) at 0.509s
c1 done (CPU 2, target 2.200s, real 0.308s)
c2 start (CPU 0) at 0.817s
c2 done (CPU 2, target 2.000s, real 0.275s)
c3 start (CPU 0) at 1.092s
c3 done (CPU 2, target 1.800s, real 0.248s)
c4 start (CPU 0) at 1.340s
c4 done (CPU 0, target 1.600s, real 0.220s)
Program total time: 1.561s
all threads done

[stderr]
PROGRAM_TOTAL_NS=1560835636

=== prio run (rc=0) ===
f0 start (CPU 1) at 0.000s
f1 start (CPU 2) at 0.000s
f2 start (CPU 3) at 0.000s
f7 start (CPU 1) at 0.000s
f10 start (CPU 1) at 0.000s
f11 start (CPU 2) at 0.000s
c0 start (CPU 1) at 0.000s
f11 done (CPU 0, target 0.300s, real 0.045s)
f0 done (CPU 3, target 0.500s, real 0.074s)
f4 start (CPU 3) at 0.074s
f10 done (CPU 2, target 0.500s, real 0.087s)
f3 start (CPU 2) at 0.087s
f1 done (CPU 0, target 0.500s, real 0.121s)
f5 start (CPU 0) at 0.121s
f2 done (CPU 3, target 0.500s, real 0.149s)
f6 start (CPU 3) at 0.150s
f3 done (CPU 2, target 0.500s, real 0.075s)
f8 start (CPU 2) at 0.162s
f4 done (CPU 0, target 0.500s, real 0.122s)
f9 start (CPU 0) at 0.196s
f5 done (CPU 3, target 0.500s, real 0.104s)
f6 done (CPU 2, target 0.500s, real 0.088s)
f7 done (CPU 0, target 0.500s, real 0.270s)
f8 done (CPU 3, target 0.500s, real 0.137s)
f9 done (CPU 2, target 0.500s, real 0.116s)
c0 done (CPU 1, target 2.500s, real 0.371s)
c1 start (CPU 1) at 0.372s
c1 done (CPU 1, target 2.200s, real 0.307s)
c2 start (CPU 2) at 0.679s
c2 done (CPU 2, target 2.000s, real 0.277s)
c3 start (CPU 3) at 0.956s
c3 done (CPU 3, target 1.800s, real 0.255s)
c4 start (CPU 2) at 1.211s
c4 done (CPU 2, target 1.600s, real 0.227s)
Program total time: 1.438s
all threads done

[stderr]
PROGRAM_TOTAL_NS=1438102338

=== baseline run (rc=0) ===
f0 start (CPU 1) at 0.000s
f1 start (CPU 3) at 0.000s
f3 start (CPU 0) at 0.000s
f2 start (CPU 2) at 0.000s
f5 start (CPU 0) at 0.013s
f7 start (CPU 1) at 0.014s
f6 start (CPU 0) at 0.019s
f10 start (CPU 1) at 0.019s
f4 start (CPU 3) at 0.014s
f8 start (CPU 1) at 0.019s
f11 start (CPU 0) at 0.026s
f9 start (CPU 1) at 0.019s
c0 start (CPU 0) at 0.029s
f2 done (CPU 2, target 0.500s, real 0.082s)
f1 done (CPU 2, target 0.500s, real 0.142s)
f11 done (CPU 0, target 0.300s, real 0.170s)
f9 done (CPU 3, target 0.500s, real 0.216s)
f4 done (CPU 3, target 0.500s, real 0.224s)
f3 done (CPU 0, target 0.500s, real 0.251s)
f8 done (CPU 3, target 0.500s, real 0.240s)
f0 done (CPU 3, target 0.500s, real 0.269s)
f5 done (CPU 0, target 0.500s, real 0.260s)
f6 done (CPU 0, target 0.500s, real 0.257s)
f10 done (CPU 1, target 0.500s, real 0.261s)
f7 done (CPU 0, target 0.500s, real 0.274s)
c0 done (CPU 2, target 2.500s, real 0.461s)
c1 start (CPU 0) at 0.490s
c1 done (CPU 2, target 2.200s, real 0.327s)
c2 start (CPU 0) at 0.817s
c2 done (CPU 2, target 2.000s, real 0.277s)
c3 start (CPU 0) at 1.094s
c3 done (CPU 2, target 1.800s, real 0.248s)
c4 start (CPU 0) at 1.342s
c4 done (CPU 0, target 1.600s, real 0.220s)
Program total time: 1.562s
all threads done

[stderr]
PROGRAM_TOTAL_NS=1562416626

=== prio run (rc=0) ===
f0 start (CPU 1) at 0.000s
f1 start (CPU 2) at 0.000s
f2 start (CPU 3) at 0.000s
f6 start (CPU 1) at 0.000s
f4 start (CPU 2) at 0.000s
f10 start (CPU 2) at 0.000s
f11 start (CPU 1) at 0.000s
c0 start (CPU 1) at 0.000s
f11 done (CPU 0, target 0.300s, real 0.050s)
f10 done (CPU 2, target 0.500s, real 0.074s)
f0 done (CPU 3, target 0.500s, real 0.080s)
f3 start (CPU 3) at 0.080s
f1 done (CPU 0, target 0.500s, real 0.125s)
f2 done (CPU 2, target 0.500s, real 0.151s)
f7 start (CPU 2) at 0.151s
f5 start (CPU 2) at 0.151s
f3 done (CPU 3, target 0.500s, real 0.076s)
f9 start (CPU 3) at 0.156s
f4 done (CPU 0, target 0.500s, real 0.199s)
f5 done (CPU 2, target 0.500s, real 0.075s)
f8 start (CPU 2) at 0.226s
f6 done (CPU 3, target 0.500s, real 0.231s)
f7 done (CPU 0, target 0.500s, real 0.124s)
f8 done (CPU 2, target 0.500s, real 0.076s)
f9 done (CPU 3, target 0.500s, real 0.150s)
c0 done (CPU 1, target 2.500s, real 0.383s)
c1 start (CPU 1) at 0.383s
c1 done (CPU 1, target 2.200s, real 0.309s)
c2 start (CPU 2) at 0.693s
c2 done (CPU 2, target 2.000s, real 0.276s)
c3 start (CPU 3) at 0.968s
c3 done (CPU 3, target 1.800s, real 0.254s)
c4 start (CPU 2) at 1.223s
c4 done (CPU 2, target 1.600s, real 0.227s)
Program total time: 1.450s
all threads done

[stderr]
PROGRAM_TOTAL_NS=1449603287

=== baseline run (rc=0) ===
f0 start (CPU 2) at 0.000s
f1 start (CPU 1) at 0.000s
f2 start (CPU 3) at 0.000s
f4 start (CPU 0) at 0.000s
f3 start (CPU 0) at 0.007s
f5 start (CPU 1) at 0.007s
f7 start (CPU 3) at 0.007s
f9 start (CPU 2) at 0.007s
f8 start (CPU 3) at 0.011s
f6 start (CPU 1) at 0.012s
f10 start (CPU 1) at 0.016s
f11 start (CPU 1) at 0.020s
c0 start (CPU 1) at 0.024s
f4 done (CPU 0, target 0.500s, real 0.133s)
f0 done (CPU 2, target 0.500s, real 0.145s)
f3 done (CPU 0, target 0.500s, real 0.139s)
f9 done (CPU 2, target 0.500s, real 0.154s)
f7 done (CPU 2, target 0.500s, real 0.179s)
f2 done (CPU 3, target 0.500s, real 0.193s)
f11 done (CPU 0, target 0.300s, real 0.175s)
f8 done (CPU 2, target 0.500s, real 0.185s)
f10 done (CPU 0, target 0.500s, real 0.206s)
f1 done (CPU 3, target 0.500s, real 0.228s)
f6 done (CPU 2, target 0.500s, real 0.234s)
f5 done (CPU 0, target 0.500s, real 0.240s)
c0 done (CPU 1, target 2.500s, real 0.494s)
c1 start (CPU 2) at 0.518s
c1 done (CPU 2, target 2.200s, real 0.313s)
c2 start (CPU 0) at 0.832s
c2 done (CPU 2, target 2.000s, real 0.275s)
c3 start (CPU 0) at 1.107s
c3 done (CPU 2, target 1.800s, real 0.247s)
c4 start (CPU 0) at 1.354s
c4 done (CPU 0, target 1.600s, real 0.226s)
Program total time: 1.580s
all threads done

[stderr]
PROGRAM_TOTAL_NS=1580406166

=== prio run (rc=0) ===
f0 start (CPU 1) at 0.000s
f1 start (CPU 2) at 0.000s
f2 start (CPU 3) at 0.000s
f3 start (CPU 2) at 0.000s
f10 start (CPU 2) at 0.000s
f11 start (CPU 3) at 0.000s
c0 start (CPU 3) at 0.000s
f11 done (CPU 0, target 0.300s, real 0.044s)
f0 done (CPU 1, target 0.500s, real 0.074s)
f10 done (CPU 2, target 0.500s, real 0.074s)
f1 done (CPU 0, target 0.500s, real 0.120s)
f4 start (CPU 0) at 0.121s
f3 done (CPU 2, target 0.500s, real 0.150s)
f6 start (CPU 2) at 0.150s
f5 start (CPU 2) at 0.150s
f2 done (CPU 1, target 0.500s, real 0.153s)
f4 done (CPU 0, target 0.500s, real 0.074s)
f7 start (CPU 0) at 0.195s
f5 done (CPU 2, target 0.500s, real 0.075s)
f8 start (CPU 2) at 0.225s
f6 done (CPU 1, target 0.500s, real 0.079s)
f9 start (CPU 1) at 0.228s
f7 done (CPU 0, target 0.500s, real 0.076s)
f9 done (CPU 1, target 0.500s, real 0.075s)
f8 done (CPU 2, target 0.500s, real 0.082s)
c0 done (CPU 3, target 2.500s, real 0.387s)
c1 start (CPU 2) at 0.387s
c1 done (CPU 2, target 2.200s, real 0.308s)
c2 start (CPU 3) at 0.695s
c2 done (CPU 3, target 2.000s, real 0.277s)
c3 start (CPU 2) at 0.972s
c3 done (CPU 2, target 1.800s, real 0.254s)
c4 start (CPU 3) at 1.226s
c4 done (CPU 3, target 1.600s, real 0.228s)
Program total time: 1.455s
all threads done

[stderr]
PROGRAM_TOTAL_NS=1454851524

=== baseline run (rc=0) ===
f0 start (CPU 1) at 0.000s
f2 start (CPU 0) at 0.000s
f1 start (CPU 2) at 0.000s
f3 start (CPU 3) at 0.000s
f5 start (CPU 0) at 0.014s
f9 start (CPU 1) at 0.014s
f7 start (CPU 1) at 0.014s
f6 start (CPU 0) at 0.018s
f4 start (CPU 2) at 0.018s
f11 start (CPU 0) at 0.022s
f8 start (CPU 1) at 0.014s
f10 start (CPU 1) at 0.026s
c0 start (CPU 0) at 0.030s
f3 done (CPU 3, target 0.500s, real 0.073s)
f2 done (CPU 3, target 0.500s, real 0.128s)
f1 done (CPU 2, target 0.500s, real 0.130s)
f4 done (CPU 2, target 0.500s, real 0.130s)
f0 done (CPU 3, target 0.500s, real 0.170s)
f11 done (CPU 0, target 0.300s, real 0.152s)
f5 done (CPU 0, target 0.500s, real 0.192s)
f6 done (CPU 3, target 0.500s, real 0.188s)
f9 done (CPU 3, target 0.500s, real 0.225s)
f7 done (CPU 0, target 0.500s, real 0.228s)
f8 done (CPU 1, target 0.500s, real 0.243s)
f10 done (CPU 0, target 0.500s, real 0.232s)
c0 done (CPU 2, target 2.500s, real 0.462s)
c1 start (CPU 0) at 0.492s
c1 done (CPU 2, target 2.200s, real 0.309s)
c2 start (CPU 0) at 0.801s
c2 done (CPU 2, target 2.000s, real 0.276s)
c3 start (CPU 0) at 1.077s
c3 done (CPU 2, target 1.800s, real 0.249s)
c4 start (CPU 0) at 1.326s
c4 done (CPU 0, target 1.600s, real 0.221s)
Program total time: 1.547s
all threads done

[stderr]
PROGRAM_TOTAL_NS=1547226348

=== prio run (rc=0) ===
f0 start (CPU 1) at 0.000s
f1 start (CPU 2) at 0.000s
f2 start (CPU 3) at 0.000s
f3 start (CPU 2) at 0.000s
f10 start (CPU 1) at 0.000s
c0 start (CPU 3) at 0.000s
f11 start (CPU 2) at 0.000s
f11 done (CPU 2, target 0.300s, real 0.045s)
f0 done (CPU 1, target 0.500s, real 0.072s)
f10 done (CPU 0, target 0.500s, real 0.072s)
f1 done (CPU 2, target 0.500s, real 0.121s)
f5 start (CPU 2) at 0.122s
f4 start (CPU 2) at 0.122s
f3 done (CPU 0, target 0.500s, real 0.146s)
f2 done (CPU 1, target 0.500s, real 0.150s)
f7 start (CPU 1) at 0.150s
f6 start (CPU 1) at 0.150s
f4 done (CPU 2, target 0.500s, real 0.076s)
f9 start (CPU 2) at 0.198s
f5 done (CPU 0, target 0.500s, real 0.102s)
f8 start (CPU 0) at 0.224s
f6 done (CPU 1, target 0.500s, real 0.079s)
f7 done (CPU 2, target 0.500s, real 0.125s)
f8 done (CPU 0, target 0.500s, real 0.076s)
f9 done (CPU 1, target 0.500s, real 0.109s)
c0 done (CPU 3, target 2.500s, real 0.378s)
c1 start (CPU 2) at 0.378s
c1 done (CPU 2, target 2.200s, real 0.306s)
c2 start (CPU 3) at 0.684s
c2 done (CPU 3, target 2.000s, real 0.275s)
c3 start (CPU 2) at 0.959s
c3 done (CPU 2, target 1.800s, real 0.266s)
c4 start (CPU 3) at 1.225s
c4 done (CPU 3, target 1.600s, real 0.223s)
Program total time: 1.448s
all threads done

[stderr]
PROGRAM_TOTAL_NS=1447881072

=== baseline run (rc=0) ===
f0 start (CPU 1) at 0.000s
f2 start (CPU 2) at 0.000s
f1 start (CPU 2) at 0.000s
f3 start (CPU 0) at 0.000s
f4 start (CPU 3) at 0.000s
f5 start (CPU 0) at 0.013s
f7 start (CPU 1) at 0.013s
f6 start (CPU 0) at 0.017s
f8 start (CPU 1) at 0.017s
f11 start (CPU 0) at 0.021s
f9 start (CPU 1) at 0.021s
c0 start (CPU 0) at 0.025s
f10 start (CPU 1) at 0.025s
f4 done (CPU 3, target 0.500s, real 0.080s)
f1 done (CPU 2, target 0.500s, real 0.111s)
f2 done (CPU 3, target 0.500s, real 0.119s)
f11 done (CPU 2, target 0.300s, real 0.147s)
f0 done (CPU 1, target 0.500s, real 0.202s)
f7 done (CPU 2, target 0.500s, real 0.191s)
f9 done (CPU 3, target 0.500s, real 0.190s)
f8 done (CPU 1, target 0.500s, real 0.197s)
f10 done (CPU 2, target 0.500s, real 0.195s)
f3 done (CPU 0, target 0.500s, real 0.243s)
f6 done (CPU 1, target 0.500s, real 0.229s)
f5 done (CPU 2, target 0.500s, real 0.239s)
c0 done (CPU 3, target 2.500s, real 0.504s)
c1 start (CPU 0) at 0.529s
c1 done (CPU 2, target 2.200s, real 0.313s)
c2 start (CPU 0) at 0.842s
c2 done (CPU 2, target 2.000s, real 0.276s)
c3 start (CPU 0) at 1.118s
c3 done (CPU 2, target 1.800s, real 0.249s)
c4 start (CPU 0) at 1.367s
c4 done (CPU 2, target 1.600s, real 0.221s)
Program total time: 1.588s
all threads done

[stderr]
PROGRAM_TOTAL_NS=1588374522

=== prio run (rc=0) ===
f0 start (CPU 1) at 0.000s
f1 start (CPU 2) at 0.000s
f2 start (CPU 3) at 0.000s
f3 start (CPU 2) at 0.000s
f10 start (CPU 3) at 0.000s
f11 start (CPU 2) at 0.000s
c0 start (CPU 3) at 0.000s
f11 done (CPU 2, target 0.300s, real 0.043s)
f0 done (CPU 1, target 0.500s, real 0.072s)
f10 done (CPU 0, target 0.500s, real 0.072s)
f1 done (CPU 2, target 0.500s, real 0.118s)
f5 start (CPU 2) at 0.118s
f4 start (CPU 2) at 0.118s
f3 done (CPU 0, target 0.500s, real 0.147s)
f2 done (CPU 1, target 0.500s, real 0.147s)
f7 start (CPU 1) at 0.147s
f6 start (CPU 1) at 0.147s
f4 done (CPU 2, target 0.500s, real 0.076s)
f9 start (CPU 2) at 0.194s
f5 done (CPU 0, target 0.500s, real 0.104s)
f8 start (CPU 0) at 0.221s
f6 done (CPU 1, target 0.500s, real 0.075s)
f7 done (CPU 2, target 0.500s, real 0.123s)
f9 done (CPU 1, target 0.500s, real 0.103s)
f8 done (CPU 0, target 0.500s, real 0.079s)
c0 done (CPU 3, target 2.500s, real 0.381s)
c1 start (CPU 2) at 0.381s
c1 done (CPU 2, target 2.200s, real 0.306s)
c2 start (CPU 3) at 0.687s
c2 done (CPU 3, target 2.000s, real 0.277s)
c3 start (CPU 2) at 0.964s
c3 done (CPU 2, target 1.800s, real 0.248s)
c4 start (CPU 3) at 1.213s
c4 done (CPU 3, target 1.600s, real 0.219s)
Program total time: 1.431s
all threads done

[stderr]
PROGRAM_TOTAL_NS=1431523606

=== baseline run (rc=0) ===
f0 start (CPU 1) at 0.000s
f2 start (CPU 0) at 0.000s
f1 start (CPU 3) at 0.000s
f3 start (CPU 2) at 0.001s
f4 start (CPU 2) at 0.002s
f5 start (CPU 0) at 0.014s
f7 start (CPU 1) at 0.014s
f8 start (CPU 1) at 0.018s
f9 start (CPU 1) at 0.022s
f6 start (CPU 0) at 0.022s
f11 start (CPU 0) at 0.026s
c0 start (CPU 0) at 0.030s
f10 start (CPU 1) at 0.026s
f1 done (CPU 3, target 0.500s, real 0.088s)
f3 done (CPU 2, target 0.500s, real 0.119s)
f4 done (CPU 3, target 0.500s, real 0.120s)
f11 done (CPU 0, target 0.300s, real 0.147s)
f9 done (CPU 3, target 0.500s, real 0.156s)
f6 done (CPU 3, target 0.500s, real 0.187s)
f2 done (CPU 2, target 0.500s, real 0.231s)
f5 done (CPU 3, target 0.500s, real 0.219s)
f7 done (CPU 2, target 0.500s, real 0.245s)
f10 done (CPU 3, target 0.500s, real 0.235s)
f0 done (CPU 2, target 0.500s, real 0.263s)
f8 done (CPU 1, target 0.500s, real 0.247s)
c0 done (CPU 0, target 2.500s, real 0.464s)
c1 start (CPU 3) at 0.494s
c1 done (CPU 3, target 2.200s, real 0.315s)
c2 start (CPU 0) at 0.809s
c2 done (CPU 2, target 2.000s, real 0.274s)
c3 start (CPU 0) at 1.083s
c3 done (CPU 2, target 1.800s, real 0.248s)
c4 start (CPU 0) at 1.331s
c4 done (CPU 2, target 1.600s, real 0.220s)
Program total time: 1.552s
all threads done

[stderr]
PROGRAM_TOTAL_NS=1551688744

=== prio run (rc=0) ===
f0 start (CPU 1) at 0.000s
f1 start (CPU 2) at 0.000s
f2 start (CPU 3) at 0.000s
f10 start (CPU 2) at 0.000s
c0 start (CPU 2) at 0.000s
f11 start (CPU 3) at 0.000s
f11 done (CPU 3, target 0.300s, real 0.052s)
f0 done (CPU 1, target 0.500s, real 0.071s)
f10 done (CPU 0, target 0.500s, real 0.072s)
f3 start (CPU 2) at 0.000s
f1 done (CPU 3, target 0.500s, real 0.127s)
f4 start (CPU 3) at 0.000s
f2 done (CPU 1, target 0.500s, real 0.145s)
f5 start (CPU 3) at 0.000s
f3 done (CPU 0, target 0.500s, real 0.147s)
f6 start (CPU 3) at 0.000s
f4 done (CPU 3, target 0.500s, real 0.202s)
f7 start (CPU 3) at 0.000s
f5 done (CPU 1, target 0.500s, real 0.220s)
f8 start (CPU 3) at 0.000s
f6 done (CPU 0, target 0.500s, real 0.221s)
f9 start (CPU 0) at 0.222s
f7 done (CPU 3, target 0.500s, real 0.278s)
f8 done (CPU 1, target 0.500s, real 0.299s)
f9 done (CPU 0, target 0.500s, real 0.080s)
c0 done (CPU 2, target 2.500s, real 0.381s)
c1 start (CPU 3) at 0.381s
c1 done (CPU 3, target 2.200s, real 0.303s)
c2 start (CPU 2) at 0.684s
c2 done (CPU 2, target 2.000s, real 0.276s)
c3 start (CPU 3) at 0.960s
c3 done (CPU 3, target 1.800s, real 0.257s)
c4 start (CPU 2) at 1.217s
c4 done (CPU 2, target 1.600s, real 0.222s)
Program total time: 1.440s
all threads done

[stderr]
PROGRAM_TOTAL_NS=1439615571

=== baseline run (rc=0) ===
f0 start (CPU 3) at 0.000s
f2 start (CPU 1) at 0.000s
f1 start (CPU 1) at 0.000s
f3 start (CPU 0) at 0.003s
f4 start (CPU 0) at 0.005s
f5 start (CPU 0) at 0.006s
c0 start (CPU 0) at 0.009s
f6 start (CPU 1) at 0.013s
f7 start (CPU 1) at 0.017s
f8 start (CPU 1) at 0.021s
f9 start (CPU 1) at 0.025s
f10 start (CPU 1) at 0.029s
f11 start (CPU 1) at 0.033s
f0 done (CPU 3, target 0.500s, real 0.071s)
f1 done (CPU 2, target 0.500s, real 0.085s)
f9 done (CPU 3, target 0.500s, real 0.115s)
f2 done (CPU 3, target 0.500s, real 0.186s)
f11 done (CPU 0, target 0.300s, real 0.161s)
f4 done (CPU 0, target 0.500s, real 0.206s)
f3 done (CPU 2, target 0.500s, real 0.235s)
f5 done (CPU 2, target 0.500s, real 0.241s)
f8 done (CPU 0, target 0.500s, real 0.228s)
f10 done (CPU 0, target 0.500s, real 0.237s)
f7 done (CPU 1, target 0.500s, real 0.266s)
f6 done (CPU 1, target 0.500s, real 0.273s)
c0 done (CPU 3, target 2.500s, real 0.449s)
c1 start (CPU 0) at 0.458s
c1 done (CPU 2, target 2.200s, real 0.314s)
c2 start (CPU 0) at 0.772s
c2 done (CPU 2, target 2.000s, real 0.276s)
c3 start (CPU 0) at 1.047s
c3 done (CPU 2, target 1.800s, real 0.248s)
c4 start (CPU 0) at 1.295s
c4 done (CPU 2, target 1.600s, real 0.221s)
Program total time: 1.516s
all threads done

[stderr]
PROGRAM_TOTAL_NS=1516114492

=== prio run (rc=0) ===
f0 start (CPU 1) at 0.000s
f1 start (CPU 2) at 0.000s
f2 start (CPU 3) at 0.000s
f4 start (CPU 1) at 0.000s
f10 start (CPU 1) at 0.000s
f11 start (CPU 3) at 0.000s
c0 start (CPU 1) at 0.000s
f11 done (CPU 3, target 0.300s, real 0.044s)
f10 done (CPU 0, target 0.500s, real 0.072s)
f3 start (CPU 0) at 0.072s
f0 done (CPU 2, target 0.500s, real 0.075s)
f1 done (CPU 3, target 0.500s, real 0.121s)
f5 start (CPU 3) at 0.121s
f3 done (CPU 2, target 0.500s, real 0.081s)
f6 start (CPU 2) at 0.153s
f2 done (CPU 0, target 0.500s, real 0.157s)
f7 start (CPU 0) at 0.157s
f4 done (CPU 3, target 0.500s, real 0.207s)
f5 done (CPU 2, target 0.500s, real 0.107s)
f8 start (CPU 2) at 0.228s
f6 done (CPU 0, target 0.500s, real 0.088s)
f9 start (CPU 0) at 0.242s
f7 done (CPU 3, target 0.500s, real 0.130s)
f8 done (CPU 2, target 0.500s, real 0.075s)
f9 done (CPU 0, target 0.500s, real 0.076s)
c0 done (CPU 1, target 2.500s, real 0.384s)
c1 start (CPU 1) at 0.385s
c1 done (CPU 1, target 2.200s, real 0.307s)
c2 start (CPU 1) at 0.691s
c2 done (CPU 1, target 2.000s, real 0.276s)
c3 start (CPU 1) at 0.968s
c3 done (CPU 1, target 1.800s, real 0.259s)
c4 start (CPU 1) at 1.227s
c4 done (CPU 1, target 1.600s, real 0.270s)
Program total time: 1.498s
all threads done

[stderr]
PROGRAM_TOTAL_NS=1497548172

=== baseline run (rc=0) ===
f1 start (CPU 0) at 0.000s
f3 start (CPU 3) at 0.000s
f0 start (CPU 3) at 0.000s
f2 start (CPU 3) at 0.000s
f6 start (CPU 3) at 0.016s
f10 start (CPU 2) at 0.016s
f4 start (CPU 2) at 0.016s
f7 start (CPU 3) at 0.024s
f8 start (CPU 3) at 0.028s
f5 start (CPU 2) at 0.016s
f9 start (CPU 3) at 0.032s
c0 start (CPU 2) at 0.032s
f11 start (CPU 2) at 0.032s
f0 done (CPU 0, target 0.500s, real 0.076s)
f1 done (CPU 1, target 0.500s, real 0.081s)
f8 done (CPU 1, target 0.500s, real 0.121s)
f11 done (CPU 2, target 0.300s, real 0.148s)
f4 done (CPU 1, target 0.500s, real 0.185s)
f3 done (CPU 3, target 0.500s, real 0.226s)
f10 done (CPU 0, target 0.500s, real 0.211s)
f5 done (CPU 1, target 0.500s, real 0.216s)
f2 done (CPU 0, target 0.500s, real 0.234s)
f7 done (CPU 3, target 0.500s, real 0.219s)
f6 done (CPU 0, target 0.500s, real 0.227s)
f9 done (CPU 2, target 0.500s, real 0.219s)
c0 done (CPU 1, target 2.500s, real 0.481s)
c1 start (CPU 3) at 0.513s
c1 done (CPU 3, target 2.200s, real 0.308s)
c2 start (CPU 0) at 0.821s
c2 done (CPU 2, target 2.000s, real 0.275s)
c3 start (CPU 0) at 1.097s
c3 done (CPU 2, target 1.800s, real 0.248s)
c4 start (CPU 0) at 1.345s
c4 done (CPU 2, target 1.600s, real 0.221s)
Program total time: 1.566s
all threads done

[stderr]
PROGRAM_TOTAL_NS=1565947563

=== prio run (rc=0) ===
f0 start (CPU 1) at 0.000s
f1 start (CPU 2) at 0.000s
f2 start (CPU 3) at 0.000s
f8 start (CPU 1) at 0.000s
f10 start (CPU 3) at 0.000s
f11 start (CPU 1) at 0.000s
c0 start (CPU 2) at 0.000s
f11 done (CPU 0, target 0.300s, real 0.043s)
f10 done (CPU 1, target 0.500s, real 0.072s)
f3 start (CPU 2) at 0.000s
f0 done (CPU 3, target 0.500s, real 0.073s)
f4 start (CPU 3) at 0.073s
f1 done (CPU 0, target 0.500s, real 0.120s)
f5 start (CPU 2) at 0.000s
f2 done (CPU 1, target 0.500s, real 0.147s)
f3 done (CPU 3, target 0.500s, real 0.148s)
f6 start (CPU 3) at 0.148s
f4 done (CPU 0, target 0.500s, real 0.122s)
f7 start (CPU 2) at 0.000s
f5 done (CPU 1, target 0.500s, real 0.222s)
f6 done (CPU 3, target 0.500s, real 0.079s)
f9 start (CPU 3) at 0.227s
f7 done (CPU 0, target 0.500s, real 0.270s)
f8 done (CPU 1, target 0.500s, real 0.297s)
f9 done (CPU 3, target 0.500s, real 0.080s)
c0 done (CPU 2, target 2.500s, real 0.384s)
c1 start (CPU 3) at 0.384s
c1 done (CPU 3, target 2.200s, real 0.306s)
c2 start (CPU 2) at 0.690s
c2 done (CPU 2, target 2.000s, real 0.277s)
c3 start (CPU 3) at 0.967s
c3 done (CPU 3, target 1.800s, real 0.260s)
c4 start (CPU 2) at 1.227s
c4 done (CPU 2, target 1.600s, real 0.234s)
Program total time: 1.461s
all threads done

[stderr]
PROGRAM_TOTAL_NS=1461057865

=== baseline run (rc=0) ===
f1 start (CPU 3) at 0.000s
f0 start (CPU 1) at 0.000s
f2 start (CPU 0) at 0.000s
f7 start (CPU 2) at 0.000s
f3 start (CPU 0) at 0.015s
f5 start (CPU 1) at 0.015s
f4 start (CPU 1) at 0.015s
f6 start (CPU 0) at 0.019s
f10 start (CPU 1) at 0.019s
f11 start (CPU 1) at 0.023s
f8 start (CPU 0) at 0.023s
f9 start (CPU 0) at 0.031s
c0 start (CPU 1) at 0.031s
f7 done (CPU 2, target 0.500s, real 0.075s)
f1 done (CPU 3, target 0.500s, real 0.075s)
f11 done (CPU 2, target 0.300s, real 0.093s)
f3 done (CPU 3, target 0.500s, real 0.127s)
f9 done (CPU 2, target 0.500s, real 0.140s)
f4 done (CPU 2, target 0.500s, real 0.202s)
f0 done (CPU 2, target 0.500s, real 0.231s)
f2 done (CPU 2, target 0.500s, real 0.247s)
f8 done (CPU 0, target 0.500s, real 0.228s)
f10 done (CPU 1, target 0.500s, real 0.235s)
f5 done (CPU 0, target 0.500s, real 0.240s)
f6 done (CPU 2, target 0.500s, real 0.239s)
c0 done (CPU 3, target 2.500s, real 0.451s)
c1 start (CPU 0) at 0.481s
c1 done (CPU 2, target 2.200s, real 0.312s)
c2 start (CPU 0) at 0.793s
c2 done (CPU 2, target 2.000s, real 0.275s)
c3 start (CPU 0) at 1.068s
c3 done (CPU 2, target 1.800s, real 0.249s)
c4 start (CPU 0) at 1.318s
c4 done (CPU 0, target 1.600s, real 0.220s)
Program total time: 1.538s
all threads done

[stderr]
PROGRAM_TOTAL_NS=1538234316

=== prio run (rc=0) ===
f0 start (CPU 1) at 0.000s
f1 start (CPU 2) at 0.000s
f7 start (CPU 1) at 0.000s
f2 start (CPU 3) at 0.000s
f10 start (CPU 3) at 0.000s
f11 start (CPU 1) at 0.000s
c0 start (CPU 1) at 0.000s
f11 done (CPU 0, target 0.300s, real 0.048s)
f0 done (CPU 2, target 0.500s, real 0.074s)
f4 start (CPU 2) at 0.075s
f10 done (CPU 3, target 0.500s, real 0.076s)
f3 start (CPU 3) at 0.076s
f1 done (CPU 0, target 0.500s, real 0.123s)
f2 done (CPU 2, target 0.500s, real 0.150s)
f5 start (CPU 2) at 0.150s
f3 done (CPU 3, target 0.500s, real 0.075s)
f6 start (CPU 3) at 0.152s
f4 done (CPU 0, target 0.500s, real 0.124s)
f8 start (CPU 0) at 0.199s
f5 done (CPU 2, target 0.500s, real 0.075s)
f6 done (CPU 3, target 0.500s, real 0.075s)
f9 start (CPU 3) at 0.227s
f7 done (CPU 0, target 0.500s, real 0.273s)
f8 done (CPU 2, target 0.500s, real 0.102s)
f9 done (CPU 3, target 0.500s, real 0.075s)
c0 done (CPU 1, target 2.500s, real 0.373s)
c1 start (CPU 1) at 0.374s
c1 done (CPU 1, target 2.200s, real 0.308s)
c2 start (CPU 0) at 0.682s
c2 done (CPU 2, target 2.000s, real 0.276s)
c3 start (CPU 3) at 0.957s
c3 done (CPU 3, target 1.800s, real 0.261s)
c4 start (CPU 2) at 1.218s
c4 done (CPU 2, target 1.600s, real 0.220s)
Program total time: 1.438s
all threads done

[stderr]
PROGRAM_TOTAL_NS=1438243683

=== baseline run (rc=0) ===
f0 start (CPU 1) at 0.000s
f1 start (CPU 3) at 0.000s
f2 start (CPU 0) at 0.000s
f3 start (CPU 2) at 0.000s
f4 start (CPU 3) at 0.016s
f5 start (CPU 0) at 0.016s
f6 start (CPU 0) at 0.020s
f7 start (CPU 1) at 0.020s
f8 start (CPU 1) at 0.024s
f11 start (CPU 0) at 0.024s
c0 start (CPU 0) at 0.028s
f9 start (CPU 1) at 0.028s
f10 start (CPU 1) at 0.032s
f3 done (CPU 2, target 0.500s, real 0.074s)
f1 done (CPU 2, target 0.500s, real 0.106s)
f4 done (CPU 3, target 0.500s, real 0.103s)
f10 done (CPU 3, target 0.500s, real 0.143s)
f11 done (CPU 0, target 0.300s, real 0.165s)
f7 done (CPU 3, target 0.500s, real 0.195s)
f0 done (CPU 1, target 0.500s, real 0.219s)
f5 done (CPU 2, target 0.500s, real 0.213s)
f8 done (CPU 3, target 0.500s, real 0.207s)
f2 done (CPU 0, target 0.500s, real 0.236s)
f6 done (CPU 2, target 0.500s, real 0.224s)
f9 done (CPU 3, target 0.500s, real 0.218s)
c0 done (CPU 1, target 2.500s, real 0.507s)
c1 start (CPU 2) at 0.535s
c1 done (CPU 2, target 2.200s, real 0.319s)
c2 start (CPU 0) at 0.853s
c2 done (CPU 2, target 2.000s, real 0.276s)
c3 start (CPU 0) at 1.130s
c3 done (CPU 2, target 1.800s, real 0.248s)
c4 start (CPU 0) at 1.378s
c4 done (CPU 2, target 1.600s, real 0.226s)
Program total time: 1.603s
all threads done

[stderr]
PROGRAM_TOTAL_NS=1603523565

=== prio run (rc=0) ===
f0 start (CPU 1) at 0.000s
f2 start (CPU 3) at 0.000s
f1 start (CPU 2) at 0.000s
f6 start (CPU 2) at 0.000s
f10 start (CPU 2) at 0.000s
f11 start (CPU 3) at 0.000s
c0 start (CPU 3) at 0.000s
f11 done (CPU 0, target 0.300s, real 0.044s)
f0 done (CPU 1, target 0.500s, real 0.075s)
f10 done (CPU 2, target 0.500s, real 0.077s)
f8 start (CPU 2) at 0.077s
f3 start (CPU 2) at 0.077s
f1 done (CPU 0, target 0.500s, real 0.119s)
f4 start (CPU 0) at 0.119s
f2 done (CPU 1, target 0.500s, real 0.155s)
f5 start (CPU 1) at 0.155s
f3 done (CPU 2, target 0.500s, real 0.083s)
f4 done (CPU 0, target 0.500s, real 0.074s)
f7 start (CPU 0) at 0.193s
f5 done (CPU 1, target 0.500s, real 0.075s)
f6 done (CPU 2, target 0.500s, real 0.235s)
f9 start (CPU 2) at 0.235s
f7 done (CPU 0, target 0.500s, real 0.075s)
f8 done (CPU 1, target 0.500s, real 0.228s)
f9 done (CPU 2, target 0.500s, real 0.076s)
c0 done (CPU 3, target 2.500s, real 0.383s)
c1 start (CPU 2) at 0.383s
c1 done (CPU 2, target 2.200s, real 0.305s)
c2 start (CPU 3) at 0.688s
c2 done (CPU 3, target 2.000s, real 0.275s)
c3 start (CPU 2) at 0.963s
c3 done (CPU 2, target 1.800s, real 0.255s)
c4 start (CPU 3) at 1.218s
c4 done (CPU 3, target 1.600s, real 0.216s)
Program total time: 1.434s
all threads done

[stderr]
PROGRAM_TOTAL_NS=1434082021

=== baseline run (rc=0) ===
f0 start (CPU 1) at 0.000s
f1 start (CPU 2) at 0.000s
f5 start (CPU 0) at 0.000s
f4 start (CPU 3) at 0.000s
f6 start (CPU 0) at 0.003s
f2 start (CPU 2) at 0.000s
f8 start (CPU 1) at 0.015s
f3 start (CPU 0) at 0.000s
f7 start (CPU 1) at 0.015s
f9 start (CPU 1) at 0.027s
f10 start (CPU 1) at 0.031s
f11 start (CPU 0) at 0.031s
c0 start (CPU 0) at 0.035s
f4 done (CPU 3, target 0.500s, real 0.077s)
f3 done (CPU 3, target 0.500s, real 0.122s)
f1 done (CPU 3, target 0.500s, real 0.147s)
f2 done (CPU 2, target 0.500s, real 0.158s)
f11 done (CPU 0, target 0.300s, real 0.168s)
f10 done (CPU 1, target 0.500s, real 0.172s)
f7 done (CPU 3, target 0.500s, real 0.195s)
f5 done (CPU 0, target 0.500s, real 0.220s)
f6 done (CPU 0, target 0.500s, real 0.227s)
f0 done (CPU 2, target 0.500s, real 0.239s)
f9 done (CPU 1, target 0.500s, real 0.215s)
f8 done (CPU 0, target 0.500s, real 0.234s)
c0 done (CPU 3, target 2.500s, real 0.488s)
c1 start (CPU 0) at 0.523s
c1 done (CPU 2, target 2.200s, real 0.310s)
c2 start (CPU 0) at 0.834s
c2 done (CPU 0, target 2.000s, real 0.275s)
c3 start (CPU 2) at 1.110s
c3 done (CPU 2, target 1.800s, real 0.249s)
c4 start (CPU 0) at 1.359s
c4 done (CPU 2, target 1.600s, real 0.223s)
Program total time: 1.582s
all threads done

[stderr]
PROGRAM_TOTAL_NS=1582472671

=== prio run (rc=0) ===
f0 start (CPU 1) at 0.000s
f1 start (CPU 2) at 0.000s
f2 start (CPU 3) at 0.000s
f10 start (CPU 3) at 0.000s
c0 start (CPU 2) at 0.000s
f11 start (CPU 0) at 0.000s
f11 done (CPU 0, target 0.300s, real 0.045s)
f10 done (CPU 3, target 0.500s, real 0.075s)
f0 done (CPU 1, target 0.500s, real 0.079s)
f3 start (CPU 1) at 0.079s
f1 done (CPU 0, target 0.500s, real 0.120s)
f4 start (CPU 0) at 0.120s
f2 done (CPU 3, target 0.500s, real 0.149s)
f5 start (CPU 3) at 0.149s
f3 done (CPU 1, target 0.500s, real 0.075s)
f6 start (CPU 1) at 0.154s
f4 done (CPU 0, target 0.500s, real 0.075s)
f7 start (CPU 0) at 0.195s
f5 done (CPU 3, target 0.500s, real 0.075s)
f8 start (CPU 3) at 0.224s
f6 done (CPU 1, target 0.500s, real 0.075s)
f9 start (CPU 1) at 0.229s
f7 done (CPU 0, target 0.500s, real 0.074s)
f8 done (CPU 3, target 0.500s, real 0.075s)
f9 done (CPU 1, target 0.500s, real 0.076s)
c0 done (CPU 2, target 2.500s, real 0.375s)
c1 start (CPU 3) at 0.376s
c1 done (CPU 3, target 2.200s, real 0.303s)
c2 start (CPU 2) at 0.679s
c2 done (CPU 2, target 2.000s, real 0.276s)
c3 start (CPU 3) at 0.955s
c3 done (CPU 3, target 1.800s, real 0.259s)
c4 start (CPU 2) at 1.214s
c4 done (CPU 2, target 1.600s, real 0.219s)
Program total time: 1.433s
all threads done

[stderr]
PROGRAM_TOTAL_NS=1433349886

=== baseline run (rc=0) ===
f0 start (CPU 1) at 0.000s
f7 start (CPU 2) at 0.000s
f2 start (CPU 0) at 0.000s
f4 start (CPU 3) at 0.000s
f1 start (CPU 2) at 0.000s
c0 start (CPU 1) at 0.009s
f5 start (CPU 0) at 0.000s
f3 start (CPU 0) at 0.000s
f6 start (CPU 2) at 0.000s
f10 start (CPU 1) at 0.013s
f8 start (CPU 1) at 0.025s
f9 start (CPU 3) at 0.037s
f11 start (CPU 0) at 0.061s
f7 done (CPU 2, target 0.500s, real 0.081s)
f9 done (CPU 2, target 0.500s, real 0.107s)
f1 done (CPU 3, target 0.500s, real 0.155s)
f4 done (CPU 3, target 0.500s, real 0.166s)
f11 done (CPU 3, target 0.300s, real 0.125s)
f8 done (CPU 2, target 0.500s, real 0.168s)
f5 done (CPU 2, target 0.500s, real 0.224s)
f6 done (CPU 0, target 0.500s, real 0.232s)
f2 done (CPU 0, target 0.500s, real 0.236s)
f3 done (CPU 3, target 0.500s, real 0.237s)
f0 done (CPU 1, target 0.500s, real 0.242s)
f10 done (CPU 0, target 0.500s, real 0.238s)
c0 done (CPU 2, target 2.500s, real 0.525s)
c1 start (CPU 1) at 0.534s
c1 done (CPU 1, target 2.200s, real 0.312s)
c2 start (CPU 3) at 0.846s
c2 done (CPU 3, target 2.000s, real 0.275s)
c3 start (CPU 0) at 1.121s
c3 done (CPU 0, target 1.800s, real 0.248s)
c4 start (CPU 2) at 1.369s
c4 done (CPU 2, target 1.600s, real 0.223s)
Program total time: 1.592s
all threads done

[stderr]
PROGRAM_TOTAL_NS=1592340864

=== prio run (rc=0) ===
f0 start (CPU 1) at 0.000s
f1 start (CPU 2) at 0.000s
f2 start (CPU 3) at 0.000s
f5 start (CPU 1) at 0.000s
f10 start (CPU 1) at 0.000s
c0 start (CPU 2) at 0.000s
f11 start (CPU 1) at 0.000s
f11 done (CPU 0, target 0.300s, real 0.046s)
f0 done (CPU 3, target 0.500s, real 0.075s)
f10 done (CPU 1, target 0.500s, real 0.075s)
f3 start (CPU 1) at 0.000s
f1 done (CPU 0, target 0.500s, real 0.119s)
f4 start (CPU 1) at 0.000s
f3 done (CPU 1, target 0.500s, real 0.150s)
f6 start (CPU 1) at 0.150s
f2 done (CPU 3, target 0.500s, real 0.153s)
f4 done (CPU 0, target 0.500s, real 0.194s)
f8 start (CPU 0) at 0.195s
f7 start (CPU 0) at 0.195s
f5 done (CPU 1, target 0.500s, real 0.224s)
f6 done (CPU 3, target 0.500s, real 0.078s)
f9 start (CPU 3) at 0.228s
f7 done (CPU 0, target 0.500s, real 0.077s)
f8 done (CPU 1, target 0.500s, real 0.105s)
f9 done (CPU 3, target 0.500s, real 0.078s)
c0 done (CPU 2, target 2.500s, real 0.378s)
c1 start (CPU 3) at 0.378s
c1 done (CPU 3, target 2.200s, real 0.307s)
c2 start (CPU 2) at 0.685s
c2 done (CPU 2, target 2.000s, real 0.280s)
c3 start (CPU 3) at 0.966s
c3 done (CPU 3, target 1.800s, real 0.261s)
c4 start (CPU 2) at 1.226s
c4 done (CPU 2, target 1.600s, real 0.221s)
Program total time: 1.448s
all threads done

[stderr]
PROGRAM_TOTAL_NS=1447872585

